replica_index,window_index,window_center_angstrom,frame_index,pair_distance_angstrom
0,0,3.4,0,4.47837718698
0,0,3.4,1,4.4629322323
0,0,3.4,2,4.44892970188
0,0,3.4,3,4.43749967034
0,0,3.4,4,4.42691656984
0,0,3.4,5,4.41763717017
0,0,3.4,6,4.41018890527
0,0,3.4,7,4.40288938181
0,0,3.4,8,4.396614094
0,0,3.4,9,4.38844697727
0,0,3.4,10,4.37468465254
0,0,3.4,11,4.35752243249
0,0,3.4,12,4.34291827041
0,0,3.4,13,4.32908443665
0,0,3.4,14,4.3146862224
0,0,3.4,15,4.29429522263
0,0,3.4,16,4.27043669784
0,0,3.4,17,4.23748267547
0,0,3.4,18,4.20329402588
0,0,3.4,19,4.17330835523
0,0,3.4,20,4.14382448178
0,0,3.4,21,4.1124416397
0,0,3.4,22,4.08184630643
0,0,3.4,23,4.04861955939
0,0,3.4,24,4.01564211486
0,0,3.4,25,3.98197842911
0,0,3.4,26,3.94680266395
0,0,3.4,27,3.91059802875
0,0,3.4,28,3.87915741608
0,0,3.4,29,3.84630572946
0,0,3.4,30,3.81392109235
0,0,3.4,31,3.7847822692
0,0,3.4,32,3.75159894813
0,0,3.4,33,3.7196355321
0,0,3.4,34,3.69362220333
0,0,3.4,35,3.66589258588
0,0,3.4,36,3.64107682659
0,0,3.4,37,3.61656798446
0,0,3.4,38,3.59074474044
0,0,3.4,39,3.5605766079
0,0,3.4,40,3.53289866818
0,0,3.4,41,3.50698029704
0,0,3.4,42,3.48632269261
0,0,3.4,43,3.46873625137
0,0,3.4,44,3.46136395335
0,0,3.4,45,3.45822811167
0,0,3.4,46,3.46026740842
0,0,3.4,47,3.47031186285
0,0,3.4,48,3.48314681554
0,0,3.4,49,3.49813588643
0,0,3.4,50,3.51237529331
0,0,3.4,51,3.52701887882
0,0,3.4,52,3.53789386522
0,0,3.4,53,3.55037013662
0,0,3.4,54,3.56468377683
0,0,3.4,55,3.58085194944
0,0,3.4,56,3.59702868154
0,0,3.4,57,3.6135725514
0,0,3.4,58,3.62503739698
0,0,3.4,59,3.64334897504
0,0,3.4,60,3.66241379014
0,0,3.4,61,3.68206461085
0,0,3.4,62,3.70306781045
0,0,3.4,63,3.72223608084
0,0,3.4,64,3.74096051276
0,0,3.4,65,3.76461981627
0,0,3.4,66,3.78983749963
0,0,3.4,67,3.81980066454
0,0,3.4,68,3.84502957358
0,0,3.4,69,3.87120239098
0,0,3.4,70,3.89131808014
0,0,3.4,71,3.90491860778
0,0,3.4,72,3.91462362293
0,0,3.4,73,3.92033291989
0,0,3.4,74,3.92313806371
0,0,3.4,75,3.92489804427
0,0,3.4,76,3.92833134122
0,0,3.4,77,3.93190564136
0,0,3.4,78,3.93751585547
0,0,3.4,79,3.94028190284
0,0,3.4,80,3.94704970698
0,0,3.4,81,3.95888055169
0,0,3.4,82,3.9715234313
0,0,3.4,83,3.98200838464
0,0,3.4,84,3.99282656821
0,0,3.4,85,4.00107011612
0,0,3.4,86,4.0054246675
0,0,3.4,87,4.0020961511
0,0,3.4,88,3.99621023608
0,0,3.4,89,3.99163063549
0,0,3.4,90,3.98465734373
0,0,3.4,91,3.97454101597
0,0,3.4,92,3.95907713557
0,0,3.4,93,3.93996308668
0,0,3.4,94,3.91900106677
0,0,3.4,95,3.89698883088
0,0,3.4,96,3.87083236208
0,0,3.4,97,3.84183079275
0,0,3.4,98,3.81691239211
0,0,3.4,99,3.79305806055
0,0,3.4,100,3.7674032922
0,0,3.4,101,3.74426526485
0,0,3.4,102,3.72524636584
0,0,3.4,103,3.70890599076
0,0,3.4,104,3.69504194567
0,0,3.4,105,3.68749639389
0,0,3.4,106,3.68145052564
0,0,3.4,107,3.68162487832
0,0,3.4,108,3.68362224626
0,0,3.4,109,3.68043765566
0,0,3.4,110,3.67179944304
0,0,3.4,111,3.6586399143
0,0,3.4,112,3.64827098282
0,0,3.4,113,3.64442125945
0,0,3.4,114,3.64675538933
0,0,3.4,115,3.65071610859
0,0,3.4,116,3.66110949521
0,0,3.4,117,3.67167342392
0,0,3.4,118,3.68185536494
0,0,3.4,119,3.69528499858
0,0,3.4,120,3.70403324067
0,0,3.4,121,3.71296488213
0,0,3.4,122,3.7221842692
0,0,3.4,123,3.73333256376
0,0,3.4,124,3.74290623305
0,0,3.4,125,3.75372066848
0,0,3.4,126,3.76524444289
0,0,3.4,127,3.77741627118
0,0,3.4,128,3.79260015536
0,0,3.4,129,3.80869665929
0,0,3.4,130,3.82384139778
0,0,3.4,131,3.83371136948
0,0,3.4,132,3.84340260806
0,0,3.4,133,3.85245883731
0,0,3.4,134,3.85835834417
0,0,3.4,135,3.861948884
0,0,3.4,136,3.86523549369
0,0,3.4,137,3.86627097023
0,0,3.4,138,3.86756951488
0,0,3.4,139,3.87164815981
0,0,3.4,140,3.87598238628
0,0,3.4,141,3.87987506692
0,0,3.4,142,3.88219088754
0,0,3.4,143,3.88378976722
0,0,3.4,144,3.8834109757
0,0,3.4,145,3.88537474725
0,0,3.4,146,3.88875216902
0,0,3.4,147,3.8921276878
0,0,3.4,148,3.88562138583
0,0,3.4,149,3.87529736709
0,0,3.4,150,3.86435447447
0,0,3.4,151,3.84951555577
0,0,3.4,152,3.83129500472
0,0,3.4,153,3.8060706877
0,0,3.4,154,3.77910450153
0,0,3.4,155,3.75165984324
0,0,3.4,156,3.72239219602
0,0,3.4,157,3.69603921298
0,0,3.4,158,3.66392450912
0,0,3.4,159,3.63361086265
0,0,3.4,160,3.60569052415
0,0,3.4,161,3.5728249898
0,0,3.4,162,3.53946347528
0,0,3.4,163,3.50946242958
0,0,3.4,164,3.4793388279
0,0,3.4,165,3.448130391
0,0,3.4,166,3.41735746661
0,0,3.4,167,3.38877443338
0,0,3.4,168,3.35944667911
0,0,3.4,169,3.33135375773
0,0,3.4,170,3.31015655009
0,0,3.4,171,3.29618095478
0,0,3.4,172,3.2917285647
0,0,3.4,173,3.29799369103
0,0,3.4,174,3.30959242881
0,0,3.4,175,3.32743014514
0,0,3.4,176,3.35024081222
0,0,3.4,177,3.37921546452
0,0,3.4,178,3.40970615696
0,0,3.4,179,3.44115012321
0,0,3.4,180,3.47289909144
0,0,3.4,181,3.50584230812
0,0,3.4,182,3.53617950733
0,0,3.4,183,3.56812098522
0,0,3.4,184,3.60462139795
0,0,3.4,185,3.65072229467
0,0,3.4,186,3.70343046565
0,0,3.4,187,3.76118550269
0,0,3.4,188,3.81803868664
0,0,3.4,189,3.8767574456
0,0,3.4,190,3.9339910579
0,0,3.4,191,3.98469509416
0,0,3.4,192,4.03672617303
0,0,3.4,193,4.08222727666
0,0,3.4,194,4.12957937812
0,0,3.4,195,4.17554249377
0,0,3.4,196,4.21567728609
0,0,3.4,197,4.25941880847
0,0,3.4,198,4.3033897878
0,0,3.4,199,4.34684254631
0,0,3.4,200,4.39228876404
0,0,3.4,201,4.43504762196
0,0,3.4,202,4.48103211618
0,0,3.4,203,4.5264261738
0,0,3.4,204,4.56421914052
0,0,3.4,205,4.60019968542
0,0,3.4,206,4.63080972148
0,0,3.4,207,4.66037315579
0,0,3.4,208,4.68551487588
0,0,3.4,209,4.70439407515
0,0,3.4,210,4.72024478385
0,0,3.4,211,4.73690724546
0,0,3.4,212,4.74849018619
0,0,3.4,213,4.76385543823
0,0,3.4,214,4.77765525239
0,0,3.4,215,4.78600353756
0,0,3.4,216,4.78893810266
0,0,3.4,217,4.78728212961
0,0,3.4,218,4.7839382472
0,0,3.4,219,4.77943529401
0,0,3.4,220,4.77796984523
0,0,3.4,221,4.77813544631
0,0,3.4,222,4.77762908356
0,0,3.4,223,4.78217991373
0,0,3.4,224,4.78804970566
0,0,3.4,225,4.79054361684
0,0,3.4,226,4.78546692664
0,0,3.4,227,4.77603385324
0,0,3.4,228,4.76939633138
0,0,3.4,229,4.76078207407
0,0,3.4,230,4.74777104924
0,0,3.4,231,4.73148115266
0,0,3.4,232,4.71692756871
0,0,3.4,233,4.70517661856
0,0,3.4,234,4.69926686383
0,0,3.4,235,4.70220637305
0,0,3.4,236,4.7093429572
0,0,3.4,237,4.7133632119
0,0,3.4,238,4.71292219761
0,0,3.4,239,4.71000399403
0,0,3.4,240,4.7124707884
0,0,3.4,241,4.71817172534
0,0,3.4,242,4.72236207744
0,0,3.4,243,4.7293421824
0,0,3.4,244,4.73412676875
0,0,3.4,245,4.73567301874
0,0,3.4,246,4.73019136712
0,0,3.4,247,4.72376114693
0,0,3.4,248,4.71899542353
0,0,3.4,249,4.71940819393
0,0,3.4,250,4.71663361866
0,0,3.4,251,4.71177706908
0,0,3.4,252,4.69797435304
0,0,3.4,253,4.68101071627
0,0,3.4,254,4.66107839678
0,0,3.4,255,4.64057385158
0,0,3.4,256,4.62238994306
0,0,3.4,257,4.60353198904
0,0,3.4,258,4.58634658958
0,0,3.4,259,4.56702435036
0,0,3.4,260,4.54226850298
0,0,3.4,261,4.51255524978
0,0,3.4,262,4.47688275437
0,0,3.4,263,4.43745131469
0,0,3.4,264,4.39673692549
0,0,3.4,265,4.35879005462
0,0,3.4,266,4.32141724017
0,0,3.4,267,4.28340859771
0,0,3.4,268,4.23910029513
0,0,3.4,269,4.19781429664
0,0,3.4,270,4.15677213753
0,0,3.4,271,4.12024389664
0,0,3.4,272,4.08333160336
0,0,3.4,273,4.04578376812
0,0,3.4,274,4.00666823413
0,0,3.4,275,3.97292258663
0,0,3.4,276,3.93903134543
0,0,3.4,277,3.89928919207
0,0,3.4,278,3.85714606283
0,0,3.4,279,3.81547686427
0,0,3.4,280,3.77597419866
0,0,3.4,281,3.73969185086
0,0,3.4,282,3.70664188589
0,0,3.4,283,3.67330631204
0,0,3.4,284,3.64543116671
0,0,3.4,285,3.62517516093
0,0,3.4,286,3.60938929989
0,0,3.4,287,3.593147732
0,0,3.4,288,3.57668279733
0,0,3.4,289,3.56840785305
0,0,3.4,290,3.56148896968
0,0,3.4,291,3.56163975145
0,0,3.4,292,3.57068738472
0,0,3.4,293,3.58740188652
0,0,3.4,294,3.61033223687
0,0,3.4,295,3.6306751722
0,0,3.4,296,3.65014286722
0,0,3.4,297,3.6727117143
0,0,3.4,298,3.69459746394
0,0,3.4,299,3.71561335712
0,0,3.4,300,3.73192854744
0,0,3.4,301,3.75022436886
0,0,3.4,302,3.77440536647
0,0,3.4,303,3.79653012112
0,0,3.4,304,3.81037568837
0,0,3.4,305,3.82240083351
0,0,3.4,306,3.82954773778
0,0,3.4,307,3.83186048131
0,0,3.4,308,3.84483757191
0,0,3.4,309,3.86212997099
0,0,3.4,310,3.88299248826
0,0,3.4,311,3.89824156075
0,0,3.4,312,3.91285049897
0,0,3.4,313,3.92656422236
0,0,3.4,314,3.93965901599
0,0,3.4,315,3.95059977079
0,0,3.4,316,3.9590387251
0,0,3.4,317,3.97038519505
0,0,3.4,318,3.97695856599
0,0,3.4,319,3.97640720054
0,0,3.4,320,3.96767843431
0,0,3.4,321,3.95123377226
0,0,3.4,322,3.93480214737
0,0,3.4,323,3.91311000003
0,0,3.4,324,3.88555986638
0,0,3.4,325,3.85642981436
0,0,3.4,326,3.82212291922
0,0,3.4,327,3.78351962256
0,0,3.4,328,3.74872792371
0,0,3.4,329,3.71992261532
0,0,3.4,330,3.69631694812
0,0,3.4,331,3.67608737529
0,0,3.4,332,3.65855345634
0,0,3.4,333,3.64392871423
0,0,3.4,334,3.63233772863
0,0,3.4,335,3.62141519854
0,0,3.4,336,3.61544147616
0,0,3.4,337,3.61501884368
0,0,3.4,338,3.61872115135
0,0,3.4,339,3.62333490819
0,0,3.4,340,3.63067720955
0,0,3.4,341,3.63805172255
0,0,3.4,342,3.6427256972
0,0,3.4,343,3.64999584494
0,0,3.4,344,3.65524313981
0,0,3.4,345,3.66233202873
0,0,3.4,346,3.67303532142
0,0,3.4,347,3.68451105626
0,0,3.4,348,3.69560599304
0,0,3.4,349,3.70409367885
0,0,3.4,350,3.71298537574
0,0,3.4,351,3.72899727427
0,0,3.4,352,3.7425268211
0,0,3.4,353,3.75423785493
0,0,3.4,354,3.76964390245
0,0,3.4,355,3.78226249678
0,0,3.4,356,3.79206403051
0,0,3.4,357,3.7987190146
0,0,3.4,358,3.80548589686
0,0,3.4,359,3.81037200519
0,0,3.4,360,3.81554123643
0,0,3.4,361,3.818884713
0,0,3.4,362,3.82382459275
0,0,3.4,363,3.8288125164
0,0,3.4,364,3.83682241258
0,0,3.4,365,3.841605103
0,0,3.4,366,3.85004400463
0,0,3.4,367,3.85727391883
0,0,3.4,368,3.86460167528
0,0,3.4,369,3.87230792766
0,0,3.4,370,3.88369631686
0,0,3.4,371,3.89402502873
0,0,3.4,372,3.90051298371
0,0,3.4,373,3.90522427626
0,0,3.4,374,3.90911523079
0,0,3.4,375,3.90833526959
0,0,3.4,376,3.90242730106
0,0,3.4,377,3.89673674313
0,0,3.4,378,3.88690686219
0,0,3.4,379,3.87703007903
0,0,3.4,380,3.86573433772
0,0,3.4,381,3.85121747058
0,0,3.4,382,3.83697151633
0,0,3.4,383,3.82636023461
0,0,3.4,384,3.82070600772
0,0,3.4,385,3.81367627947
0,0,3.4,386,3.80742012931
0,0,3.4,387,3.80512095404
0,0,3.4,388,3.80321375776
0,0,3.4,389,3.80493277401
0,0,3.4,390,3.80340041472
0,0,3.4,391,3.8036252883
0,0,3.4,392,3.79925952004
0,0,3.4,393,3.79197927191
0,0,3.4,394,3.78049384438
0,0,3.4,395,3.76716027764
0,0,3.4,396,3.75272175474
0,0,3.4,397,3.73917111456
0,0,3.4,398,3.73187907693
0,0,3.4,399,3.72670281054
0,0,3.4,400,3.71968287341
0,0,3.4,401,3.71323595596
0,0,3.4,402,3.70639150483
0,0,3.4,403,3.69768564778
0,0,3.4,404,3.68881842972
0,0,3.4,405,3.67743860943
0,0,3.4,406,3.66263479405
0,0,3.4,407,3.64703479212
0,0,3.4,408,3.63599283191
0,0,3.4,409,3.62632236102
0,0,3.4,410,3.61964200582
0,0,3.4,411,3.61737100431
0,0,3.4,412,3.61192428791
0,0,3.4,413,3.60780096533
0,0,3.4,414,3.60873039197
0,0,3.4,415,3.60876908333
0,0,3.4,416,3.6116072852
0,0,3.4,417,3.61201995634
0,0,3.4,418,3.61323528018
0,0,3.4,419,3.62119339252
0,0,3.4,420,3.63133273191
0,0,3.4,421,3.6383181102
0,0,3.4,422,3.64860723794
0,0,3.4,423,3.65432308307
0,0,3.4,424,3.65846320177
0,0,3.4,425,3.66585016156
0,0,3.4,426,3.6733240878
0,0,3.4,427,3.68130888568
0,0,3.4,428,3.69149574718
0,0,3.4,429,3.70219053086
0,0,3.4,430,3.71236791152
0,0,3.4,431,3.71781321448
0,0,3.4,432,3.72389051955
0,0,3.4,433,3.73280730635
0,0,3.4,434,3.73415143341
0,0,3.4,435,3.736194704
0,0,3.4,436,3.73568685219
0,0,3.4,437,3.72792571367
0,0,3.4,438,3.71910404878
0,0,3.4,439,3.70870403685
0,0,3.4,440,3.70578331204
0,0,3.4,441,3.70890133162
0,0,3.4,442,3.71903673895
0,0,3.4,443,3.72880980622
0,0,3.4,444,3.7437336482
0,0,3.4,445,3.75952213069
0,0,3.4,446,3.7735034857
0,0,3.4,447,3.78485294317
0,0,3.4,448,3.78961004784
0,0,3.4,449,3.78733587094
0,0,3.4,450,3.78555257311
0,0,3.4,451,3.77937541304
0,0,3.4,452,3.77015991968
0,0,3.4,453,3.76479527363
0,0,3.4,454,3.75965586994
0,0,3.4,455,3.75649103474
0,0,3.4,456,3.76013647046
0,0,3.4,457,3.7660055602
0,0,3.4,458,3.77269259772
0,0,3.4,459,3.78210202737
0,0,3.4,460,3.78788812466
0,0,3.4,461,3.78872360781
0,0,3.4,462,3.79031229019
0,0,3.4,463,3.78699059359
0,0,3.4,464,3.78074467241
0,0,3.4,465,3.77118137891
0,0,3.4,466,3.76137926194
0,0,3.4,467,3.7461289646
0,0,3.4,468,3.72921485045
0,0,3.4,469,3.71353235881
0,0,3.4,470,3.70078942369
0,0,3.4,471,3.68838523746
0,0,3.4,472,3.67156589647
0,0,3.4,473,3.65415205501
0,0,3.4,474,3.64111940701
0,0,3.4,475,3.62204471774
0,0,3.4,476,3.6042289884
0,0,3.4,477,3.5866415645
0,0,3.4,478,3.56860413455
0,0,3.4,479,3.55385363208
0,0,3.4,480,3.5408486555
0,0,3.4,481,3.52751210108
0,0,3.4,482,3.51744004769
0,0,3.4,483,3.50761331393
0,0,3.4,484,3.49631661294
0,0,3.4,485,3.48650512826
0,0,3.4,486,3.47856922515
0,0,3.4,487,3.46909755175
0,0,3.4,488,3.46019317085
0,0,3.4,489,3.45291797137
0,0,3.4,490,3.44179001924
0,0,3.4,491,3.43361720952
0,0,3.4,492,3.42476996069
0,0,3.4,493,3.41098162409
0,0,3.4,494,3.39419858077
0,0,3.4,495,3.38236175629
0,0,3.4,496,3.37628328023
0,0,3.4,497,3.37853557421
0,0,3.4,498,3.38418345412
0,0,3.4,499,3.39419646962
0,0,3.4,500,3.40859864836
0,0,3.4,501,3.42245311655
0,0,3.4,502,3.4388776293
0,0,3.4,503,3.45443520948
0,0,3.4,504,3.47022549691
0,0,3.4,505,3.48465288351
0,0,3.4,506,3.49839613942
0,0,3.4,507,3.51691162687
0,0,3.4,508,3.5355060066
0,0,3.4,509,3.55716123652
0,0,3.4,510,3.58330265431
0,0,3.4,511,3.61256499715
0,0,3.4,512,3.64339112603
0,0,3.4,513,3.67618459532
0,0,3.4,514,3.7111896881
0,0,3.4,515,3.74526607518
0,0,3.4,516,3.78413882956
0,0,3.4,517,3.8233146866
0,0,3.4,518,3.85692693812
0,0,3.4,519,3.89264268453
0,0,3.4,520,3.93184980625
0,0,3.4,521,3.96950536443
0,0,3.4,522,4.00206950703
0,0,3.4,523,4.03019686855
0,0,3.4,524,4.05036804079
0,0,3.4,525,4.07088137485
0,0,3.4,526,4.09375906775
0,0,3.4,527,4.11777120546
0,0,3.4,528,4.14145829265
0,0,3.4,529,4.16603887956
0,0,3.4,530,4.19596915622
0,0,3.4,531,4.22840112849
0,0,3.4,532,4.26391358427
0,0,3.4,533,4.29569337666
0,0,3.4,534,4.32755811363
0,0,3.4,535,4.36126991488
0,0,3.4,536,4.39410729996
0,0,3.4,537,4.42069692499
0,0,3.4,538,4.44170413144
0,0,3.4,539,4.4612697134
0,0,3.4,540,4.4765076556
0,0,3.4,541,4.48606688217
0,0,3.4,542,4.49810175266
0,0,3.4,543,4.51128536534
0,0,3.4,544,4.52402659384
0,0,3.4,545,4.53943069205
0,0,3.4,546,4.54978379055
0,0,3.4,547,4.55302234738
0,0,3.4,548,4.55581245705
0,0,3.4,549,4.5569148626
0,0,3.4,550,4.55842322316
0,0,3.4,551,4.55809045721
0,0,3.4,552,4.55558830907
0,0,3.4,553,4.55155902663
0,0,3.4,554,4.54388736435
0,0,3.4,555,4.5376555762
0,0,3.4,556,4.53112894223
0,0,3.4,557,4.52362447816
0,0,3.4,558,4.51524946798
0,0,3.4,559,4.50628024384
0,0,3.4,560,4.49721504357
0,0,3.4,561,4.48403538933
0,0,3.4,562,4.4692128953
0,0,3.4,563,4.44988517106
0,0,3.4,564,4.43550989697
0,0,3.4,565,4.42167734097
0,0,3.4,566,4.40911664644
0,0,3.4,567,4.39377057475
0,0,3.4,568,4.37892711353
0,0,3.4,569,4.36288877594
0,0,3.4,570,4.34268639041
0,0,3.4,571,4.32180959175
0,0,3.4,572,4.29935131125
0,0,3.4,573,4.27940539187
0,0,3.4,574,4.26347995832
0,0,3.4,575,4.24725114721
0,0,3.4,576,4.2314430761
0,0,3.4,577,4.21846729749
0,0,3.4,578,4.21032010608
0,0,3.4,579,4.20476579045
0,0,3.4,580,4.20073613568
0,0,3.4,581,4.1927147013
0,0,3.4,582,4.17699425249
0,0,3.4,583,4.16631433765
0,0,3.4,584,4.15374746067
0,0,3.4,585,4.12883319984
0,0,3.4,586,4.10015205628
0,0,3.4,587,4.0708266929
0,0,3.4,588,4.04458530048
0,0,3.4,589,4.01740477715
0,0,3.4,590,3.99071641532
0,0,3.4,591,3.9667340348
0,0,3.4,592,3.94594184339
0,0,3.4,593,3.93120136237
0,0,3.4,594,3.92229567734
0,0,3.4,595,3.92200282852
0,0,3.4,596,3.92007247281
0,0,3.4,597,3.91456973775
0,0,3.4,598,3.90952236841
0,0,3.4,599,3.90869711477
0,0,3.4,600,3.90578596539
0,0,3.4,601,3.90252772918
0,0,3.4,602,3.89608379255
0,0,3.4,603,3.88637337146
0,0,3.4,604,3.87694783079
0,0,3.4,605,3.87148765734
0,0,3.4,606,3.86780236648
0,0,3.4,607,3.86158519289
0,0,3.4,608,3.85564740298
0,0,3.4,609,3.84781923969
0,0,3.4,610,3.83739457826
0,0,3.4,611,3.82304689806
0,0,3.4,612,3.80436918414
0,0,3.4,613,3.78303976295
0,0,3.4,614,3.76541676654
0,0,3.4,615,3.75189260268
0,0,3.4,616,3.73308364778
0,0,3.4,617,3.71463552512
0,0,3.4,618,3.69465016833
0,0,3.4,619,3.67699152438
0,0,3.4,620,3.66196876366
0,0,3.4,621,3.64835641171
0,0,3.4,622,3.63772280844
0,0,3.4,623,3.63266143339
0,0,3.4,624,3.63015300399
0,0,3.4,625,3.62948232031
0,0,3.4,626,3.62810266141
0,0,3.4,627,3.62723869854
0,0,3.4,628,3.62388252741
0,0,3.4,629,3.62158690043
0,0,3.4,630,3.62171087795
0,0,3.4,631,3.61996343671
0,0,3.4,632,3.61964400405
0,0,3.4,633,3.6279268575
0,0,3.4,634,3.63685352028
0,0,3.4,635,3.64243167923
0,0,3.4,636,3.64656830302
0,0,3.4,637,3.65256135096
0,0,3.4,638,3.65976471867
0,0,3.4,639,3.66635207285
0,0,3.4,640,3.67869673484
0,0,3.4,641,3.69720364793
0,0,3.4,642,3.71805660331
0,0,3.4,643,3.73990230268
0,0,3.4,644,3.76076921674
0,0,3.4,645,3.78106606283
0,0,3.4,646,3.79856658971
0,0,3.4,647,3.81821609498
0,0,3.4,648,3.83609183988
0,0,3.4,649,3.85640068306
0,0,3.4,650,3.88016352991
0,0,3.4,651,3.90150958305
0,0,3.4,652,3.91804129016
0,0,3.4,653,3.93546007162
0,0,3.4,654,3.95750341681
0,0,3.4,655,3.98246916795
0,0,3.4,656,4.00638630232
0,0,3.4,657,4.03037060519
0,0,3.4,658,4.05410361572
0,0,3.4,659,4.0758830715
0,0,3.4,660,4.10132505196
0,0,3.4,661,4.12303894507
0,0,3.4,662,4.1392128387
0,0,3.4,663,4.15267266531
0,0,3.4,664,4.16282055188
0,0,3.4,665,4.16999442538
0,0,3.4,666,4.17690327184
0,0,3.4,667,4.18195319418
0,0,3.4,668,4.19292682258
0,0,3.4,669,4.21261373662
0,0,3.4,670,4.23267255311
0,0,3.4,671,4.25029894313
0,0,3.4,672,4.26437350582
0,0,3.4,673,4.27950598846
0,0,3.4,674,4.28821977825
0,0,3.4,675,4.29564706717
0,0,3.4,676,4.30379591964
0,0,3.4,677,4.31232009745
0,0,3.4,678,4.32070962991
0,0,3.4,679,4.33836484162
0,0,3.4,680,4.35637593395
0,0,3.4,681,4.3757984337
0,0,3.4,682,4.39323313825
0,0,3.4,683,4.40131581718
0,0,3.4,684,4.40528274976
0,0,3.4,685,4.41115667298
0,0,3.4,686,4.41879108113
0,0,3.4,687,4.42326589744
0,0,3.4,688,4.42864774173
0,0,3.4,689,4.43296960136
0,0,3.4,690,4.43238173609
0,0,3.4,691,4.43210298069
0,0,3.4,692,4.42966723263
0,0,3.4,693,4.4248113852
0,0,3.4,694,4.41806123229
0,0,3.4,695,4.41347271219
0,0,3.4,696,4.40051230504
0,0,3.4,697,4.38142326796
0,0,3.4,698,4.36441907101
0,0,3.4,699,4.34705763379
0,0,3.4,700,4.32909675418
0,0,3.4,701,4.30961074333
0,0,3.4,702,4.29046059725
0,0,3.4,703,4.27380601965
0,0,3.4,704,4.26368994709
0,0,3.4,705,4.24759025001
0,0,3.4,706,4.22851538634
0,0,3.4,707,4.20604595702
0,0,3.4,708,4.18661781995
0,0,3.4,709,4.17060294172
0,0,3.4,710,4.15535017945
0,0,3.4,711,4.14389035076
0,0,3.4,712,4.13403652211
0,0,3.4,713,4.12551463189
0,0,3.4,714,4.11504170351
0,0,3.4,715,4.10392943648
0,0,3.4,716,4.09395272591
0,0,3.4,717,4.08163857787
0,0,3.4,718,4.0674216424
0,0,3.4,719,4.05537967995
0,0,3.4,720,4.04418042995
0,0,3.4,721,4.02724832273
0,0,3.4,722,4.00937394469
0,0,3.4,723,3.99729312076
0,0,3.4,724,3.98505122635
0,0,3.4,725,3.98162749097
0,0,3.4,726,3.98589041361
0,0,3.4,727,3.9890479624
0,0,3.4,728,3.988560745
0,0,3.4,729,3.99215747741
0,0,3.4,730,3.99407805979
0,0,3.4,731,3.99997732996
0,0,3.4,732,4.00468457532
0,0,3.4,733,4.00742864915
0,0,3.4,734,4.01378824004
0,0,3.4,735,4.01830529679
0,0,3.4,736,4.02295815246
0,0,3.4,737,4.02455738945
0,0,3.4,738,4.02874816942
0,0,3.4,739,4.03457190778
0,0,3.4,740,4.040985265
0,0,3.4,741,4.04303369373
0,0,3.4,742,4.04559071273
0,0,3.4,743,4.04773327702
0,0,3.4,744,4.04515062803
0,0,3.4,745,4.03746876481
0,0,3.4,746,4.02039265968
0,0,3.4,747,4.00187699754
0,0,3.4,748,3.9824083188
0,0,3.4,749,3.96543345131
0,0,3.4,750,3.95211119428
0,0,3.4,751,3.93917155221
0,0,3.4,752,3.93167587158
0,0,3.4,753,3.91941189838
0,0,3.4,754,3.90002374945
0,0,3.4,755,3.88172521827
0,0,3.4,756,3.86034650522
0,0,3.4,757,3.83645001254
0,0,3.4,758,3.81394304012
0,0,3.4,759,3.79614994926
0,0,3.4,760,3.77781962049
0,0,3.4,761,3.76308089458
0,0,3.4,762,3.75006826757
0,0,3.4,763,3.73181767505
0,0,3.4,764,3.71123612162
0,0,3.4,765,3.68860843658
0,0,3.4,766,3.66363704245
0,0,3.4,767,3.6382966866
0,0,3.4,768,3.61265549029
0,0,3.4,769,3.58610346123
0,0,3.4,770,3.56123216145
0,0,3.4,771,3.54486107781
0,0,3.4,772,3.53247576331
0,0,3.4,773,3.52518669768
0,0,3.4,774,3.52336799741
0,0,3.4,775,3.52298155417
0,0,3.4,776,3.52553753825
0,0,3.4,777,3.52514916402
0,0,3.4,778,3.52477747228
0,0,3.4,779,3.52712680187
0,0,3.4,780,3.5317012431
0,0,3.4,781,3.53568959756
0,0,3.4,782,3.53911602699
0,0,3.4,783,3.55063105443
0,0,3.4,784,3.56372049364
0,0,3.4,785,3.57651164332
0,0,3.4,786,3.58819374113
0,0,3.4,787,3.60010601089
0,0,3.4,788,3.60942702261
0,0,3.4,789,3.61760036473
0,0,3.4,790,3.62531598337
0,0,3.4,791,3.63717462069
0,0,3.4,792,3.65087860643
0,0,3.4,793,3.6594742796
0,0,3.4,794,3.66750219004
0,0,3.4,795,3.68154217782
0,0,3.4,796,3.69852295428
0,0,3.4,797,3.72357299051
0,0,3.4,798,3.75037022556
0,0,3.4,799,3.77702274678
0,1,4.05,0,4.35194582039
0,1,4.05,1,4.35163792983
0,1,4.05,2,4.34695974382
0,1,4.05,3,4.33813576148
0,1,4.05,4,4.33095529533
0,1,4.05,5,4.32533780712
0,1,4.05,6,4.31895524597
0,1,4.05,7,4.3123061772
0,1,4.05,8,4.30457253968
0,1,4.05,9,4.30232424963
0,1,4.05,10,4.29961446798
0,1,4.05,11,4.2950480823
0,1,4.05,12,4.2929868532
0,1,4.05,13,4.2906390828
0,1,4.05,14,4.28617307343
0,1,4.05,15,4.27808542044
0,1,4.05,16,4.273073716
0,1,4.05,17,4.26708507214
0,1,4.05,18,4.25744547307
0,1,4.05,19,4.23915395222
0,1,4.05,20,4.21938467642
0,1,4.05,21,4.20236583148
0,1,4.05,22,4.18894012733
0,1,4.05,23,4.18012425289
0,1,4.05,24,4.1758395604
0,1,4.05,25,4.17489546513
0,1,4.05,26,4.17282611227
0,1,4.05,27,4.17286327161
0,1,4.05,28,4.17792682649
0,1,4.05,29,4.18095011014
0,1,4.05,30,4.18145168223
0,1,4.05,31,4.18692912887
0,1,4.05,32,4.19615205442
0,1,4.05,33,4.2027130547
0,1,4.05,34,4.20989312623
0,1,4.05,35,4.22044035832
0,1,4.05,36,4.22928728941
0,1,4.05,37,4.24193108388
0,1,4.05,38,4.25799741352
0,1,4.05,39,4.27283337323
0,1,4.05,40,4.28748181691
0,1,4.05,41,4.30159809563
0,1,4.05,42,4.31802761766
0,1,4.05,43,4.33414364219
0,1,4.05,44,4.35084383921
0,1,4.05,45,4.36812641986
0,1,4.05,46,4.38745053701
0,1,4.05,47,4.40404395588
0,1,4.05,48,4.42212272041
0,1,4.05,49,4.43940467275
0,1,4.05,50,4.46565894811
0,1,4.05,51,4.49580052067
0,1,4.05,52,4.52504154001
0,1,4.05,53,4.55773986912
0,1,4.05,54,4.57995093881
0,1,4.05,55,4.59958333699
0,1,4.05,56,4.61686480587
0,1,4.05,57,4.63602863937
0,1,4.05,58,4.65338731021
0,1,4.05,59,4.6688672777
0,1,4.05,60,4.68718719851
0,1,4.05,61,4.70550213866
0,1,4.05,62,4.72091237951
0,1,4.05,63,4.74030202559
0,1,4.05,64,4.75626066096
0,1,4.05,65,4.76501640952
0,1,4.05,66,4.77073977984
0,1,4.05,67,4.76643797268
0,1,4.05,68,4.76287857254
0,1,4.05,69,4.76143545495
0,1,4.05,70,4.75742011427
0,1,4.05,71,4.75275338732
0,1,4.05,72,4.74836876034
0,1,4.05,73,4.74100022689
0,1,4.05,74,4.73312482063
0,1,4.05,75,4.72363385065
0,1,4.05,76,4.71571549556
0,1,4.05,77,4.7035912885
0,1,4.05,78,4.68997403722
0,1,4.05,79,4.67433734176
0,1,4.05,80,4.65672212882
0,1,4.05,81,4.64304480121
0,1,4.05,82,4.63205076309
0,1,4.05,83,4.62212443361
0,1,4.05,84,4.62301057497
0,1,4.05,85,4.62781913755
0,1,4.05,86,4.64004304959
0,1,4.05,87,4.64863145697
0,1,4.05,88,4.65550320542
0,1,4.05,89,4.66360645051
0,1,4.05,90,4.67413212613
0,1,4.05,91,4.68459703718
0,1,4.05,92,4.6918891568
0,1,4.05,93,4.70393143294
0,1,4.05,94,4.72285293075
0,1,4.05,95,4.74284016452
0,1,4.05,96,4.75614714227
0,1,4.05,97,4.76957738968
0,1,4.05,98,4.78324663812
0,1,4.05,99,4.7915873298
0,1,4.05,100,4.79102685577
0,1,4.05,101,4.78909220999
0,1,4.05,102,4.79309419664
0,1,4.05,103,4.79555384099
0,1,4.05,104,4.79553970931
0,1,4.05,105,4.7930506755
0,1,4.05,106,4.78976634344
0,1,4.05,107,4.77993626972
0,1,4.05,108,4.76215037868
0,1,4.05,109,4.74183766804
0,1,4.05,110,4.71834555338
0,1,4.05,111,4.69050743366
0,1,4.05,112,4.65718025984
0,1,4.05,113,4.62292015767
0,1,4.05,114,4.58787568094
0,1,4.05,115,4.54764610003
0,1,4.05,116,4.50311066602
0,1,4.05,117,4.45950466827
0,1,4.05,118,4.41853427901
0,1,4.05,119,4.38204644584
0,1,4.05,120,4.34957423842
0,1,4.05,121,4.31899271289
0,1,4.05,122,4.29063479619
0,1,4.05,123,4.26578217711
0,1,4.05,124,4.2391238144
0,1,4.05,125,4.2158153955
0,1,4.05,126,4.19397257591
0,1,4.05,127,4.16925139581
0,1,4.05,128,4.14600477197
0,1,4.05,129,4.12870900106
0,1,4.05,130,4.11205353763
0,1,4.05,131,4.0924697361
0,1,4.05,132,4.07646364051
0,1,4.05,133,4.06389171255
0,1,4.05,134,4.05039098313
0,1,4.05,135,4.03189992114
0,1,4.05,136,4.01046300276
0,1,4.05,137,3.98750646247
0,1,4.05,138,3.96506530296
0,1,4.05,139,3.94225389659
0,1,4.05,140,3.9144648088
0,1,4.05,141,3.88659885383
0,1,4.05,142,3.85738569898
0,1,4.05,143,3.82672532848
0,1,4.05,144,3.79980742798
0,1,4.05,145,3.77145515544
0,1,4.05,146,3.74143812613
0,1,4.05,147,3.71036505734
0,1,4.05,148,3.67422680556
0,1,4.05,149,3.63529570389
0,1,4.05,150,3.59645713881
0,1,4.05,151,3.55639590828
0,1,4.05,152,3.52285781836
0,1,4.05,153,3.49719225158
0,1,4.05,154,3.47436801579
0,1,4.05,155,3.45314545609
0,1,4.05,156,3.43936396445
0,1,4.05,157,3.42958077986
0,1,4.05,158,3.42386615352
0,1,4.05,159,3.42670083559
0,1,4.05,160,3.43689706345
0,1,4.05,161,3.45000113988
0,1,4.05,162,3.46516817694
0,1,4.05,163,3.4787428066
0,1,4.05,164,3.49503573401
0,1,4.05,165,3.51761874937
0,1,4.05,166,3.53648434383
0,1,4.05,167,3.55329837215
0,1,4.05,168,3.56606281185
0,1,4.05,169,3.57760835937
0,1,4.05,170,3.5906556742
0,1,4.05,171,3.60636762085
0,1,4.05,172,3.62810711305
0,1,4.05,173,3.65191203606
0,1,4.05,174,3.67903416394
0,1,4.05,175,3.70343804704
0,1,4.05,176,3.72939472942
0,1,4.05,177,3.75771393012
0,1,4.05,178,3.78365211259
0,1,4.05,179,3.81067116185
0,1,4.05,180,3.83560889458
0,1,4.05,181,3.85719657208
0,1,4.05,182,3.88614265781
0,1,4.05,183,3.91307062045
0,1,4.05,184,3.93800365161
0,1,4.05,185,3.96297967205
0,1,4.05,186,3.98611320972
0,1,4.05,187,4.00665832868
0,1,4.05,188,4.02207272726
0,1,4.05,189,4.04175944174
0,1,4.05,190,4.05578786641
0,1,4.05,191,4.06492058473
0,1,4.05,192,4.07456149082
0,1,4.05,193,4.08473942864
0,1,4.05,194,4.09071467552
0,1,4.05,195,4.09383475679
0,1,4.05,196,4.10220541291
0,1,4.05,197,4.10849902914
0,1,4.05,198,4.11877997987
0,1,4.05,199,4.12753012912
0,1,4.05,200,4.1350086749
0,1,4.05,201,4.13817108062
0,1,4.05,202,4.1429403587
0,1,4.05,203,4.15293686597
0,1,4.05,204,4.16090279608
0,1,4.05,205,4.17034191522
0,1,4.05,206,4.1832696127
0,1,4.05,207,4.19749917976
0,1,4.05,208,4.21210778425
0,1,4.05,209,4.22348054023
0,1,4.05,210,4.23713381201
0,1,4.05,211,4.24678625939
0,1,4.05,212,4.25134865515
0,1,4.05,213,4.26115993823
0,1,4.05,214,4.271175785
0,1,4.05,215,4.28203992319
0,1,4.05,216,4.28518232284
0,1,4.05,217,4.28593054208
0,1,4.05,218,4.28509332527
0,1,4.05,219,4.28114811089
0,1,4.05,220,4.2733164568
0,1,4.05,221,4.26215512388
0,1,4.05,222,4.24961276899
0,1,4.05,223,4.2374582382
0,1,4.05,224,4.22853789558
0,1,4.05,225,4.21719700265
0,1,4.05,226,4.19895841893
0,1,4.05,227,4.18002093659
0,1,4.05,228,4.16016563613
0,1,4.05,229,4.14249562023
0,1,4.05,230,4.13074231198
0,1,4.05,231,4.11890242657
0,1,4.05,232,4.10366385076
0,1,4.05,233,4.09324100043
0,1,4.05,234,4.08151176053
0,1,4.05,235,4.06791866859
0,1,4.05,236,4.05477974674
0,1,4.05,237,4.04273300518
0,1,4.05,238,4.03524626768
0,1,4.05,239,4.02647826496
0,1,4.05,240,4.01630624699
0,1,4.05,241,4.00420949627
0,1,4.05,242,3.9853196017
0,1,4.05,243,3.96742520221
0,1,4.05,244,3.94836324846
0,1,4.05,245,3.92363753502
0,1,4.05,246,3.89614085937
0,1,4.05,247,3.8659256387
0,1,4.05,248,3.83167445512
0,1,4.05,249,3.79472002283
0,1,4.05,250,3.76004395913
0,1,4.05,251,3.72787573161
0,1,4.05,252,3.69792871643
0,1,4.05,253,3.67087267703
0,1,4.05,254,3.64458418252
0,1,4.05,255,3.62487203675
0,1,4.05,256,3.60752159142
0,1,4.05,257,3.5908014228
0,1,4.05,258,3.57638687107
0,1,4.05,259,3.56937680926
0,1,4.05,260,3.56629170847
0,1,4.05,261,3.56269077947
0,1,4.05,262,3.56102457231
0,1,4.05,263,3.56467276339
0,1,4.05,264,3.5691264091
0,1,4.05,265,3.57439558482
0,1,4.05,266,3.58801384773
0,1,4.05,267,3.60166527582
0,1,4.05,268,3.6160381347
0,1,4.05,269,3.63065430145
0,1,4.05,270,3.64378981158
0,1,4.05,271,3.65531491071
0,1,4.05,272,3.66760854088
0,1,4.05,273,3.67791183938
0,1,4.05,274,3.68693454237
0,1,4.05,275,3.69483164936
0,1,4.05,276,3.70121546055
0,1,4.05,277,3.70443699278
0,1,4.05,278,3.70604293413
0,1,4.05,279,3.70828170345
0,1,4.05,280,3.71107055726
0,1,4.05,281,3.71444355515
0,1,4.05,282,3.7182235288
0,1,4.05,283,3.72388783351
0,1,4.05,284,3.73053741405
0,1,4.05,285,3.74450147766
0,1,4.05,286,3.75972359046
0,1,4.05,287,3.7709762264
0,1,4.05,288,3.78544711382
0,1,4.05,289,3.79757309767
0,1,4.05,290,3.8101067625
0,1,4.05,291,3.82056379682
0,1,4.05,292,3.83396579242
0,1,4.05,293,3.84530827878
0,1,4.05,294,3.85386972506
0,1,4.05,295,3.86112130736
0,1,4.05,296,3.86736296599
0,1,4.05,297,3.87138609812
0,1,4.05,298,3.87740853003
0,1,4.05,299,3.88593698401
0,1,4.05,300,3.89788607434
0,1,4.05,301,3.91539608896
0,1,4.05,302,3.93964715118
0,1,4.05,303,3.96797097868
0,1,4.05,304,3.99630947657
0,1,4.05,305,4.02134279616
0,1,4.05,306,4.04679444781
0,1,4.05,307,4.07415304094
0,1,4.05,308,4.10261086299
0,1,4.05,309,4.13380285346
0,1,4.05,310,4.16433415969
0,1,4.05,311,4.19357653146
0,1,4.05,312,4.21923363035
0,1,4.05,313,4.24215902869
0,1,4.05,314,4.26671519219
0,1,4.05,315,4.29382061805
0,1,4.05,316,4.31930059067
0,1,4.05,317,4.34439674191
0,1,4.05,318,4.37205278621
0,1,4.05,319,4.39725204907
0,1,4.05,320,4.42008312215
0,1,4.05,321,4.43967650521
0,1,4.05,322,4.4558844773
0,1,4.05,323,4.46881976645
0,1,4.05,324,4.48252117126
0,1,4.05,325,4.49622083863
0,1,4.05,326,4.5083726877
0,1,4.05,327,4.51967358742
0,1,4.05,328,4.53000912426
0,1,4.05,329,4.54131776179
0,1,4.05,330,4.5437317717
0,1,4.05,331,4.53392760059
0,1,4.05,332,4.52370196701
0,1,4.05,333,4.51616492099
0,1,4.05,334,4.50751369406
0,1,4.05,335,4.49547301413
0,1,4.05,336,4.48203573189
0,1,4.05,337,4.47148152999
0,1,4.05,338,4.46074573151
0,1,4.05,339,4.44576848741
0,1,4.05,340,4.42915972537
0,1,4.05,341,4.41201349055
0,1,4.05,342,4.39315125592
0,1,4.05,343,4.37449567005
0,1,4.05,344,4.35332737023
0,1,4.05,345,4.33606728266
0,1,4.05,346,4.32893939307
0,1,4.05,347,4.32557154806
0,1,4.05,348,4.32329525515
0,1,4.05,349,4.32072286942
0,1,4.05,350,4.32181113784
0,1,4.05,351,4.32045793702
0,1,4.05,352,4.32118189317
0,1,4.05,353,4.3239061276
0,1,4.05,354,4.32724114686
0,1,4.05,355,4.33564452887
0,1,4.05,356,4.3425972194
0,1,4.05,357,4.35083865538
0,1,4.05,358,4.36169097526
0,1,4.05,359,4.37237187957
0,1,4.05,360,4.38447772369
0,1,4.05,361,4.39849359177
0,1,4.05,362,4.40706498936
0,1,4.05,363,4.41346786795
0,1,4.05,364,4.42002523994
0,1,4.05,365,4.42457750369
0,1,4.05,366,4.42539175173
0,1,4.05,367,4.42860894088
0,1,4.05,368,4.43444968037
0,1,4.05,369,4.4401865334
0,1,4.05,370,4.44917575004
0,1,4.05,371,4.46186594924
0,1,4.05,372,4.47224299682
0,1,4.05,373,4.47888569026
0,1,4.05,374,4.48823529831
0,1,4.05,375,4.49879181525
0,1,4.05,376,4.51102617765
0,1,4.05,377,4.52277896345
0,1,4.05,378,4.53544610819
0,1,4.05,379,4.54343904054
0,1,4.05,380,4.54596191196
0,1,4.05,381,4.53693852228
0,1,4.05,382,4.5297863476
0,1,4.05,383,4.52694980406
0,1,4.05,384,4.53022480293
0,1,4.05,385,4.52998875715
0,1,4.05,386,4.52880169555
0,1,4.05,387,4.53371481011
0,1,4.05,388,4.54051846933
0,1,4.05,389,4.54383809803
0,1,4.05,390,4.5374773079
0,1,4.05,391,4.52560748154
0,1,4.05,392,4.50859438539
0,1,4.05,393,4.49223709178
0,1,4.05,394,4.4810803951
0,1,4.05,395,4.47349732518
0,1,4.05,396,4.46564412933
0,1,4.05,397,4.45908012892
0,1,4.05,398,4.45257413635
0,1,4.05,399,4.4458227708
0,1,4.05,400,4.43786560275
0,1,4.05,401,4.43233605376
0,1,4.05,402,4.42724647919
0,1,4.05,403,4.42410170728
0,1,4.05,404,4.42272431387
0,1,4.05,405,4.41957671883
0,1,4.05,406,4.41492743298
0,1,4.05,407,4.40983907119
0,1,4.05,408,4.40392420714
0,1,4.05,409,4.40181614035
0,1,4.05,410,4.39903632544
0,1,4.05,411,4.39179403701
0,1,4.05,412,4.38529736689
0,1,4.05,413,4.38243914665
0,1,4.05,414,4.38848709765
0,1,4.05,415,4.39460978786
0,1,4.05,416,4.39964220948
0,1,4.05,417,4.40339200545
0,1,4.05,418,4.40928847061
0,1,4.05,419,4.41220205635
0,1,4.05,420,4.41844993451
0,1,4.05,421,4.42239807107
0,1,4.05,422,4.42634919066
0,1,4.05,423,4.4269889385
0,1,4.05,424,4.42842989592
0,1,4.05,425,4.42843101155
0,1,4.05,426,4.42756205738
0,1,4.05,427,4.4281447565
0,1,4.05,428,4.43250819792
0,1,4.05,429,4.43691253041
0,1,4.05,430,4.44576137816
0,1,4.05,431,4.45213258688
0,1,4.05,432,4.45624011673
0,1,4.05,433,4.45341158936
0,1,4.05,434,4.44303422921
0,1,4.05,435,4.42911807926
0,1,4.05,436,4.41426957619
0,1,4.05,437,4.3970400462
0,1,4.05,438,4.38376190598
0,1,4.05,439,4.3705180563
0,1,4.05,440,4.35912741095
0,1,4.05,441,4.34643574317
0,1,4.05,442,4.3322682114
0,1,4.05,443,4.32086826908
0,1,4.05,444,4.31409903231
0,1,4.05,445,4.30671963642
0,1,4.05,446,4.30125557376
0,1,4.05,447,4.30012304913
0,1,4.05,448,4.30169385532
0,1,4.05,449,4.30090947782
0,1,4.05,450,4.30432169775
0,1,4.05,451,4.30888689645
0,1,4.05,452,4.31965949577
0,1,4.05,453,4.32776051144
0,1,4.05,454,4.3318657778
0,1,4.05,455,4.33264192546
0,1,4.05,456,4.33051403765
0,1,4.05,457,4.32961536984
0,1,4.05,458,4.32710957683
0,1,4.05,459,4.31762600681
0,1,4.05,460,4.30259684905
0,1,4.05,461,4.28451175132
0,1,4.05,462,4.26783378161
0,1,4.05,463,4.26078050699
0,1,4.05,464,4.25538240458
0,1,4.05,465,4.25024547714
0,1,4.05,466,4.2395374165
0,1,4.05,467,4.22963960814
0,1,4.05,468,4.21670559412
0,1,4.05,469,4.20934427544
0,1,4.05,470,4.2085938012
0,1,4.05,471,4.20651277664
0,1,4.05,472,4.20846669865
0,1,4.05,473,4.20313790724
0,1,4.05,474,4.19295018289
0,1,4.05,475,4.18232763513
0,1,4.05,476,4.17021557905
0,1,4.05,477,4.15090055152
0,1,4.05,478,4.12762056003
0,1,4.05,479,4.10356470309
0,1,4.05,480,4.08261829008
0,1,4.05,481,4.06076522755
0,1,4.05,482,4.03537205999
0,1,4.05,483,4.00867176233
0,1,4.05,484,3.98141235551
0,1,4.05,485,3.95499016598
0,1,4.05,486,3.93138947187
0,1,4.05,487,3.90913989628
0,1,4.05,488,3.88826460016
0,1,4.05,489,3.86700636913
0,1,4.05,490,3.84823939371
0,1,4.05,491,3.83405372511
0,1,4.05,492,3.8228858727
0,1,4.05,493,3.81281465831
0,1,4.05,494,3.80882112725
0,1,4.05,495,3.81158983515
0,1,4.05,496,3.8164235402
0,1,4.05,497,3.82291674026
0,1,4.05,498,3.83055162022
0,1,4.05,499,3.83592488972
0,1,4.05,500,3.84380764538
0,1,4.05,501,3.8472316353
0,1,4.05,502,3.8481581081
0,1,4.05,503,3.84574530602
0,1,4.05,504,3.84465793053
0,1,4.05,505,3.83948069996
0,1,4.05,506,3.83839927909
0,1,4.05,507,3.83560438639
0,1,4.05,508,3.83051010602
0,1,4.05,509,3.8269262155
0,1,4.05,510,3.82273741179
0,1,4.05,511,3.81664485014
0,1,4.05,512,3.81054728276
0,1,4.05,513,3.80163590445
0,1,4.05,514,3.79697972095
0,1,4.05,515,3.79423035308
0,1,4.05,516,3.79084380493
0,1,4.05,517,3.78894192232
0,1,4.05,518,3.78164849839
0,1,4.05,519,3.76981727619
0,1,4.05,520,3.75860719294
0,1,4.05,521,3.74976128684
0,1,4.05,522,3.74434295458
0,1,4.05,523,3.73943144817
0,1,4.05,524,3.73624844405
0,1,4.05,525,3.73382285354
0,1,4.05,526,3.73275342866
0,1,4.05,527,3.732829251
0,1,4.05,528,3.73618690167
0,1,4.05,529,3.73837083364
0,1,4.05,530,3.74003211721
0,1,4.05,531,3.74101811767
0,1,4.05,532,3.74731701323
0,1,4.05,533,3.75577889094
0,1,4.05,534,3.76466109296
0,1,4.05,535,3.77185866686
0,1,4.05,536,3.77613275795
0,1,4.05,537,3.78504631712
0,1,4.05,538,3.79668463289
0,1,4.05,539,3.81215867625
0,1,4.05,540,3.82387943739
0,1,4.05,541,3.83711930249
0,1,4.05,542,3.84893362034
0,1,4.05,543,3.8565829886
0,1,4.05,544,3.86743591673
0,1,4.05,545,3.88336226251
0,1,4.05,546,3.90407174394
0,1,4.05,547,3.92198249097
0,1,4.05,548,3.93621655723
0,1,4.05,549,3.94743979924
0,1,4.05,550,3.96053906535
0,1,4.05,551,3.97254240909
0,1,4.05,552,3.98491406213
0,1,4.05,553,3.99900617347
0,1,4.05,554,4.01706805248
0,1,4.05,555,4.03445241332
0,1,4.05,556,4.05425337866
0,1,4.05,557,4.07001071832
0,1,4.05,558,4.08523423378
0,1,4.05,559,4.10170877849
0,1,4.05,560,4.11568385556
0,1,4.05,561,4.12511589242
0,1,4.05,562,4.13972935958
0,1,4.05,563,4.15099055931
0,1,4.05,564,4.16597748629
0,1,4.05,565,4.18397623662
0,1,4.05,566,4.20497913002
0,1,4.05,567,4.2268461288
0,1,4.05,568,4.2518071521
0,1,4.05,569,4.27821776613
0,1,4.05,570,4.30441147823
0,1,4.05,571,4.33110949908
0,1,4.05,572,4.35686747003
0,1,4.05,573,4.3835543735
0,1,4.05,574,4.40802575495
0,1,4.05,575,4.43452185428
0,1,4.05,576,4.46076103986
0,1,4.05,577,4.48038965133
0,1,4.05,578,4.49540046612
0,1,4.05,579,4.50669899437
0,1,4.05,580,4.51783435201
0,1,4.05,581,4.5313736144
0,1,4.05,582,4.54318110712
0,1,4.05,583,4.55497396306
0,1,4.05,584,4.56796040196
0,1,4.05,585,4.581780253
0,1,4.05,586,4.59380371641
0,1,4.05,587,4.59882376575
0,1,4.05,588,4.59934309792
0,1,4.05,589,4.60033419743
0,1,4.05,590,4.60572478564
0,1,4.05,591,4.60445755766
0,1,4.05,592,4.6011939344
0,1,4.05,593,4.60139691128
0,1,4.05,594,4.59821274846
0,1,4.05,595,4.59375777213
0,1,4.05,596,4.58817300897
0,1,4.05,597,4.58033419008
0,1,4.05,598,4.57402918314
0,1,4.05,599,4.56476372206
0,1,4.05,600,4.55706704293
0,1,4.05,601,4.55188815833
0,1,4.05,602,4.54736536005
0,1,4.05,603,4.54091444246
0,1,4.05,604,4.5319160294
0,1,4.05,605,4.52517637486
0,1,4.05,606,4.52200005607
0,1,4.05,607,4.51645713381
0,1,4.05,608,4.5086173919
0,1,4.05,609,4.50082538472
0,1,4.05,610,4.48944260015
0,1,4.05,611,4.47531925606
0,1,4.05,612,4.45722449809
0,1,4.05,613,4.43432120962
0,1,4.05,614,4.41040619021
0,1,4.05,615,4.38948219793
0,1,4.05,616,4.37116432819
0,1,4.05,617,4.35404745841
0,1,4.05,618,4.3435890611
0,1,4.05,619,4.33614378384
0,1,4.05,620,4.32877263848
0,1,4.05,621,4.31826247559
0,1,4.05,622,4.3069974641
0,1,4.05,623,4.29487029145
0,1,4.05,624,4.28165871806
0,1,4.05,625,4.26966261769
0,1,4.05,626,4.25461940388
0,1,4.05,627,4.23727088597
0,1,4.05,628,4.21631202774
0,1,4.05,629,4.18883836355
0,1,4.05,630,4.1659827208
0,1,4.05,631,4.14346539448
0,1,4.05,632,4.12035941836
0,1,4.05,633,4.09749305132
0,1,4.05,634,4.07362493517
0,1,4.05,635,4.04578072218
0,1,4.05,636,4.01801651965
0,1,4.05,637,3.98835309576
0,1,4.05,638,3.95140696647
0,1,4.05,639,3.91132561558
0,1,4.05,640,3.87419580291
0,1,4.05,641,3.8433372675
0,1,4.05,642,3.81406614408
0,1,4.05,643,3.78902416175
0,1,4.05,644,3.76873462391
0,1,4.05,645,3.75368883041
0,1,4.05,646,3.73644910596
0,1,4.05,647,3.71559241529
0,1,4.05,648,3.69393952755
0,1,4.05,649,3.67285424035
0,1,4.05,650,3.65901783208
0,1,4.05,651,3.65312670458
0,1,4.05,652,3.64716890995
0,1,4.05,653,3.64463708199
0,1,4.05,654,3.64494093289
0,1,4.05,655,3.64489923295
0,1,4.05,656,3.64337159348
0,1,4.05,657,3.64491213902
0,1,4.05,658,3.64772498181
0,1,4.05,659,3.65120670376
0,1,4.05,660,3.66017356648
0,1,4.05,661,3.6672212777
0,1,4.05,662,3.67300357581
0,1,4.05,663,3.67852426686
0,1,4.05,664,3.68290651797
0,1,4.05,665,3.68835798202
0,1,4.05,666,3.69484582128
0,1,4.05,667,3.70275045147
0,1,4.05,668,3.71142317552
0,1,4.05,669,3.72083047513
0,1,4.05,670,3.73353004098
0,1,4.05,671,3.7567251961
0,1,4.05,672,3.78080902585
0,1,4.05,673,3.80162264399
0,1,4.05,674,3.82565099474
0,1,4.05,675,3.85513018965
0,1,4.05,676,3.88646443624
0,1,4.05,677,3.91756239202
0,1,4.05,678,3.95004285811
0,1,4.05,679,3.98074758786
0,1,4.05,680,4.00794722115
0,1,4.05,681,4.03719922396
0,1,4.05,682,4.06819946578
0,1,4.05,683,4.0961199855
0,1,4.05,684,4.11999605875
0,1,4.05,685,4.14298319764
0,1,4.05,686,4.16911082598
0,1,4.05,687,4.19373212624
0,1,4.05,688,4.21186658446
0,1,4.05,689,4.22969390461
0,1,4.05,690,4.24910526426
0,1,4.05,691,4.27165817527
0,1,4.05,692,4.29719655909
0,1,4.05,693,4.32542859339
0,1,4.05,694,4.35900369951
0,1,4.05,695,4.38409928649
0,1,4.05,696,4.40444511828
0,1,4.05,697,4.417629899
0,1,4.05,698,4.42783805447
0,1,4.05,699,4.43447779068
0,1,4.05,700,4.44381045356
0,1,4.05,701,4.45273889712
0,1,4.05,702,4.46456490316
0,1,4.05,703,4.47501192687
0,1,4.05,704,4.47800862922
0,1,4.05,705,4.48028520667
0,1,4.05,706,4.47931710822
0,1,4.05,707,4.48110477917
0,1,4.05,708,4.48061618433
0,1,4.05,709,4.4829449565
0,1,4.05,710,4.48941082185
0,1,4.05,711,4.50260785205
0,1,4.05,712,4.51415383417
0,1,4.05,713,4.52617373702
0,1,4.05,714,4.53773931716
0,1,4.05,715,4.54593225685
0,1,4.05,716,4.55261793401
0,1,4.05,717,4.56400551731
0,1,4.05,718,4.57618676798
0,1,4.05,719,4.59038414515
0,1,4.05,720,4.60623779973
0,1,4.05,721,4.6237992069
0,1,4.05,722,4.63394879822
0,1,4.05,723,4.64206447058
0,1,4.05,724,4.65149457842
0,1,4.05,725,4.66793967878
0,1,4.05,726,4.68528501793
0,1,4.05,727,4.70313988543
0,1,4.05,728,4.72744419179
0,1,4.05,729,4.74844950066
0,1,4.05,730,4.76870775347
0,1,4.05,731,4.78608401921
0,1,4.05,732,4.80224399979
0,1,4.05,733,4.81158447225
0,1,4.05,734,4.82561905204
0,1,4.05,735,4.84453353434
0,1,4.05,736,4.86706160724
0,1,4.05,737,4.89304643854
0,1,4.05,738,4.92026399999
0,1,4.05,739,4.94547883732
0,1,4.05,740,4.97028687686
0,1,4.05,741,4.98935949139
0,1,4.05,742,5.00788100661
0,1,4.05,743,5.02316431786
0,1,4.05,744,5.0383023028
0,1,4.05,745,5.05115464176
0,1,4.05,746,5.05665087772
0,1,4.05,747,5.05713208735
0,1,4.05,748,5.06092270622
0,1,4.05,749,5.06294481516
0,1,4.05,750,5.06730618667
0,1,4.05,751,5.07156014303
0,1,4.05,752,5.07124512886
0,1,4.05,753,5.07491419034
0,1,4.05,754,5.08546395885
0,1,4.05,755,5.09917276414
0,1,4.05,756,5.11058891385
0,1,4.05,757,5.11680882213
0,1,4.05,758,5.11762776673
0,1,4.05,759,5.11760158658
0,1,4.05,760,5.11417704256
0,1,4.05,761,5.11523146685
0,1,4.05,762,5.11831158369
0,1,4.05,763,5.12589016836
0,1,4.05,764,5.13285398971
0,1,4.05,765,5.13556477989
0,1,4.05,766,5.14376305178
0,1,4.05,767,5.15470028666
0,1,4.05,768,5.16263180463
0,1,4.05,769,5.17060846936
0,1,4.05,770,5.18407293514
0,1,4.05,771,5.20044340918
0,1,4.05,772,5.21716209091
0,1,4.05,773,5.22974429456
0,1,4.05,774,5.24172562006
0,1,4.05,775,5.25589947533
0,1,4.05,776,5.26561067338
0,1,4.05,777,5.2762420059
0,1,4.05,778,5.28601162183
0,1,4.05,779,5.29585137277
0,1,4.05,780,5.30553857108
0,1,4.05,781,5.31793694506
0,1,4.05,782,5.32733580667
0,1,4.05,783,5.34112620023
0,1,4.05,784,5.35909476991
0,1,4.05,785,5.37171038002
0,1,4.05,786,5.38010956435
0,1,4.05,787,5.38815227338
0,1,4.05,788,5.39673813206
0,1,4.05,789,5.40787681207
0,1,4.05,790,5.41814776697
0,1,4.05,791,5.42561009175
0,1,4.05,792,5.43522447966
0,1,4.05,793,5.43988352388
0,1,4.05,794,5.44188413139
0,1,4.05,795,5.44721130521
0,1,4.05,796,5.45197404505
0,1,4.05,797,5.45928736362
0,1,4.05,798,5.47195859142
0,1,4.05,799,5.48566704776
0,2,4.7,0,4.77997662201
0,2,4.7,1,4.76739110246
0,2,4.7,2,4.75224698447
0,2,4.7,3,4.7347898704
0,2,4.7,4,4.72394032087
0,2,4.7,5,4.71221226622
0,2,4.7,6,4.69703005657
0,2,4.7,7,4.68127524566
0,2,4.7,8,4.67093869681
0,2,4.7,9,4.66796390077
0,2,4.7,10,4.6625620959
0,2,4.7,11,4.65431088777
0,2,4.7,12,4.64574293914
0,2,4.7,13,4.63660674782
0,2,4.7,14,4.62483172328
0,2,4.7,15,4.61562496888
0,2,4.7,16,4.604114882
0,2,4.7,17,4.58705514273
0,2,4.7,18,4.57144641312
0,2,4.7,19,4.55610797112
0,2,4.7,20,4.54038027051
0,2,4.7,21,4.5303281598
0,2,4.7,22,4.52255107442
0,2,4.7,23,4.51744854733
0,2,4.7,24,4.5112210084
0,2,4.7,25,4.50171297871
0,2,4.7,26,4.49109413003
0,2,4.7,27,4.47970779742
0,2,4.7,28,4.4603011361
0,2,4.7,29,4.43478708886
0,2,4.7,30,4.40855187668
0,2,4.7,31,4.38608563419
0,2,4.7,32,4.36667286518
0,2,4.7,33,4.35106216612
0,2,4.7,34,4.33991840361
0,2,4.7,35,4.3212466438
0,2,4.7,36,4.3021690238
0,2,4.7,37,4.28103056814
0,2,4.7,38,4.25952124149
0,2,4.7,39,4.23936167774
0,2,4.7,40,4.22134442537
0,2,4.7,41,4.19813906351
0,2,4.7,42,4.16961559968
0,2,4.7,43,4.14359616468
0,2,4.7,44,4.11726691885
0,2,4.7,45,4.09124157286
0,2,4.7,46,4.07010021574
0,2,4.7,47,4.05456450593
0,2,4.7,48,4.04021764975
0,2,4.7,49,4.02120688411
0,2,4.7,50,4.00236920598
0,2,4.7,51,3.98936564566
0,2,4.7,52,3.98184030067
0,2,4.7,53,3.97901528477
0,2,4.7,54,3.97503379993
0,2,4.7,55,3.96488893122
0,2,4.7,56,3.95903791893
0,2,4.7,57,3.95649377792
0,2,4.7,58,3.95773434179
0,2,4.7,59,3.96161345212
0,2,4.7,60,3.97020598326
0,2,4.7,61,3.98167589933
0,2,4.7,62,3.99383171325
0,2,4.7,63,4.00303705056
0,2,4.7,64,4.01504342437
0,2,4.7,65,4.02851284849
0,2,4.7,66,4.04378077758
0,2,4.7,67,4.06363773723
0,2,4.7,68,4.08528644975
0,2,4.7,69,4.10661669392
0,2,4.7,70,4.12780764451
0,2,4.7,71,4.15300731326
0,2,4.7,72,4.17966811859
0,2,4.7,73,4.20644872952
0,2,4.7,74,4.23327216004
0,2,4.7,75,4.26054106905
0,2,4.7,76,4.28297794292
0,2,4.7,77,4.301521797
0,2,4.7,78,4.31574193856
0,2,4.7,79,4.33004771766
0,2,4.7,80,4.34983104592
0,2,4.7,81,4.37034191964
0,2,4.7,82,4.38785380026
0,2,4.7,83,4.40402044952
0,2,4.7,84,4.4234878343
0,2,4.7,85,4.44487325243
0,2,4.7,86,4.46664347703
0,2,4.7,87,4.49479501778
0,2,4.7,88,4.52362353963
0,2,4.7,89,4.55100297528
0,2,4.7,90,4.57896875504
0,2,4.7,91,4.60842672361
0,2,4.7,92,4.63936008134
0,2,4.7,93,4.67133289201
0,2,4.7,94,4.70340059247
0,2,4.7,95,4.73501824464
0,2,4.7,96,4.76673805717
0,2,4.7,97,4.80053646624
0,2,4.7,98,4.83561497233
0,2,4.7,99,4.86655873273
0,2,4.7,100,4.89042260675
0,2,4.7,101,4.90935750816
0,2,4.7,102,4.9291745317
0,2,4.7,103,4.94981160777
0,2,4.7,104,4.96869790336
0,2,4.7,105,4.98164171294
0,2,4.7,106,4.99596796706
0,2,4.7,107,5.01471388407
0,2,4.7,108,5.03552523785
0,2,4.7,109,5.05718123261
0,2,4.7,110,5.07513583618
0,2,4.7,111,5.0874145363
0,2,4.7,112,5.09099077469
0,2,4.7,113,5.09680840879
0,2,4.7,114,5.10552320698
0,2,4.7,115,5.11648660112
0,2,4.7,116,5.12740514818
0,2,4.7,117,5.13904257968
0,2,4.7,118,5.15438403418
0,2,4.7,119,5.17233863684
0,2,4.7,120,5.18781918675
0,2,4.7,121,5.20201407587
0,2,4.7,122,5.21346805929
0,2,4.7,123,5.2270971742
0,2,4.7,124,5.23811155069
0,2,4.7,125,5.2489534387
0,2,4.7,126,5.26312540769
0,2,4.7,127,5.27292204766
0,2,4.7,128,5.28006173058
0,2,4.7,129,5.28038395232
0,2,4.7,130,5.27658826151
0,2,4.7,131,5.2723442435
0,2,4.7,132,5.2690540041
0,2,4.7,133,5.26368844382
0,2,4.7,134,5.26015746706
0,2,4.7,135,5.25846015542
0,2,4.7,136,5.26175228992
0,2,4.7,137,5.26697381972
0,2,4.7,138,5.27417767818
0,2,4.7,139,5.28131119331
0,2,4.7,140,5.29014671685
0,2,4.7,141,5.29873603906
0,2,4.7,142,5.30345472819
0,2,4.7,143,5.30574679233
0,2,4.7,144,5.3088342057
0,2,4.7,145,5.31119869801
0,2,4.7,146,5.31233181858
0,2,4.7,147,5.31293106283
0,2,4.7,148,5.30833280941
0,2,4.7,149,5.30233931222
0,2,4.7,150,5.29735379581
0,2,4.7,151,5.29433219113
0,2,4.7,152,5.29018867493
0,2,4.7,153,5.28851221014
0,2,4.7,154,5.28041447071
0,2,4.7,155,5.27191774429
0,2,4.7,156,5.26087653549
0,2,4.7,157,5.25259897354
0,2,4.7,158,5.243832488
0,2,4.7,159,5.23699145507
0,2,4.7,160,5.23231671403
0,2,4.7,161,5.22443146729
0,2,4.7,162,5.21844266614
0,2,4.7,163,5.20776598923
0,2,4.7,164,5.19310810205
0,2,4.7,165,5.17866583732
0,2,4.7,166,5.16061357411
0,2,4.7,167,5.13880797505
0,2,4.7,168,5.12176591006
0,2,4.7,169,5.10875498647
0,2,4.7,170,5.09508274796
0,2,4.7,171,5.08364676771
0,2,4.7,172,5.07554732467
0,2,4.7,173,5.06797244051
0,2,4.7,174,5.06046250383
0,2,4.7,175,5.05350634577
0,2,4.7,176,5.04879068676
0,2,4.7,177,5.0397614992
0,2,4.7,178,5.03229433202
0,2,4.7,179,5.02533207634
0,2,4.7,180,5.01352205593
0,2,4.7,181,4.99930637199
0,2,4.7,182,4.98324760381
0,2,4.7,183,4.96863840738
0,2,4.7,184,4.94853019358
0,2,4.7,185,4.92763479967
0,2,4.7,186,4.90715477161
0,2,4.7,187,4.88413231564
0,2,4.7,188,4.86255952049
0,2,4.7,189,4.84575696659
0,2,4.7,190,4.82893292662
0,2,4.7,191,4.8079622095
0,2,4.7,192,4.78374151728
0,2,4.7,193,4.76224996906
0,2,4.7,194,4.74334680237
0,2,4.7,195,4.73114677681
0,2,4.7,196,4.72062182156
0,2,4.7,197,4.70973065737
0,2,4.7,198,4.69834394658
0,2,4.7,199,4.68574750443
0,2,4.7,200,4.67506414968
0,2,4.7,201,4.66859861499
0,2,4.7,202,4.66538013166
0,2,4.7,203,4.6629984193
0,2,4.7,204,4.66272460138
0,2,4.7,205,4.66627046056
0,2,4.7,206,4.67293575138
0,2,4.7,207,4.67963936264
0,2,4.7,208,4.6843740079
0,2,4.7,209,4.68915804546
0,2,4.7,210,4.69873083088
0,2,4.7,211,4.70572739726
0,2,4.7,212,4.71209685379
0,2,4.7,213,4.72002737162
0,2,4.7,214,4.73126424369
0,2,4.7,215,4.74349341509
0,2,4.7,216,4.75254973791
0,2,4.7,217,4.76535433728
0,2,4.7,218,4.77719235149
0,2,4.7,219,4.78992787812
0,2,4.7,220,4.79822496003
0,2,4.7,221,4.80304587182
0,2,4.7,222,4.80598091868
0,2,4.7,223,4.80686084242
0,2,4.7,224,4.80920922365
0,2,4.7,225,4.81543789842
0,2,4.7,226,4.82741596068
0,2,4.7,227,4.84162167397
0,2,4.7,228,4.85632454259
0,2,4.7,229,4.86222563716
0,2,4.7,230,4.86709158422
0,2,4.7,231,4.87648916488
0,2,4.7,232,4.88485047752
0,2,4.7,233,4.89859538107
0,2,4.7,234,4.9147874122
0,2,4.7,235,4.93415156741
0,2,4.7,236,4.95187637834
0,2,4.7,237,4.97215135067
0,2,4.7,238,4.98910198164
0,2,4.7,239,5.00652519409
0,2,4.7,240,5.02303982937
0,2,4.7,241,5.04186873618
0,2,4.7,242,5.05911918356
0,2,4.7,243,5.07527174049
0,2,4.7,244,5.08709015955
0,2,4.7,245,5.10212006221
0,2,4.7,246,5.1207774602
0,2,4.7,247,5.14616790038
0,2,4.7,248,5.16827112391
0,2,4.7,249,5.19067316681
0,2,4.7,250,5.21354877008
0,2,4.7,251,5.23884374789
0,2,4.7,252,5.26502224829
0,2,4.7,253,5.28847724097
0,2,4.7,254,5.31309871975
0,2,4.7,255,5.33609952385
0,2,4.7,256,5.35863674839
0,2,4.7,257,5.3832756461
0,2,4.7,258,5.40767052472
0,2,4.7,259,5.43082341921
0,2,4.7,260,5.45187167854
0,2,4.7,261,5.47256227506
0,2,4.7,262,5.49076657926
0,2,4.7,263,5.50943770067
0,2,4.7,264,5.52497576104
0,2,4.7,265,5.53683547095
0,2,4.7,266,5.54132428478
0,2,4.7,267,5.55082603396
0,2,4.7,268,5.56505398134
0,2,4.7,269,5.58121359906
0,2,4.7,270,5.59354905933
0,2,4.7,271,5.60675296401
0,2,4.7,272,5.61648209986
0,2,4.7,273,5.62568462082
0,2,4.7,274,5.63265411847
0,2,4.7,275,5.64075343007
0,2,4.7,276,5.64676808808
0,2,4.7,277,5.65374464142
0,2,4.7,278,5.65551635892
0,2,4.7,279,5.66009066551
0,2,4.7,280,5.6655136287
0,2,4.7,281,5.66934202452
0,2,4.7,282,5.66705106063
0,2,4.7,283,5.66195929388
0,2,4.7,284,5.65513358104
0,2,4.7,285,5.64882274491
0,2,4.7,286,5.64209595995
0,2,4.7,287,5.63720262516
0,2,4.7,288,5.62688303396
0,2,4.7,289,5.60865017446
0,2,4.7,290,5.59178319317
0,2,4.7,291,5.57051470872
0,2,4.7,292,5.55073622489
0,2,4.7,293,5.5325024229
0,2,4.7,294,5.51189045757
0,2,4.7,295,5.48548255161
0,2,4.7,296,5.45936443092
0,2,4.7,297,5.43613582735
0,2,4.7,298,5.41331744037
0,2,4.7,299,5.39071404527
0,2,4.7,300,5.36618964678
0,2,4.7,301,5.34751922178
0,2,4.7,302,5.32924075386
0,2,4.7,303,5.30613925001
0,2,4.7,304,5.2821341785
0,2,4.7,305,5.25329295873
0,2,4.7,306,5.22343769211
0,2,4.7,307,5.19620843079
0,2,4.7,308,5.16906087691
0,2,4.7,309,5.14166768263
0,2,4.7,310,5.11213206027
0,2,4.7,311,5.08213306097
0,2,4.7,312,5.05046629976
0,2,4.7,313,5.01632753002
0,2,4.7,314,4.97789094434
0,2,4.7,315,4.93902222735
0,2,4.7,316,4.90137683813
0,2,4.7,317,4.86070985714
0,2,4.7,318,4.81257604091
0,2,4.7,319,4.76955881049
0,2,4.7,320,4.72924642631
0,2,4.7,321,4.69156141186
0,2,4.7,322,4.65465144861
0,2,4.7,323,4.61954397838
0,2,4.7,324,4.58552334173
0,2,4.7,325,4.54975517266
0,2,4.7,326,4.51304563675
0,2,4.7,327,4.47729955964
0,2,4.7,328,4.44606550347
0,2,4.7,329,4.41610411637
0,2,4.7,330,4.38858450804
0,2,4.7,331,4.36079326021
0,2,4.7,332,4.3317947208
0,2,4.7,333,4.295985409
0,2,4.7,334,4.25722907352
0,2,4.7,335,4.22349949931
0,2,4.7,336,4.19458759322
0,2,4.7,337,4.16651293422
0,2,4.7,338,4.14079675478
0,2,4.7,339,4.11282049184
0,2,4.7,340,4.08731256035
0,2,4.7,341,4.06585980045
0,2,4.7,342,4.04501423508
0,2,4.7,343,4.02576682612
0,2,4.7,344,4.00667149285
0,2,4.7,345,3.98253655999
0,2,4.7,346,3.95988245028
0,2,4.7,347,3.9398167609
0,2,4.7,348,3.91969450367
0,2,4.7,349,3.90106986046
0,2,4.7,350,3.8866589808
0,2,4.7,351,3.87484610481
0,2,4.7,352,3.86742873472
0,2,4.7,353,3.85600978234
0,2,4.7,354,3.84724673967
0,2,4.7,355,3.84050368162
0,2,4.7,356,3.83918240689
0,2,4.7,357,3.83824295099
0,2,4.7,358,3.83844808248
0,2,4.7,359,3.8420144693
0,2,4.7,360,3.84586911069
0,2,4.7,361,3.8505100658
0,2,4.7,362,3.86011804632
0,2,4.7,363,3.87369612565
0,2,4.7,364,3.88761859173
0,2,4.7,365,3.89695513919
0,2,4.7,366,3.91156036195
0,2,4.7,367,3.92451710083
0,2,4.7,368,3.94124623783
0,2,4.7,369,3.95986568493
0,2,4.7,370,3.97965494597
0,2,4.7,371,4.00588915863
0,2,4.7,372,4.03370937183
0,2,4.7,373,4.06119028509
0,2,4.7,374,4.0851424541
0,2,4.7,375,4.1041955008
0,2,4.7,376,4.12061338545
0,2,4.7,377,4.13734562043
0,2,4.7,378,4.159735436
0,2,4.7,379,4.1816237312
0,2,4.7,380,4.20283557746
0,2,4.7,381,4.21986334312
0,2,4.7,382,4.23398442131
0,2,4.7,383,4.25387868543
0,2,4.7,384,4.27682606515
0,2,4.7,385,4.30214640469
0,2,4.7,386,4.32477224946
0,2,4.7,387,4.34361514264
0,2,4.7,388,4.36141623967
0,2,4.7,389,4.37408294495
0,2,4.7,390,4.37875632664
0,2,4.7,391,4.38344876142
0,2,4.7,392,4.38607320955
0,2,4.7,393,4.38829794082
0,2,4.7,394,4.39416614069
0,2,4.7,395,4.3989329363
0,2,4.7,396,4.40653446357
0,2,4.7,397,4.4176120993
0,2,4.7,398,4.427848529
0,2,4.7,399,4.44321144542
0,2,4.7,400,4.4632557154
0,2,4.7,401,4.48679977823
0,2,4.7,402,4.5078994428
0,2,4.7,403,4.52151663181
0,2,4.7,404,4.53314175817
0,2,4.7,405,4.54316455566
0,2,4.7,406,4.55378345438
0,2,4.7,407,4.56124328839
0,2,4.7,408,4.56779714168
0,2,4.7,409,4.5756291898
0,2,4.7,410,4.58757375663
0,2,4.7,411,4.60187707677
0,2,4.7,412,4.61863391858
0,2,4.7,413,4.6377155956
0,2,4.7,414,4.65007353162
0,2,4.7,415,4.6579708718
0,2,4.7,416,4.66428655163
0,2,4.7,417,4.67309201698
0,2,4.7,418,4.6816190158
0,2,4.7,419,4.6863327295
0,2,4.7,420,4.68888898126
0,2,4.7,421,4.69178734987
0,2,4.7,422,4.69645141073
0,2,4.7,423,4.69867562197
0,2,4.7,424,4.69412213658
0,2,4.7,425,4.68844064219
0,2,4.7,426,4.68115250941
0,2,4.7,427,4.67574441248
0,2,4.7,428,4.67410700072
0,2,4.7,429,4.67167668056
0,2,4.7,430,4.66539770439
0,2,4.7,431,4.65536000289
0,2,4.7,432,4.64725019683
0,2,4.7,433,4.63762930112
0,2,4.7,434,4.62995392741
0,2,4.7,435,4.62362548425
0,2,4.7,436,4.61049447728
0,2,4.7,437,4.5999730313
0,2,4.7,438,4.59094370699
0,2,4.7,439,4.580284025
0,2,4.7,440,4.563797356
0,2,4.7,441,4.54549157653
0,2,4.7,442,4.52901269916
0,2,4.7,443,4.50808581827
0,2,4.7,444,4.48399416247
0,2,4.7,445,4.45786938594
0,2,4.7,446,4.43064266239
0,2,4.7,447,4.40803879422
0,2,4.7,448,4.39492055138
0,2,4.7,449,4.38453146648
0,2,4.7,450,4.37263920845
0,2,4.7,451,4.36542817532
0,2,4.7,452,4.36056794762
0,2,4.7,453,4.35548583775
0,2,4.7,454,4.34919944803
0,2,4.7,455,4.34192780618
0,2,4.7,456,4.33346712096
0,2,4.7,457,4.3280584998
0,2,4.7,458,4.32326205703
0,2,4.7,459,4.32260546046
0,2,4.7,460,4.32072548593
0,2,4.7,461,4.32104487784
0,2,4.7,462,4.32460470672
0,2,4.7,463,4.32126957761
0,2,4.7,464,4.32152697222
0,2,4.7,465,4.32677304394
0,2,4.7,466,4.33426199056
0,2,4.7,467,4.34049537385
0,2,4.7,468,4.3478927748
0,2,4.7,469,4.353074081
0,2,4.7,470,4.35596771982
0,2,4.7,471,4.36412343584
0,2,4.7,472,4.37117320627
0,2,4.7,473,4.37913476273
0,2,4.7,474,4.38397453555
0,2,4.7,475,4.39085055826
0,2,4.7,476,4.39973609638
0,2,4.7,477,4.41289337217
0,2,4.7,478,4.42107015007
0,2,4.7,479,4.42717170826
0,2,4.7,480,4.43032487069
0,2,4.7,481,4.42730887795
0,2,4.7,482,4.42495169423
0,2,4.7,483,4.42166820861
0,2,4.7,484,4.41761113567
0,2,4.7,485,4.41281725917
0,2,4.7,486,4.40296803879
0,2,4.7,487,4.39901879893
0,2,4.7,488,4.40522532266
0,2,4.7,489,4.41924148182
0,2,4.7,490,4.43590160982
0,2,4.7,491,4.45489109681
0,2,4.7,492,4.47713002218
0,2,4.7,493,4.50247420756
0,2,4.7,494,4.52765435534
0,2,4.7,495,4.55566829528
0,2,4.7,496,4.58575746308
0,2,4.7,497,4.62057894767
0,2,4.7,498,4.65428594387
0,2,4.7,499,4.68071069485
0,2,4.7,500,4.70520975773
0,2,4.7,501,4.73034886669
0,2,4.7,502,4.74977786125
0,2,4.7,503,4.7624390838
0,2,4.7,504,4.77916700043
0,2,4.7,505,4.79534351754
0,2,4.7,506,4.80843339319
0,2,4.7,507,4.81611019256
0,2,4.7,508,4.82503661322
0,2,4.7,509,4.83166517355
0,2,4.7,510,4.83913061106
0,2,4.7,511,4.84775384554
0,2,4.7,512,4.85963781048
0,2,4.7,513,4.87151652218
0,2,4.7,514,4.87475461581
0,2,4.7,515,4.86960039066
0,2,4.7,516,4.86251077301
0,2,4.7,517,4.85505465525
0,2,4.7,518,4.8540856332
0,2,4.7,519,4.85358130589
0,2,4.7,520,4.85104707175
0,2,4.7,521,4.8518824469
0,2,4.7,522,4.85321159907
0,2,4.7,523,4.85894428447
0,2,4.7,524,4.86576693601
0,2,4.7,525,4.8697736147
0,2,4.7,526,4.86937929593
0,2,4.7,527,4.86476711492
0,2,4.7,528,4.86000260799
0,2,4.7,529,4.85590015317
0,2,4.7,530,4.84747619801
0,2,4.7,531,4.83485304413
0,2,4.7,532,4.81786323743
0,2,4.7,533,4.79325172099
0,2,4.7,534,4.76972806686
0,2,4.7,535,4.75393916365
0,2,4.7,536,4.74494964159
0,2,4.7,537,4.73580963401
0,2,4.7,538,4.72683468451
0,2,4.7,539,4.71222344256
0,2,4.7,540,4.69821221706
0,2,4.7,541,4.6851855462
0,2,4.7,542,4.6747283062
0,2,4.7,543,4.66520265642
0,2,4.7,544,4.65385607704
0,2,4.7,545,4.63991245641
0,2,4.7,546,4.62714997797
0,2,4.7,547,4.61593329382
0,2,4.7,548,4.60311352516
0,2,4.7,549,4.5888627153
0,2,4.7,550,4.57405931748
0,2,4.7,551,4.55887339056
0,2,4.7,552,4.54248707316
0,2,4.7,553,4.52147382537
0,2,4.7,554,4.5027829778
0,2,4.7,555,4.48111120187
0,2,4.7,556,4.46091592546
0,2,4.7,557,4.43643971836
0,2,4.7,558,4.41142744536
0,2,4.7,559,4.38975952891
0,2,4.7,560,4.36849161888
0,2,4.7,561,4.34511853252
0,2,4.7,562,4.32031037331
0,2,4.7,563,4.29466808899
0,2,4.7,564,4.26991254642
0,2,4.7,565,4.24696224059
0,2,4.7,566,4.22532431142
0,2,4.7,567,4.20352980434
0,2,4.7,568,4.18376217714
0,2,4.7,569,4.16458232547
0,2,4.7,570,4.14163955457
0,2,4.7,571,4.11694162708
0,2,4.7,572,4.0886601434
0,2,4.7,573,4.05917040676
0,2,4.7,574,4.02773824785
0,2,4.7,575,3.99828919887
0,2,4.7,576,3.97220199618
0,2,4.7,577,3.94989183682
0,2,4.7,578,3.93263094326
0,2,4.7,579,3.91549562164
0,2,4.7,580,3.89342849085
0,2,4.7,581,3.87132878465
0,2,4.7,582,3.84492559301
0,2,4.7,583,3.81044137866
0,2,4.7,584,3.77235721129
0,2,4.7,585,3.73986462116
0,2,4.7,586,3.70808035766
0,2,4.7,587,3.67632643261
0,2,4.7,588,3.64864250828
0,2,4.7,589,3.61804227863
0,2,4.7,590,3.59327093066
0,2,4.7,591,3.57106097094
0,2,4.7,592,3.55028859005
0,2,4.7,593,3.53724755467
0,2,4.7,594,3.52691010123
0,2,4.7,595,3.5125883315
0,2,4.7,596,3.49982484618
0,2,4.7,597,3.48663222353
0,2,4.7,598,3.47555706298
0,2,4.7,599,3.46749346598
0,2,4.7,600,3.45482184975
0,2,4.7,601,3.44495246577
0,2,4.7,602,3.44303687453
0,2,4.7,603,3.4441640218
0,2,4.7,604,3.44790654889
0,2,4.7,605,3.45108440013
0,2,4.7,606,3.45766174064
0,2,4.7,607,3.46990684758
0,2,4.7,608,3.48410131771
0,2,4.7,609,3.49559257683
0,2,4.7,610,3.50986420194
0,2,4.7,611,3.52655874826
0,2,4.7,612,3.54296125353
0,2,4.7,613,3.55838615627
0,2,4.7,614,3.57365587791
0,2,4.7,615,3.59181785645
0,2,4.7,616,3.61316146539
0,2,4.7,617,3.63532495509
0,2,4.7,618,3.6584385131
0,2,4.7,619,3.68618861025
0,2,4.7,620,3.71350153774
0,2,4.7,621,3.73788954645
0,2,4.7,622,3.7588936192
0,2,4.7,623,3.782724721
0,2,4.7,624,3.80575827598
0,2,4.7,625,3.83775102047
0,2,4.7,626,3.87526822049
0,2,4.7,627,3.90894921592
0,2,4.7,628,3.93993560668
0,2,4.7,629,3.97443403665
0,2,4.7,630,4.0143485721
0,2,4.7,631,4.05768253633
0,2,4.7,632,4.09766698099
0,2,4.7,633,4.13870589003
0,2,4.7,634,4.17946551621
0,2,4.7,635,4.22166229828
0,2,4.7,636,4.25925358092
0,2,4.7,637,4.29649445329
0,2,4.7,638,4.33022541397
0,2,4.7,639,4.36244417388
0,2,4.7,640,4.39618000027
0,2,4.7,641,4.43129554257
0,2,4.7,642,4.46547820475
0,2,4.7,643,4.49737044377
0,2,4.7,644,4.5316879564
0,2,4.7,645,4.56800515638
0,2,4.7,646,4.60319259509
0,2,4.7,647,4.63610018634
0,2,4.7,648,4.66851693115
0,2,4.7,649,4.69765336511
0,2,4.7,650,4.72207919048
0,2,4.7,651,4.74288676166
0,2,4.7,652,4.76541485187
0,2,4.7,653,4.79006972257
0,2,4.7,654,4.81230365421
0,2,4.7,655,4.83999781758
0,2,4.7,656,4.87556735585
0,2,4.7,657,4.9090740965
0,2,4.7,658,4.94082589014
0,2,4.7,659,4.97545135915
0,2,4.7,660,5.01125884074
0,2,4.7,661,5.04485189344
0,2,4.7,662,5.07982480353
0,2,4.7,663,5.11957247795
0,2,4.7,664,5.15740834961
0,2,4.7,665,5.18886819123
0,2,4.7,666,5.21779336805
0,2,4.7,667,5.25128772023
0,2,4.7,668,5.27993548192
0,2,4.7,669,5.30304226673
0,2,4.7,670,5.32315480066
0,2,4.7,671,5.34357878538
0,2,4.7,672,5.35827164577
0,2,4.7,673,5.37502004848
0,2,4.7,674,5.39465860995
0,2,4.7,675,5.41498238546
0,2,4.7,676,5.43622526287
0,2,4.7,677,5.45554170611
0,2,4.7,678,5.47266535422
0,2,4.7,679,5.48651865444
0,2,4.7,680,5.49741261325
0,2,4.7,681,5.50708808644
0,2,4.7,682,5.51301933612
0,2,4.7,683,5.51620396745
0,2,4.7,684,5.52044482309
0,2,4.7,685,5.52955965406
0,2,4.7,686,5.53503584017
0,2,4.7,687,5.53692907751
0,2,4.7,688,5.5376695199
0,2,4.7,689,5.53838316284
0,2,4.7,690,5.53937628022
0,2,4.7,691,5.54179711014
0,2,4.7,692,5.54091235749
0,2,4.7,693,5.53474952214
0,2,4.7,694,5.5282429763
0,2,4.7,695,5.51900275448
0,2,4.7,696,5.51310637544
0,2,4.7,697,5.50360453872
0,2,4.7,698,5.49376145173
0,2,4.7,699,5.48477160064
0,2,4.7,700,5.47826164293
0,2,4.7,701,5.47573563556
0,2,4.7,702,5.47417785168
0,2,4.7,703,5.47279930324
0,2,4.7,704,5.47047747343
0,2,4.7,705,5.4675926985
0,2,4.7,706,5.46594579843
0,2,4.7,707,5.46094752637
0,2,4.7,708,5.45522492961
0,2,4.7,709,5.45195709675
0,2,4.7,710,5.45202914545
0,2,4.7,711,5.44960533003
0,2,4.7,712,5.44051453066
0,2,4.7,713,5.42986493381
0,2,4.7,714,5.41673123909
0,2,4.7,715,5.39476173778
0,2,4.7,716,5.36961693901
0,2,4.7,717,5.34397547418
0,2,4.7,718,5.32465300275
0,2,4.7,719,5.30349366743
0,2,4.7,720,5.27648496437
0,2,4.7,721,5.24676808453
0,2,4.7,722,5.22129606251
0,2,4.7,723,5.19959514281
0,2,4.7,724,5.18111264199
0,2,4.7,725,5.16426844356
0,2,4.7,726,5.14600612271
0,2,4.7,727,5.12860070477
0,2,4.7,728,5.10629944134
0,2,4.7,729,5.09255469413
0,2,4.7,730,5.08363060813
0,2,4.7,731,5.0747568317
0,2,4.7,732,5.06620063674
0,2,4.7,733,5.06016870571
0,2,4.7,734,5.05313707952
0,2,4.7,735,5.03957899532
0,2,4.7,736,5.02716070664
0,2,4.7,737,5.01932387291
0,2,4.7,738,5.013610806
0,2,4.7,739,5.01354215953
0,2,4.7,740,5.00904732773
0,2,4.7,741,5.00106512011
0,2,4.7,742,4.9918799423
0,2,4.7,743,4.98567500105
0,2,4.7,744,4.9762763524
0,2,4.7,745,4.966743469
0,2,4.7,746,4.95388460048
0,2,4.7,747,4.93810398613
0,2,4.7,748,4.92067175766
0,2,4.7,749,4.90613336306
0,2,4.7,750,4.89044737734
0,2,4.7,751,4.87756560935
0,2,4.7,752,4.8670223098
0,2,4.7,753,4.86140674405
0,2,4.7,754,4.85024262286
0,2,4.7,755,4.83762520771
0,2,4.7,756,4.82849638662
0,2,4.7,757,4.8223692786
0,2,4.7,758,4.81939620911
0,2,4.7,759,4.80999394158
0,2,4.7,760,4.79846788042
0,2,4.7,761,4.79354804355
0,2,4.7,762,4.79213744859
0,2,4.7,763,4.79567759703
0,2,4.7,764,4.80250620566
0,2,4.7,765,4.81595625994
0,2,4.7,766,4.83007802232
0,2,4.7,767,4.83999732363
0,2,4.7,768,4.84798895245
0,2,4.7,769,4.86131007581
0,2,4.7,770,4.87925773287
0,2,4.7,771,4.89776030478
0,2,4.7,772,4.91208894198
0,2,4.7,773,4.92739196763
0,2,4.7,774,4.94310694478
0,2,4.7,775,4.95618785312
0,2,4.7,776,4.96687804224
0,2,4.7,777,4.97632652353
0,2,4.7,778,4.98463627145
0,2,4.7,779,4.99266166711
0,2,4.7,780,4.99904189866
0,2,4.7,781,5.00678579529
0,2,4.7,782,5.01345167865
0,2,4.7,783,5.02018917099
0,2,4.7,784,5.02380996741
0,2,4.7,785,5.02536327733
0,2,4.7,786,5.02683778002
0,2,4.7,787,5.02574665359
0,2,4.7,788,5.024357953
0,2,4.7,789,5.02647104834
0,2,4.7,790,5.03077108593
0,2,4.7,791,5.03671444133
0,2,4.7,792,5.04488141257
0,2,4.7,793,5.05528122565
0,2,4.7,794,5.06474798905
0,2,4.7,795,5.07978321461
0,2,4.7,796,5.09657069612
0,2,4.7,797,5.11285352809
0,2,4.7,798,5.11999094704
0,2,4.7,799,5.12281284379
0,3,5.35,0,5.37832448383
0,3,5.35,1,5.37588951119
0,3,5.35,2,5.37342885181
0,3,5.35,3,5.36946706402
0,3,5.35,4,5.35948241438
0,3,5.35,5,5.34191857663
0,3,5.35,6,5.3218262774
0,3,5.35,7,5.30097722949
0,3,5.35,8,5.27799555376
0,3,5.35,9,5.25734592817
0,3,5.35,10,5.24012995977
0,3,5.35,11,5.22395783601
0,3,5.35,12,5.20867126809
0,3,5.35,13,5.18739841234
0,3,5.35,14,5.16343080263
0,3,5.35,15,5.13946017943
0,3,5.35,16,5.11742626864
0,3,5.35,17,5.09788618366
0,3,5.35,18,5.07881176032
0,3,5.35,19,5.06028133769
0,3,5.35,20,5.04609059017
0,3,5.35,21,5.03292585265
0,3,5.35,22,5.01206471437
0,3,5.35,23,4.99041167079
0,3,5.35,24,4.9715410418
0,3,5.35,25,4.94978322625
0,3,5.35,26,4.92906789702
0,3,5.35,27,4.91067392689
0,3,5.35,28,4.89592138295
0,3,5.35,29,4.87756384519
0,3,5.35,30,4.85849743987
0,3,5.35,31,4.84232717815
0,3,5.35,32,4.82594596261
0,3,5.35,33,4.81264078142
0,3,5.35,34,4.80191536044
0,3,5.35,35,4.79385860241
0,3,5.35,36,4.78686537644
0,3,5.35,37,4.78058283039
0,3,5.35,38,4.78057875406
0,3,5.35,39,4.77901830121
0,3,5.35,40,4.77908336185
0,3,5.35,41,4.77846573121
0,3,5.35,42,4.77706648359
0,3,5.35,43,4.77434971104
0,3,5.35,44,4.77158847836
0,3,5.35,45,4.76906364382
0,3,5.35,46,4.7669556996
0,3,5.35,47,4.77100263127
0,3,5.35,48,4.77359572311
0,3,5.35,49,4.7727046167
0,3,5.35,50,4.76406741838
0,3,5.35,51,4.75334116758
0,3,5.35,52,4.74385619371
0,3,5.35,53,4.73210020152
0,3,5.35,54,4.72095229431
0,3,5.35,55,4.70691240762
0,3,5.35,56,4.69093743627
0,3,5.35,57,4.67382716728
0,3,5.35,58,4.66466057482
0,3,5.35,59,4.65587223943
0,3,5.35,60,4.64543875466
0,3,5.35,61,4.6334490162
0,3,5.35,62,4.61924533261
0,3,5.35,63,4.6076004441
0,3,5.35,64,4.59588843508
0,3,5.35,65,4.57981639887
0,3,5.35,66,4.56494232115
0,3,5.35,67,4.55166502356
0,3,5.35,68,4.54177439869
0,3,5.35,69,4.53045833409
0,3,5.35,70,4.51878079744
0,3,5.35,71,4.50527390809
0,3,5.35,72,4.4841972582
0,3,5.35,73,4.46670535659
0,3,5.35,74,4.45402753313
0,3,5.35,75,4.4447557245
0,3,5.35,76,4.43137996562
0,3,5.35,77,4.41783723695
0,3,5.35,78,4.4018078312
0,3,5.35,79,4.38016775046
0,3,5.35,80,4.35665461477
0,3,5.35,81,4.33092823114
0,3,5.35,82,4.30680617639
0,3,5.35,83,4.28531117925
0,3,5.35,84,4.26438128457
0,3,5.35,85,4.24213092589
0,3,5.35,86,4.2184676965
0,3,5.35,87,4.19809829507
0,3,5.35,88,4.17830336089
0,3,5.35,89,4.16089697403
0,3,5.35,90,4.15009495546
0,3,5.35,91,4.14172121007
0,3,5.35,92,4.13530851994
0,3,5.35,93,4.13009132117
0,3,5.35,94,4.12743297137
0,3,5.35,95,4.12671640158
0,3,5.35,96,4.12442580527
0,3,5.35,97,4.1275981197
0,3,5.35,98,4.13281189998
0,3,5.35,99,4.13987037014
0,3,5.35,100,4.14462163269
0,3,5.35,101,4.15071113794
0,3,5.35,102,4.16191572493
0,3,5.35,103,4.17515096599
0,3,5.35,104,4.18857873759
0,3,5.35,105,4.20155285807
0,3,5.35,106,4.21832956227
0,3,5.35,107,4.24227698759
0,3,5.35,108,4.26979196722
0,3,5.35,109,4.29927930668
0,3,5.35,110,4.32475634773
0,3,5.35,111,4.34536562169
0,3,5.35,112,4.36504765159
0,3,5.35,113,4.38910129829
0,3,5.35,114,4.41457754774
0,3,5.35,115,4.44158702301
0,3,5.35,116,4.47074156862
0,3,5.35,117,4.49969342985
0,3,5.35,118,4.53090095029
0,3,5.35,119,4.56051469704
0,3,5.35,120,4.59154107031
0,3,5.35,121,4.62533712967
0,3,5.35,122,4.66334135106
0,3,5.35,123,4.70502466341
0,3,5.35,124,4.74929476637
0,3,5.35,125,4.79357589692
0,3,5.35,126,4.84594661257
0,3,5.35,127,4.90007853699
0,3,5.35,128,4.95328644282
0,3,5.35,129,5.00507888844
0,3,5.35,130,5.05325374697
0,3,5.35,131,5.09924791663
0,3,5.35,132,5.14804354621
0,3,5.35,133,5.19756740461
0,3,5.35,134,5.24762346098
0,3,5.35,135,5.29490116193
0,3,5.35,136,5.33890818454
0,3,5.35,137,5.37921468499
0,3,5.35,138,5.42203775741
0,3,5.35,139,5.46990431752
0,3,5.35,140,5.51831436359
0,3,5.35,141,5.56777716522
0,3,5.35,142,5.61818969613
0,3,5.35,143,5.6667178317
0,3,5.35,144,5.71622284284
0,3,5.35,145,5.76048129097
0,3,5.35,146,5.80192780633
0,3,5.35,147,5.84124364114
0,3,5.35,148,5.88766105589
0,3,5.35,149,5.935065778
0,3,5.35,150,5.98280402898
0,3,5.35,151,6.03656755085
0,3,5.35,152,6.09569257048
0,3,5.35,153,6.1533493089
0,3,5.35,154,6.20966811516
0,3,5.35,155,6.26844683265
0,3,5.35,156,6.32629683391
0,3,5.35,157,6.38378586177
0,3,5.35,158,6.44046407412
0,3,5.35,159,6.49701761548
0,3,5.35,160,6.55071859434
0,3,5.35,161,6.60807342851
0,3,5.35,162,6.66658249591
0,3,5.35,163,6.72148224048
0,3,5.35,164,6.77492663818
0,3,5.35,165,6.82797879821
0,3,5.35,166,6.87832187871
0,3,5.35,167,6.92887213721
0,3,5.35,168,6.9779503799
0,3,5.35,169,7.02177971655
0,3,5.35,170,7.06261305678
0,3,5.35,171,7.09647416025
0,3,5.35,172,7.12232030551
0,3,5.35,173,7.14628038764
0,3,5.35,174,7.16723295412
0,3,5.35,175,7.18689958392
0,3,5.35,176,7.20490652325
0,3,5.35,177,7.21932929648
0,3,5.35,178,7.23443063483
0,3,5.35,179,7.24607093623
0,3,5.35,180,7.2577607351
0,3,5.35,181,7.27489153895
0,3,5.35,182,7.29155991326
0,3,5.35,183,7.31011690563
0,3,5.35,184,7.3265186911
0,3,5.35,185,7.33440785888
0,3,5.35,186,7.33991126448
0,3,5.35,187,7.34125075414
0,3,5.35,188,7.34300195193
0,3,5.35,189,7.34801578692
0,3,5.35,190,7.35097660382
0,3,5.35,191,7.35065092986
0,3,5.35,192,7.34899053617
0,3,5.35,193,7.34116582471
0,3,5.35,194,7.33259998324
0,3,5.35,195,7.32398185035
0,3,5.35,196,7.31471622468
0,3,5.35,197,7.30819308522
0,3,5.35,198,7.29883075633
0,3,5.35,199,7.28762025686
0,3,5.35,200,7.27283177667
0,3,5.35,201,7.25694758841
0,3,5.35,202,7.24125681416
0,3,5.35,203,7.22357324335
0,3,5.35,204,7.20280799637
0,3,5.35,205,7.18325550343
0,3,5.35,206,7.16745961058
0,3,5.35,207,7.15139391226
0,3,5.35,208,7.1328909836
0,3,5.35,209,7.10899733305
0,3,5.35,210,7.08294038016
0,3,5.35,211,7.0560289469
0,3,5.35,212,7.02680817528
0,3,5.35,213,6.99493099192
0,3,5.35,214,6.95944184626
0,3,5.35,215,6.92354136932
0,3,5.35,216,6.88884498575
0,3,5.35,217,6.84793261555
0,3,5.35,218,6.80261710267
0,3,5.35,219,6.7601672191
0,3,5.35,220,6.71183235201
0,3,5.35,221,6.66078350857
0,3,5.35,222,6.6116464676
0,3,5.35,223,6.56574591399
0,3,5.35,224,6.52703322731
0,3,5.35,225,6.48752596799
0,3,5.35,226,6.4481043942
0,3,5.35,227,6.41176706616
0,3,5.35,228,6.37575647711
0,3,5.35,229,6.33687330193
0,3,5.35,230,6.29467298326
0,3,5.35,231,6.25533870852
0,3,5.35,232,6.21574745319
0,3,5.35,233,6.17650436312
0,3,5.35,234,6.13421308571
0,3,5.35,235,6.08661705235
0,3,5.35,236,6.04009012863
0,3,5.35,237,5.9949803127
0,3,5.35,238,5.94922406881
0,3,5.35,239,5.90503489835
0,3,5.35,240,5.86395304995
0,3,5.35,241,5.82851247028
0,3,5.35,242,5.80510930512
0,3,5.35,243,5.78548809222
0,3,5.35,244,5.76571149284
0,3,5.35,245,5.74835414594
0,3,5.35,246,5.73397910822
0,3,5.35,247,5.71914816342
0,3,5.35,248,5.70124957255
0,3,5.35,249,5.68500636215
0,3,5.35,250,5.6667507569
0,3,5.35,251,5.64949405987
0,3,5.35,252,5.63462046459
0,3,5.35,253,5.62047246968
0,3,5.35,254,5.6081902785
0,3,5.35,255,5.59758979797
0,3,5.35,256,5.58340773219
0,3,5.35,257,5.56930465679
0,3,5.35,258,5.55763128479
0,3,5.35,259,5.54435191293
0,3,5.35,260,5.53504190287
0,3,5.35,261,5.5236732134
0,3,5.35,262,5.50920063762
0,3,5.35,263,5.49084834689
0,3,5.35,264,5.46925986131
0,3,5.35,265,5.44168221831
0,3,5.35,266,5.41061298567
0,3,5.35,267,5.37895477866
0,3,5.35,268,5.35002412714
0,3,5.35,269,5.32177078623
0,3,5.35,270,5.29217771341
0,3,5.35,271,5.26267764154
0,3,5.35,272,5.23088862031
0,3,5.35,273,5.19499129264
0,3,5.35,274,5.16036724141
0,3,5.35,275,5.12636028038
0,3,5.35,276,5.09116460773
0,3,5.35,277,5.0574829299
0,3,5.35,278,5.02331986377
0,3,5.35,279,4.99320621711
0,3,5.35,280,4.97092341186
0,3,5.35,281,4.95045008705
0,3,5.35,282,4.93376439994
0,3,5.35,283,4.91992189433
0,3,5.35,284,4.90544907684
0,3,5.35,285,4.8916871787
0,3,5.35,286,4.87568618233
0,3,5.35,287,4.85837652663
0,3,5.35,288,4.83812852621
0,3,5.35,289,4.82403710703
0,3,5.35,290,4.81010997151
0,3,5.35,291,4.79573937621
0,3,5.35,292,4.78025606731
0,3,5.35,293,4.76580701427
0,3,5.35,294,4.75306132555
0,3,5.35,295,4.73663030591
0,3,5.35,296,4.71908768986
0,3,5.35,297,4.69912092741
0,3,5.35,298,4.68033899755
0,3,5.35,299,4.65975060374
0,3,5.35,300,4.63318418185
0,3,5.35,301,4.60462614906
0,3,5.35,302,4.5795799769
0,3,5.35,303,4.56011386877
0,3,5.35,304,4.54128897255
0,3,5.35,305,4.51799214385
0,3,5.35,306,4.49327982438
0,3,5.35,307,4.47425824988
0,3,5.35,308,4.45840892456
0,3,5.35,309,4.44773126483
0,3,5.35,310,4.43782798869
0,3,5.35,311,4.4336305218
0,3,5.35,312,4.43166698984
0,3,5.35,313,4.43471522354
0,3,5.35,314,4.44379529907
0,3,5.35,315,4.45478443148
0,3,5.35,316,4.47397304371
0,3,5.35,317,4.49758092297
0,3,5.35,318,4.51599361885
0,3,5.35,319,4.53774973035
0,3,5.35,320,4.55577164667
0,3,5.35,321,4.57074197483
0,3,5.35,322,4.58349994085
0,3,5.35,323,4.59492083453
0,3,5.35,324,4.60811933026
0,3,5.35,325,4.62049269352
0,3,5.35,326,4.63744444134
0,3,5.35,327,4.65519650873
0,3,5.35,328,4.67616424275
0,3,5.35,329,4.69515391385
0,3,5.35,330,4.7088383806
0,3,5.35,331,4.71697428671
0,3,5.35,332,4.7220592194
0,3,5.35,333,4.72931486403
0,3,5.35,334,4.73681493829
0,3,5.35,335,4.74300176994
0,3,5.35,336,4.74951305523
0,3,5.35,337,4.75844113871
0,3,5.35,338,4.77039623342
0,3,5.35,339,4.78075422474
0,3,5.35,340,4.79000136977
0,3,5.35,341,4.80208795452
0,3,5.35,342,4.81542969891
0,3,5.35,343,4.82511760362
0,3,5.35,344,4.8271527609
0,3,5.35,345,4.82381071292
0,3,5.35,346,4.82118591716
0,3,5.35,347,4.81739509138
0,3,5.35,348,4.81284237372
0,3,5.35,349,4.81106444744
0,3,5.35,350,4.81292600934
0,3,5.35,351,4.82049357623
0,3,5.35,352,4.82974000043
0,3,5.35,353,4.83673624063
0,3,5.35,354,4.84743495379
0,3,5.35,355,4.85844092426
0,3,5.35,356,4.8689454086
0,3,5.35,357,4.88268450286
0,3,5.35,358,4.90129474849
0,3,5.35,359,4.92689719319
0,3,5.35,360,4.94864116214
0,3,5.35,361,4.9693385771
0,3,5.35,362,4.99308350765
0,3,5.35,363,5.01780029851
0,3,5.35,364,5.04586047061
0,3,5.35,365,5.07860772102
0,3,5.35,366,5.11437746117
0,3,5.35,367,5.14799401585
0,3,5.35,368,5.18403233016
0,3,5.35,369,5.22169101662
0,3,5.35,370,5.25617041578
0,3,5.35,371,5.29339805209
0,3,5.35,372,5.33027587524
0,3,5.35,373,5.36677651782
0,3,5.35,374,5.40264599678
0,3,5.35,375,5.44120177489
0,3,5.35,376,5.47993909486
0,3,5.35,377,5.51922819821
0,3,5.35,378,5.56010509197
0,3,5.35,379,5.60020214262
0,3,5.35,380,5.64288348247
0,3,5.35,381,5.68865524985
0,3,5.35,382,5.73367915063
0,3,5.35,383,5.78057528655
0,3,5.35,384,5.82732207179
0,3,5.35,385,5.87512300886
0,3,5.35,386,5.92941222222
0,3,5.35,387,5.98358290039
0,3,5.35,388,6.04077956985
0,3,5.35,389,6.09468589383
0,3,5.35,390,6.14535859274
0,3,5.35,391,6.19144832353
0,3,5.35,392,6.2311056267
0,3,5.35,393,6.27019217654
0,3,5.35,394,6.31237652417
0,3,5.35,395,6.35366916585
0,3,5.35,396,6.39033517586
0,3,5.35,397,6.43060813444
0,3,5.35,398,6.47509520091
0,3,5.35,399,6.52192381642
0,3,5.35,400,6.56797396137
0,3,5.35,401,6.61676421391
0,3,5.35,402,6.66562970005
0,3,5.35,403,6.7062731858
0,3,5.35,404,6.74459204389
0,3,5.35,405,6.7793470254
0,3,5.35,406,6.8148260114
0,3,5.35,407,6.84760902112
0,3,5.35,408,6.87781167077
0,3,5.35,409,6.91532152679
0,3,5.35,410,6.95148001105
0,3,5.35,411,6.97793599694
0,3,5.35,412,6.9996972405
0,3,5.35,413,7.01810915441
0,3,5.35,414,7.03023206573
0,3,5.35,415,7.03647259953
0,3,5.35,416,7.04145282458
0,3,5.35,417,7.04679631029
0,3,5.35,418,7.05285409579
0,3,5.35,419,7.06045137269
0,3,5.35,420,7.06944581006
0,3,5.35,421,7.07745288899
0,3,5.35,422,7.08601607257
0,3,5.35,423,7.09788260627
0,3,5.35,424,7.10333032989
0,3,5.35,425,7.10967163546
0,3,5.35,426,7.11264915643
0,3,5.35,427,7.11455136882
0,3,5.35,428,7.11836343055
0,3,5.35,429,7.11635692979
0,3,5.35,430,7.11425168316
0,3,5.35,431,7.11271036877
0,3,5.35,432,7.10528466281
0,3,5.35,433,7.09441919594
0,3,5.35,434,7.08150229791
0,3,5.35,435,7.06260197954
0,3,5.35,436,7.04586974119
0,3,5.35,437,7.02509284546
0,3,5.35,438,7.00008363053
0,3,5.35,439,6.97685796408
0,3,5.35,440,6.95293941986
0,3,5.35,441,6.93167567432
0,3,5.35,442,6.91177710174
0,3,5.35,443,6.88767815387
0,3,5.35,444,6.86716313921
0,3,5.35,445,6.84835984294
0,3,5.35,446,6.82622069061
0,3,5.35,447,6.80051868575
0,3,5.35,448,6.77845739391
0,3,5.35,449,6.75957321857
0,3,5.35,450,6.73785378876
0,3,5.35,451,6.72041998097
0,3,5.35,452,6.6970487293
0,3,5.35,453,6.67062191498
0,3,5.35,454,6.64503438822
0,3,5.35,455,6.61491668302
0,3,5.35,456,6.5838748677
0,3,5.35,457,6.5505220244
0,3,5.35,458,6.51388141684
0,3,5.35,459,6.47344783112
0,3,5.35,460,6.43034678368
0,3,5.35,461,6.38079406574
0,3,5.35,462,6.32544637826
0,3,5.35,463,6.26954529167
0,3,5.35,464,6.21311378782
0,3,5.35,465,6.15231706897
0,3,5.35,466,6.09132769597
0,3,5.35,467,6.03690739653
0,3,5.35,468,5.98589123258
0,3,5.35,469,5.93747759425
0,3,5.35,470,5.89170113281
0,3,5.35,471,5.84341180986
0,3,5.35,472,5.79321087291
0,3,5.35,473,5.74475465657
0,3,5.35,474,5.69015518075
0,3,5.35,475,5.63000330485
0,3,5.35,476,5.56595279968
0,3,5.35,477,5.50514075366
0,3,5.35,478,5.44490444265
0,3,5.35,479,5.38012778311
0,3,5.35,480,5.31853049981
0,3,5.35,481,5.25505705442
0,3,5.35,482,5.19048913016
0,3,5.35,483,5.12137333372
0,3,5.35,484,5.05287478039
0,3,5.35,485,4.99132929682
0,3,5.35,486,4.93169585612
0,3,5.35,487,4.8721585972
0,3,5.35,488,4.81686733619
0,3,5.35,489,4.76450120287
0,3,5.35,490,4.70941711764
0,3,5.35,491,4.6534321446
0,3,5.35,492,4.60111836611
0,3,5.35,493,4.55247293529
0,3,5.35,494,4.50045042379
0,3,5.35,495,4.45223579205
0,3,5.35,496,4.40452186874
0,3,5.35,497,4.35872115711
0,3,5.35,498,4.31359088877
0,3,5.35,499,4.26553294403
0,3,5.35,500,4.21574831514
0,3,5.35,501,4.16931365717
0,3,5.35,502,4.12757264937
0,3,5.35,503,4.08783258386
0,3,5.35,504,4.0593926718
0,3,5.35,505,4.03187545215
0,3,5.35,506,4.0067002281
0,3,5.35,507,3.98629770424
0,3,5.35,508,3.96606229866
0,3,5.35,509,3.95196842873
0,3,5.35,510,3.93901464206
0,3,5.35,511,3.93013206172
0,3,5.35,512,3.92131727229
0,3,5.35,513,3.91213981413
0,3,5.35,514,3.90929291913
0,3,5.35,515,3.90957681919
0,3,5.35,516,3.9150949344
0,3,5.35,517,3.92811602581
0,3,5.35,518,3.94136059118
0,3,5.35,519,3.95380518607
0,3,5.35,520,3.9652992573
0,3,5.35,521,3.97512464115
0,3,5.35,522,3.98378631703
0,3,5.35,523,3.99193340023
0,3,5.35,524,3.99553295702
0,3,5.35,525,3.99009181804
0,3,5.35,526,3.9846383878
0,3,5.35,527,3.98455194787
0,3,5.35,528,3.98233710581
0,3,5.35,529,3.98309933826
0,3,5.35,530,3.98796494528
0,3,5.35,531,3.99509743966
0,3,5.35,532,3.99911625704
0,3,5.35,533,4.00815746339
0,3,5.35,534,4.02042607557
0,3,5.35,535,4.03112824292
0,3,5.35,536,4.04122228796
0,3,5.35,537,4.04948651405
0,3,5.35,538,4.05622222962
0,3,5.35,539,4.07104599689
0,3,5.35,540,4.08733074505
0,3,5.35,541,4.10020175915
0,3,5.35,542,4.11498981381
0,3,5.35,543,4.12870944913
0,3,5.35,544,4.14205314918
0,3,5.35,545,4.15985844949
0,3,5.35,546,4.18039679899
0,3,5.35,547,4.20240393555
0,3,5.35,548,4.22748108561
0,3,5.35,549,4.25381240088
0,3,5.35,550,4.28190869523
0,3,5.35,551,4.31113473593
0,3,5.35,552,4.34201225541
0,3,5.35,553,4.37576568159
0,3,5.35,554,4.40793572523
0,3,5.35,555,4.44660698563
0,3,5.35,556,4.48541339548
0,3,5.35,557,4.52141169523
0,3,5.35,558,4.55864951578
0,3,5.35,559,4.59793157758
0,3,5.35,560,4.63653767254
0,3,5.35,561,4.67630284978
0,3,5.35,562,4.71465948952
0,3,5.35,563,4.74349921984
0,3,5.35,564,4.77408631662
0,3,5.35,565,4.80325880231
0,3,5.35,566,4.83223794435
0,3,5.35,567,4.86145036586
0,3,5.35,568,4.89939697543
0,3,5.35,569,4.93489730225
0,3,5.35,570,4.96959174851
0,3,5.35,571,5.00352384438
0,3,5.35,572,5.03514334814
0,3,5.35,573,5.06451716572
0,3,5.35,574,5.09729738184
0,3,5.35,575,5.13081058875
0,3,5.35,576,5.16965430378
0,3,5.35,577,5.20598449564
0,3,5.35,578,5.23961173036
0,3,5.35,579,5.26879193345
0,3,5.35,580,5.29897420887
0,3,5.35,581,5.3237563726
0,3,5.35,582,5.35359667039
0,3,5.35,583,5.38187533082
0,3,5.35,584,5.4108618347
0,3,5.35,585,5.44012477969
0,3,5.35,586,5.47573314199
0,3,5.35,587,5.51173072495
0,3,5.35,588,5.54856938633
0,3,5.35,589,5.58352439611
0,3,5.35,590,5.6137698984
0,3,5.35,591,5.6446306549
0,3,5.35,592,5.66794838317
0,3,5.35,593,5.68987960678
0,3,5.35,594,5.71705119421
0,3,5.35,595,5.74203623866
0,3,5.35,596,5.75921869125
0,3,5.35,597,5.7727156705
0,3,5.35,598,5.78362030189
0,3,5.35,599,5.79336235099
0,3,5.35,600,5.80266638359
0,3,5.35,601,5.81305071817
0,3,5.35,602,5.81791238045
0,3,5.35,603,5.82275072551
0,3,5.35,604,5.82563509254
0,3,5.35,605,5.82532207542
0,3,5.35,606,5.82439972434
0,3,5.35,607,5.82653949341
0,3,5.35,608,5.82656293435
0,3,5.35,609,5.82251608668
0,3,5.35,610,5.81083107419
0,3,5.35,611,5.79387166879
0,3,5.35,612,5.78190850396
0,3,5.35,613,5.77018557901
0,3,5.35,614,5.75592819039
0,3,5.35,615,5.74244097392
0,3,5.35,616,5.72722983314
0,3,5.35,617,5.71138024533
0,3,5.35,618,5.69970529073
0,3,5.35,619,5.69081781378
0,3,5.35,620,5.68083317942
0,3,5.35,621,5.67243064765
0,3,5.35,622,5.66318332675
0,3,5.35,623,5.65472028954
0,3,5.35,624,5.64613586992
0,3,5.35,625,5.63753728451
0,3,5.35,626,5.63045551524
0,3,5.35,627,5.62724178831
0,3,5.35,628,5.62270408577
0,3,5.35,629,5.61501965672
0,3,5.35,630,5.60701519062
0,3,5.35,631,5.59748808491
0,3,5.35,632,5.5924487301
0,3,5.35,633,5.5936822028
0,3,5.35,634,5.59443100466
0,3,5.35,635,5.59236090752
0,3,5.35,636,5.58696127823
0,3,5.35,637,5.58286759289
0,3,5.35,638,5.58125000174
0,3,5.35,639,5.5774283719
0,3,5.35,640,5.57002472381
0,3,5.35,641,5.55884654468
0,3,5.35,642,5.54974979549
0,3,5.35,643,5.53899973441
0,3,5.35,644,5.52756472575
0,3,5.35,645,5.51117984382
0,3,5.35,646,5.49863001535
0,3,5.35,647,5.49726979294
0,3,5.35,648,5.49881787174
0,3,5.35,649,5.50465237108
0,3,5.35,650,5.50339837237
0,3,5.35,651,5.49965861712
0,3,5.35,652,5.49303115039
0,3,5.35,653,5.48445376437
0,3,5.35,654,5.48111164073
0,3,5.35,655,5.48218769079
0,3,5.35,656,5.48382153549
0,3,5.35,657,5.48627596536
0,3,5.35,658,5.49006681989
0,3,5.35,659,5.49180827964
0,3,5.35,660,5.49602958028
0,3,5.35,661,5.49352489081
0,3,5.35,662,5.49134497306
0,3,5.35,663,5.48536225789
0,3,5.35,664,5.48074145476
0,3,5.35,665,5.4767374286
0,3,5.35,666,5.4752340558
0,3,5.35,667,5.47527982158
0,3,5.35,668,5.47109721694
0,3,5.35,669,5.46585384912
0,3,5.35,670,5.46867910098
0,3,5.35,671,5.4770695831
0,3,5.35,672,5.48354798605
0,3,5.35,673,5.4901226481
0,3,5.35,674,5.50472287222
0,3,5.35,675,5.52204389698
0,3,5.35,676,5.53364579785
0,3,5.35,677,5.54251211937
0,3,5.35,678,5.55177462111
0,3,5.35,679,5.55726640615
0,3,5.35,680,5.56957279216
0,3,5.35,681,5.5846503174
0,3,5.35,682,5.5943962776
0,3,5.35,683,5.60611888984
0,3,5.35,684,5.61993439027
0,3,5.35,685,5.63156465936
0,3,5.35,686,5.64068503483
0,3,5.35,687,5.65154326415
0,3,5.35,688,5.65854139596
0,3,5.35,689,5.66135952872
0,3,5.35,690,5.66685141496
0,3,5.35,691,5.67786578517
0,3,5.35,692,5.68720796606
0,3,5.35,693,5.69344750199
0,3,5.35,694,5.70156977545
0,3,5.35,695,5.70916454143
0,3,5.35,696,5.71455249994
0,3,5.35,697,5.72164242083
0,3,5.35,698,5.7265475965
0,3,5.35,699,5.73767567544
0,3,5.35,700,5.75897119465
0,3,5.35,701,5.77988916216
0,3,5.35,702,5.79920736528
0,3,5.35,703,5.81473935927
0,3,5.35,704,5.82262023652
0,3,5.35,705,5.82326744367
0,3,5.35,706,5.82400462177
0,3,5.35,707,5.82334520402
0,3,5.35,708,5.81902769531
0,3,5.35,709,5.80777588143
0,3,5.35,710,5.79284911378
0,3,5.35,711,5.77582287261
0,3,5.35,712,5.76437754584
0,3,5.35,713,5.75726268568
0,3,5.35,714,5.74990909292
0,3,5.35,715,5.74450261849
0,3,5.35,716,5.74202954778
0,3,5.35,717,5.73839776883
0,3,5.35,718,5.73265565831
0,3,5.35,719,5.71988437499
0,3,5.35,720,5.70077201809
0,3,5.35,721,5.67719784838
0,3,5.35,722,5.65904365122
0,3,5.35,723,5.64041434052
0,3,5.35,724,5.62420497732
0,3,5.35,725,5.60880914291
0,3,5.35,726,5.59399929149
0,3,5.35,727,5.58092965398
0,3,5.35,728,5.57067685501
0,3,5.35,729,5.5611854352
0,3,5.35,730,5.54944966505
0,3,5.35,731,5.5389204811
0,3,5.35,732,5.53236606495
0,3,5.35,733,5.52939439827
0,3,5.35,734,5.52833499121
0,3,5.35,735,5.52855844791
0,3,5.35,736,5.52632413771
0,3,5.35,737,5.52088393106
0,3,5.35,738,5.50979990938
0,3,5.35,739,5.50049133941
0,3,5.35,740,5.49736442309
0,3,5.35,741,5.49826238649
0,3,5.35,742,5.50352628849
0,3,5.35,743,5.50826508136
0,3,5.35,744,5.51181826495
0,3,5.35,745,5.51513532507
0,3,5.35,746,5.52524101447
0,3,5.35,747,5.53331793917
0,3,5.35,748,5.53408309256
0,3,5.35,749,5.53287150868
0,3,5.35,750,5.52858072437
0,3,5.35,751,5.52522774326
0,3,5.35,752,5.52235990196
0,3,5.35,753,5.5200771596
0,3,5.35,754,5.51908159262
0,3,5.35,755,5.51824995362
0,3,5.35,756,5.51438783555
0,3,5.35,757,5.51283464475
0,3,5.35,758,5.50805910009
0,3,5.35,759,5.50037173626
0,3,5.35,760,5.49442975234
0,3,5.35,761,5.48642809758
0,3,5.35,762,5.477711722
0,3,5.35,763,5.46606376434
0,3,5.35,764,5.45041187714
0,3,5.35,765,5.43921712958
0,3,5.35,766,5.42957777259
0,3,5.35,767,5.4184241167
0,3,5.35,768,5.40434826182
0,3,5.35,769,5.39090601314
0,3,5.35,770,5.37908218939
0,3,5.35,771,5.36552416294
0,3,5.35,772,5.35435033461
0,3,5.35,773,5.34245756144
0,3,5.35,774,5.32947165203
0,3,5.35,775,5.31653244564
0,3,5.35,776,5.30191928633
0,3,5.35,777,5.28813196803
0,3,5.35,778,5.27069754188
0,3,5.35,779,5.24976388681
0,3,5.35,780,5.22902060811
0,3,5.35,781,5.2142176648
0,3,5.35,782,5.19954911409
0,3,5.35,783,5.18756496008
0,3,5.35,784,5.18172856246
0,3,5.35,785,5.17669419772
0,3,5.35,786,5.1719367791
0,3,5.35,787,5.16700421945
0,3,5.35,788,5.16040975769
0,3,5.35,789,5.15225191774
0,3,5.35,790,5.14479525195
0,3,5.35,791,5.13738364387
0,3,5.35,792,5.12878858076
0,3,5.35,793,5.11205143211
0,3,5.35,794,5.09191490362
0,3,5.35,795,5.06968818717
0,3,5.35,796,5.05163571361
0,3,5.35,797,5.04068457958
0,3,5.35,798,5.03612451957
0,3,5.35,799,5.03754674448
0,4,6,0,6.14530259667
0,4,6,1,6.1747949548
0,4,6,2,6.20511028118
0,4,6,3,6.23213662946
0,4,6,4,6.26232712886
0,4,6,5,6.29728401293
0,4,6,6,6.33338243378
0,4,6,7,6.3678224094
0,4,6,8,6.40198174653
0,4,6,9,6.43615561916
0,4,6,10,6.474576205
0,4,6,11,6.5132959348
0,4,6,12,6.54928483202
0,4,6,13,6.57809830436
0,4,6,14,6.60548301662
0,4,6,15,6.63433371308
0,4,6,16,6.66813891124
0,4,6,17,6.69844698666
0,4,6,18,6.72620489018
0,4,6,19,6.75279807789
0,4,6,20,6.77538617655
0,4,6,21,6.79908858939
0,4,6,22,6.8178882199
0,4,6,23,6.83820361317
0,4,6,24,6.86043526515
0,4,6,25,6.88518748149
0,4,6,26,6.90996972978
0,4,6,27,6.93900435948
0,4,6,28,6.96778403327
0,4,6,29,6.99826568008
0,4,6,30,7.02785637218
0,4,6,31,7.05267492156
0,4,6,32,7.07498448028
0,4,6,33,7.09408278348
0,4,6,34,7.11461836707
0,4,6,35,7.13232325397
0,4,6,36,7.15108231967
0,4,6,37,7.17378247961
0,4,6,38,7.19296548144
0,4,6,39,7.21495619922
0,4,6,40,7.23743627071
0,4,6,41,7.25998692501
0,4,6,42,7.28127277684
0,4,6,43,7.30383405441
0,4,6,44,7.32592381304
0,4,6,45,7.34824062763
0,4,6,46,7.36717391084
0,4,6,47,7.38875557535
0,4,6,48,7.41217786849
0,4,6,49,7.43213957717
0,4,6,50,7.44458763937
0,4,6,51,7.44973957784
0,4,6,52,7.45008793026
0,4,6,53,7.4488365204
0,4,6,54,7.44256575052
0,4,6,55,7.43578176155
0,4,6,56,7.42687787021
0,4,6,57,7.41030422318
0,4,6,58,7.39108864889
0,4,6,59,7.37660565497
0,4,6,60,7.36428835532
0,4,6,61,7.34656287178
0,4,6,62,7.33007198358
0,4,6,63,7.31368003245
0,4,6,64,7.29563627393
0,4,6,65,7.27540646354
0,4,6,66,7.24995479614
0,4,6,67,7.22072608471
0,4,6,68,7.18968691051
0,4,6,69,7.16007288306
0,4,6,70,7.1277422879
0,4,6,71,7.08952153643
0,4,6,72,7.04694253546
0,4,6,73,7.00234659061
0,4,6,74,6.95720024334
0,4,6,75,6.90925568328
0,4,6,76,6.86251027846
0,4,6,77,6.81776607311
0,4,6,78,6.77283918772
0,4,6,79,6.72453190138
0,4,6,80,6.67377996772
0,4,6,81,6.62394258857
0,4,6,82,6.57904841481
0,4,6,83,6.535938095
0,4,6,84,6.49230327127
0,4,6,85,6.45266260078
0,4,6,86,6.41906316761
0,4,6,87,6.38575864188
0,4,6,88,6.35245614613
0,4,6,89,6.32495295706
0,4,6,90,6.29642356853
0,4,6,91,6.26337449832
0,4,6,92,6.23009891557
0,4,6,93,6.19675352723
0,4,6,94,6.16759452448
0,4,6,95,6.14424136307
0,4,6,96,6.12878035982
0,4,6,97,6.12211650841
0,4,6,98,6.11840558177
0,4,6,99,6.11742921066
0,4,6,100,6.12244876875
0,4,6,101,6.12756387549
0,4,6,102,6.13082895614
0,4,6,103,6.13331997161
0,4,6,104,6.13168799964
0,4,6,105,6.12380634609
0,4,6,106,6.11701142751
0,4,6,107,6.10934481121
0,4,6,108,6.09684715859
0,4,6,109,6.08443901831
0,4,6,110,6.07267113245
0,4,6,111,6.06383260882
0,4,6,112,6.05755186539
0,4,6,113,6.05176945015
0,4,6,114,6.04653552541
0,4,6,115,6.04148689432
0,4,6,116,6.03663548835
0,4,6,117,6.03274493087
0,4,6,118,6.02807678258
0,4,6,119,6.01720808493
0,4,6,120,6.00863753737
0,4,6,121,6.0038397728
0,4,6,122,5.99886032076
0,4,6,123,5.99296198242
0,4,6,124,5.9908615944
0,4,6,125,5.9866760722
0,4,6,126,5.9821124221
0,4,6,127,5.97603514151
0,4,6,128,5.96704040615
0,4,6,129,5.96225741214
0,4,6,130,5.96450911357
0,4,6,131,5.96682905836
0,4,6,132,5.96805855369
0,4,6,133,5.97188195697
0,4,6,134,5.97901331768
0,4,6,135,5.98758157373
0,4,6,136,5.99247005661
0,4,6,137,5.99186482556
0,4,6,138,5.99245231897
0,4,6,139,5.98607268242
0,4,6,140,5.97768308865
0,4,6,141,5.96774509855
0,4,6,142,5.95715362665
0,4,6,143,5.94639437496
0,4,6,144,5.93333314608
0,4,6,145,5.9190217527
0,4,6,146,5.90265822901
0,4,6,147,5.880349571
0,4,6,148,5.85808855756
0,4,6,149,5.83875084688
0,4,6,150,5.8181614734
0,4,6,151,5.79688980291
0,4,6,152,5.77594100742
0,4,6,153,5.75759314111
0,4,6,154,5.73733335011
0,4,6,155,5.71553160881
0,4,6,156,5.69618148058
0,4,6,157,5.68070635801
0,4,6,158,5.66506028919
0,4,6,159,5.64759951803
0,4,6,160,5.63058018432
0,4,6,161,5.6167197751
0,4,6,162,5.60466891466
0,4,6,163,5.58920054635
0,4,6,164,5.57878913535
0,4,6,165,5.5743328031
0,4,6,166,5.57610446266
0,4,6,167,5.58502611076
0,4,6,168,5.59387450526
0,4,6,169,5.60126382834
0,4,6,170,5.60830245237
0,4,6,171,5.61588345598
0,4,6,172,5.61902417688
0,4,6,173,5.61431137112
0,4,6,174,5.60436033524
0,4,6,175,5.59128817706
0,4,6,176,5.57788824254
0,4,6,177,5.56551322382
0,4,6,178,5.55385255806
0,4,6,179,5.54384998136
0,4,6,180,5.53996267893
0,4,6,181,5.53722663099
0,4,6,182,5.52649405358
0,4,6,183,5.51736455043
0,4,6,184,5.51142557253
0,4,6,185,5.50652508858
0,4,6,186,5.50125414038
0,4,6,187,5.49944642406
0,4,6,188,5.4968779136
0,4,6,189,5.49474490703
0,4,6,190,5.49269998372
0,4,6,191,5.49655039004
0,4,6,192,5.50059092008
0,4,6,193,5.50822652668
0,4,6,194,5.51763894988
0,4,6,195,5.52280458311
0,4,6,196,5.52790147441
0,4,6,197,5.53678415721
0,4,6,198,5.54665301666
0,4,6,199,5.55808729255
0,4,6,200,5.56736779543
0,4,6,201,5.57765857145
0,4,6,202,5.59284156257
0,4,6,203,5.61146798696
0,4,6,204,5.63078120621
0,4,6,205,5.65698439771
0,4,6,206,5.67835873291
0,4,6,207,5.69542802216
0,4,6,208,5.71005090781
0,4,6,209,5.72133580989
0,4,6,210,5.72368942668
0,4,6,211,5.72173304578
0,4,6,212,5.71751070858
0,4,6,213,5.70716589552
0,4,6,214,5.69628155219
0,4,6,215,5.68775688456
0,4,6,216,5.67925913426
0,4,6,217,5.67009879064
0,4,6,218,5.66042205835
0,4,6,219,5.64821799402
0,4,6,220,5.63843902844
0,4,6,221,5.63238443013
0,4,6,222,5.62568518264
0,4,6,223,5.61682991791
0,4,6,224,5.61193805587
0,4,6,225,5.60633019433
0,4,6,226,5.60445652648
0,4,6,227,5.60122304672
0,4,6,228,5.59913925653
0,4,6,229,5.59958290676
0,4,6,230,5.600017999
0,4,6,231,5.59644076787
0,4,6,232,5.59443016225
0,4,6,233,5.58993899067
0,4,6,234,5.58737168628
0,4,6,235,5.5864161002
0,4,6,236,5.58549994082
0,4,6,237,5.58681441847
0,4,6,238,5.58882470972
0,4,6,239,5.58858685018
0,4,6,240,5.58712368075
0,4,6,241,5.58650749386
0,4,6,242,5.58360951007
0,4,6,243,5.58290941979
0,4,6,244,5.58300354278
0,4,6,245,5.58479332974
0,4,6,246,5.58474829993
0,4,6,247,5.57803127697
0,4,6,248,5.57049129711
0,4,6,249,5.56645046162
0,4,6,250,5.55964787001
0,4,6,251,5.55046319186
0,4,6,252,5.54282719517
0,4,6,253,5.53496648748
0,4,6,254,5.52633349712
0,4,6,255,5.5113802196
0,4,6,256,5.49449859866
0,4,6,257,5.48664902207
0,4,6,258,5.48469375366
0,4,6,259,5.48639368892
0,4,6,260,5.48895073659
0,4,6,261,5.4924048771
0,4,6,262,5.49729935673
0,4,6,263,5.50022162349
0,4,6,264,5.50510220755
0,4,6,265,5.51473262651
0,4,6,266,5.52772883805
0,4,6,267,5.53801463279
0,4,6,268,5.55154268565
0,4,6,269,5.56397436744
0,4,6,270,5.57030465333
0,4,6,271,5.57149550247
0,4,6,272,5.57585632823
0,4,6,273,5.57680215907
0,4,6,274,5.57305314335
0,4,6,275,5.56246987612
0,4,6,276,5.55336207355
0,4,6,277,5.54730006364
0,4,6,278,5.54016336532
0,4,6,279,5.53569208179
0,4,6,280,5.53502683718
0,4,6,281,5.53574568558
0,4,6,282,5.54215516642
0,4,6,283,5.55077468363
0,4,6,284,5.5622684743
0,4,6,285,5.57545048304
0,4,6,286,5.5911832574
0,4,6,287,5.60623323368
0,4,6,288,5.62254403864
0,4,6,289,5.64121109712
0,4,6,290,5.65672869927
0,4,6,291,5.67484007963
0,4,6,292,5.6906612998
0,4,6,293,5.71033889531
0,4,6,294,5.73039324541
0,4,6,295,5.75250731173
0,4,6,296,5.77973590477
0,4,6,297,5.80762398752
0,4,6,298,5.83447497739
0,4,6,299,5.86219828607
0,4,6,300,5.88686503594
0,4,6,301,5.90846595231
0,4,6,302,5.92933184663
0,4,6,303,5.94839864075
0,4,6,304,5.95743903757
0,4,6,305,5.96821268063
0,4,6,306,5.97395003937
0,4,6,307,5.97983891277
0,4,6,308,5.98638000931
0,4,6,309,5.98925494564
0,4,6,310,5.9917343485
0,4,6,311,5.99718144412
0,4,6,312,6.00598921961
0,4,6,313,6.02006251878
0,4,6,314,6.03748860575
0,4,6,315,6.05304805533
0,4,6,316,6.06836110457
0,4,6,317,6.08210781238
0,4,6,318,6.09487709651
0,4,6,319,6.10722681213
0,4,6,320,6.11969434942
0,4,6,321,6.13127517109
0,4,6,322,6.14433054204
0,4,6,323,6.1523691205
0,4,6,324,6.16188063521
0,4,6,325,6.17155106897
0,4,6,326,6.18372080969
0,4,6,327,6.20087476501
0,4,6,328,6.21964423652
0,4,6,329,6.24163018236
0,4,6,330,6.26846484597
0,4,6,331,6.29019345279
0,4,6,332,6.30891985666
0,4,6,333,6.32657996891
0,4,6,334,6.34392392151
0,4,6,335,6.36269777145
0,4,6,336,6.38062012682
0,4,6,337,6.39960235139
0,4,6,338,6.4175160511
0,4,6,339,6.43307500957
0,4,6,340,6.44776734375
0,4,6,341,6.46152324519
0,4,6,342,6.47421915486
0,4,6,343,6.49308902241
0,4,6,344,6.51389146647
0,4,6,345,6.53620936576
0,4,6,346,6.55980078987
0,4,6,347,6.58409953905
0,4,6,348,6.60893006819
0,4,6,349,6.63568925227
0,4,6,350,6.66657441565
0,4,6,351,6.69451721687
0,4,6,352,6.72237609797
0,4,6,353,6.75282325158
0,4,6,354,6.78456886676
0,4,6,355,6.81398879195
0,4,6,356,6.84358459644
0,4,6,357,6.87546915558
0,4,6,358,6.90363956839
0,4,6,359,6.93704377679
0,4,6,360,6.97661529578
0,4,6,361,7.01955072036
0,4,6,362,7.06308992055
0,4,6,363,7.10582903633
0,4,6,364,7.14673986949
0,4,6,365,7.18658577834
0,4,6,366,7.222826327
0,4,6,367,7.25816877596
0,4,6,368,7.28868440352
0,4,6,369,7.3162876437
0,4,6,370,7.34674510926
0,4,6,371,7.37634232163
0,4,6,372,7.40008626377
0,4,6,373,7.41962526594
0,4,6,374,7.43153954128
0,4,6,375,7.43902929968
0,4,6,376,7.44126874967
0,4,6,377,7.43644347122
0,4,6,378,7.43355647851
0,4,6,379,7.4351233741
0,4,6,380,7.43541037629
0,4,6,381,7.43031857458
0,4,6,382,7.42125388777
0,4,6,383,7.40786357086
0,4,6,384,7.39213983472
0,4,6,385,7.37848191364
0,4,6,386,7.36823152606
0,4,6,387,7.35685515697
0,4,6,388,7.34285955186
0,4,6,389,7.32821558602
0,4,6,390,7.31055321314
0,4,6,391,7.28904554014
0,4,6,392,7.26519711841
0,4,6,393,7.24085548884
0,4,6,394,7.222113805
0,4,6,395,7.20102430165
0,4,6,396,7.18059535864
0,4,6,397,7.15568951628
0,4,6,398,7.12883197587
0,4,6,399,7.09842307935
0,4,6,400,7.06346354907
0,4,6,401,7.03155471479
0,4,6,402,6.99958190106
0,4,6,403,6.96977791105
0,4,6,404,6.94490186328
0,4,6,405,6.91821943325
0,4,6,406,6.89206641858
0,4,6,407,6.86516278915
0,4,6,408,6.83885581321
0,4,6,409,6.81168572431
0,4,6,410,6.79016058927
0,4,6,411,6.77131080958
0,4,6,412,6.75450636888
0,4,6,413,6.73910724353
0,4,6,414,6.72890065813
0,4,6,415,6.7192733791
0,4,6,416,6.70986830418
0,4,6,417,6.69852529367
0,4,6,418,6.68402825802
0,4,6,419,6.66765973999
0,4,6,420,6.65128094234
0,4,6,421,6.63776999051
0,4,6,422,6.62430381091
0,4,6,423,6.61030085337
0,4,6,424,6.59999219171
0,4,6,425,6.59155531205
0,4,6,426,6.58649146433
0,4,6,427,6.58072512153
0,4,6,428,6.5828988824
0,4,6,429,6.58637696056
0,4,6,430,6.5894446093
0,4,6,431,6.59430349516
0,4,6,432,6.60045640035
0,4,6,433,6.60520137234
0,4,6,434,6.61206485296
0,4,6,435,6.6172802386
0,4,6,436,6.62242875845
0,4,6,437,6.62783728498
0,4,6,438,6.627847523
0,4,6,439,6.62550580395
0,4,6,440,6.62337863374
0,4,6,441,6.62172254126
0,4,6,442,6.6240300184
0,4,6,443,6.62323503512
0,4,6,444,6.62242086551
0,4,6,445,6.61954130838
0,4,6,446,6.61843955845
0,4,6,447,6.62051436569
0,4,6,448,6.62362770026
0,4,6,449,6.62987791868
0,4,6,450,6.63859067079
0,4,6,451,6.65306721384
0,4,6,452,6.66543481207
0,4,6,453,6.67408290966
0,4,6,454,6.68574120248
0,4,6,455,6.69792300619
0,4,6,456,6.71380360049
0,4,6,457,6.73222203886
0,4,6,458,6.75023369878
0,4,6,459,6.76033498453
0,4,6,460,6.77093049849
0,4,6,461,6.78325717825
0,4,6,462,6.79797723656
0,4,6,463,6.81710234676
0,4,6,464,6.83200204079
0,4,6,465,6.84283116259
0,4,6,466,6.85060177606
0,4,6,467,6.85665885517
0,4,6,468,6.86195681159
0,4,6,469,6.86872424795
0,4,6,470,6.87704813943
0,4,6,471,6.8865121475
0,4,6,472,6.89805452359
0,4,6,473,6.91021885584
0,4,6,474,6.92019828672
0,4,6,475,6.93008769228
0,4,6,476,6.94158166133
0,4,6,477,6.95352764543
0,4,6,478,6.96822646427
0,4,6,479,6.97989726134
0,4,6,480,6.98845162236
0,4,6,481,6.9919688962
0,4,6,482,6.99591032464
0,4,6,483,7.00199353705
0,4,6,484,7.00865836799
0,4,6,485,7.00920822698
0,4,6,486,7.00294778415
0,4,6,487,6.99960924652
0,4,6,488,6.9929778565
0,4,6,489,6.98559681266
0,4,6,490,6.97783439963
0,4,6,491,6.96769097775
0,4,6,492,6.95021927713
0,4,6,493,6.92890916599
0,4,6,494,6.90653223303
0,4,6,495,6.88153306676
0,4,6,496,6.85541903501
0,4,6,497,6.82847916198
0,4,6,498,6.79615835185
0,4,6,499,6.76492833457
0,4,6,500,6.73014153199
0,4,6,501,6.69593385624
0,4,6,502,6.66434644859
0,4,6,503,6.62763855625
0,4,6,504,6.59187156269
0,4,6,505,6.55286527047
0,4,6,506,6.51503185465
0,4,6,507,6.47438459298
0,4,6,508,6.4330763283
0,4,6,509,6.39386012965
0,4,6,510,6.35418588264
0,4,6,511,6.31469087385
0,4,6,512,6.28331554069
0,4,6,513,6.25552528492
0,4,6,514,6.23426038414
0,4,6,515,6.21610596694
0,4,6,516,6.20291902942
0,4,6,517,6.19597701567
0,4,6,518,6.18772210649
0,4,6,519,6.1727168818
0,4,6,520,6.15542912026
0,4,6,521,6.13820573411
0,4,6,522,6.12286046595
0,4,6,523,6.10944402014
0,4,6,524,6.09612364706
0,4,6,525,6.08514635411
0,4,6,526,6.07721748636
0,4,6,527,6.07433811563
0,4,6,528,6.06790054235
0,4,6,529,6.05960515514
0,4,6,530,6.05354229545
0,4,6,531,6.04157669321
0,4,6,532,6.03416677527
0,4,6,533,6.0251304567
0,4,6,534,6.01720151942
0,4,6,535,6.01374785361
0,4,6,536,6.0153252782
0,4,6,537,6.02176817608
0,4,6,538,6.02553805403
0,4,6,539,6.03098491341
0,4,6,540,6.03863791109
0,4,6,541,6.04611520137
0,4,6,542,6.04930855101
0,4,6,543,6.04824322881
0,4,6,544,6.04871174234
0,4,6,545,6.05107434324
0,4,6,546,6.05557042261
0,4,6,547,6.06258727125
0,4,6,548,6.07510409837
0,4,6,549,6.0907157117
0,4,6,550,6.10738469234
0,4,6,551,6.12591361441
0,4,6,552,6.1472200891
0,4,6,553,6.17082184921
0,4,6,554,6.19403187758
0,4,6,555,6.21519061694
0,4,6,556,6.23881572774
0,4,6,557,6.26552073244
0,4,6,558,6.29203652721
0,4,6,559,6.31594587542
0,4,6,560,6.34354651669
0,4,6,561,6.3737186755
0,4,6,562,6.40236699969
0,4,6,563,6.43455397159
0,4,6,564,6.47014394792
0,4,6,565,6.50640621284
0,4,6,566,6.54150170995
0,4,6,567,6.57314587049
0,4,6,568,6.60066819848
0,4,6,569,6.62313368036
0,4,6,570,6.64720147763
0,4,6,571,6.67049548558
0,4,6,572,6.69436671119
0,4,6,573,6.72476872272
0,4,6,574,6.75192409208
0,4,6,575,6.77205915395
0,4,6,576,6.79019993741
0,4,6,577,6.80622411605
0,4,6,578,6.81696962007
0,4,6,579,6.82684667283
0,4,6,580,6.83812211826
0,4,6,581,6.84974262184
0,4,6,582,6.85706385892
0,4,6,583,6.86082663614
0,4,6,584,6.86773199357
0,4,6,585,6.87205535582
0,4,6,586,6.87433123739
0,4,6,587,6.87648589867
0,4,6,588,6.87814022901
0,4,6,589,6.87656678812
0,4,6,590,6.8744849839
0,4,6,591,6.86934070667
0,4,6,592,6.86703307984
0,4,6,593,6.86296957253
0,4,6,594,6.85863793298
0,4,6,595,6.8489500368
0,4,6,596,6.84050619955
0,4,6,597,6.83096173752
0,4,6,598,6.82180810159
0,4,6,599,6.80724808694
0,4,6,600,6.78857081619
0,4,6,601,6.77246505814
0,4,6,602,6.75480733901
0,4,6,603,6.7341007567
0,4,6,604,6.71426676063
0,4,6,605,6.69575760521
0,4,6,606,6.66866858044
0,4,6,607,6.63764883642
0,4,6,608,6.60202067734
0,4,6,609,6.56341864845
0,4,6,610,6.52565909569
0,4,6,611,6.48738968162
0,4,6,612,6.45008738606
0,4,6,613,6.41692586386
0,4,6,614,6.3863181086
0,4,6,615,6.35284178523
0,4,6,616,6.32102059862
0,4,6,617,6.28711079907
0,4,6,618,6.24929236159
0,4,6,619,6.20917077277
0,4,6,620,6.17647763157
0,4,6,621,6.14432123231
0,4,6,622,6.11954445493
0,4,6,623,6.09625027875
0,4,6,624,6.07141107049
0,4,6,625,6.04480799605
0,4,6,626,6.01470845443
0,4,6,627,5.97945487971
0,4,6,628,5.94737881483
0,4,6,629,5.91561065714
0,4,6,630,5.88471607557
0,4,6,631,5.85744711298
0,4,6,632,5.83086599416
0,4,6,633,5.80186514756
0,4,6,634,5.77372286644
0,4,6,635,5.74785111813
0,4,6,636,5.72000927228
0,4,6,637,5.69594579633
0,4,6,638,5.67616910194
0,4,6,639,5.65756211046
0,4,6,640,5.63548623187
0,4,6,641,5.61529419021
0,4,6,642,5.59544345052
0,4,6,643,5.57678214609
0,4,6,644,5.55876651935
0,4,6,645,5.54077452322
0,4,6,646,5.52431750477
0,4,6,647,5.5096496344
0,4,6,648,5.49380547774
0,4,6,649,5.48184231905
0,4,6,650,5.46989817139
0,4,6,651,5.46166785155
0,4,6,652,5.45379928253
0,4,6,653,5.44662251861
0,4,6,654,5.43678688192
0,4,6,655,5.42889577442
0,4,6,656,5.42087567106
0,4,6,657,5.41230035225
0,4,6,658,5.40777067049
0,4,6,659,5.40594407462
0,4,6,660,5.40826956523
0,4,6,661,5.41224035751
0,4,6,662,5.41708332924
0,4,6,663,5.42484072758
0,4,6,664,5.43117299699
0,4,6,665,5.43841018172
0,4,6,666,5.44557287701
0,4,6,667,5.45306222264
0,4,6,668,5.45493475966
0,4,6,669,5.45728778585
0,4,6,670,5.45895083084
0,4,6,671,5.45986376045
0,4,6,672,5.45609127602
0,4,6,673,5.45200538265
0,4,6,674,5.45068125066
0,4,6,675,5.44584740461
0,4,6,676,5.43608106604
0,4,6,677,5.43069474008
0,4,6,678,5.4248068604
0,4,6,679,5.42629669237
0,4,6,680,5.43604838009
0,4,6,681,5.44525628744
0,4,6,682,5.45295188085
0,4,6,683,5.46453755659
0,4,6,684,5.47897364474
0,4,6,685,5.49742905523
0,4,6,686,5.51684861937
0,4,6,687,5.53908198294
0,4,6,688,5.565277571
0,4,6,689,5.59126682512
0,4,6,690,5.61878154449
0,4,6,691,5.64879100892
0,4,6,692,5.67740048462
0,4,6,693,5.71017172891
0,4,6,694,5.74448804993
0,4,6,695,5.78139962814
0,4,6,696,5.82111438938
0,4,6,697,5.85936904782
0,4,6,698,5.89864616343
0,4,6,699,5.93656304106
0,4,6,700,5.97280043592
0,4,6,701,6.00867330416
0,4,6,702,6.04756583143
0,4,6,703,6.08298541485
0,4,6,704,6.11323636298
0,4,6,705,6.14000160939
0,4,6,706,6.16850975475
0,4,6,707,6.2004059616
0,4,6,708,6.23694687142
0,4,6,709,6.27906128212
0,4,6,710,6.32056530273
0,4,6,711,6.35867342103
0,4,6,712,6.39147158903
0,4,6,713,6.42133289865
0,4,6,714,6.45478736769
0,4,6,715,6.48747254907
0,4,6,716,6.51353707749
0,4,6,717,6.53427481085
0,4,6,718,6.55320202767
0,4,6,719,6.56892003589
0,4,6,720,6.58253294069
0,4,6,721,6.59327037369
0,4,6,722,6.60432828469
0,4,6,723,6.61384038274
0,4,6,724,6.61998819742
0,4,6,725,6.62277281022
0,4,6,726,6.63120141685
0,4,6,727,6.63153973867
0,4,6,728,6.63322686114
0,4,6,729,6.63447183103
0,4,6,730,6.63235853561
0,4,6,731,6.62690199153
0,4,6,732,6.62335849607
0,4,6,733,6.62464210811
0,4,6,734,6.62643958574
0,4,6,735,6.62628903014
0,4,6,736,6.62673827106
0,4,6,737,6.62830515248
0,4,6,738,6.62901405924
0,4,6,739,6.63629946475
0,4,6,740,6.64547103811
0,4,6,741,6.65322264536
0,4,6,742,6.65680966418
0,4,6,743,6.66112730531
0,4,6,744,6.66088060975
0,4,6,745,6.65709396688
0,4,6,746,6.653265262
0,4,6,747,6.64853008957
0,4,6,748,6.6464537725
0,4,6,749,6.6492855036
0,4,6,750,6.65882848771
0,4,6,751,6.6706351126
0,4,6,752,6.68259110382
0,4,6,753,6.68896717756
0,4,6,754,6.69621252619
0,4,6,755,6.70314572147
0,4,6,756,6.70551253252
0,4,6,757,6.70459725612
0,4,6,758,6.70685287572
0,4,6,759,6.70770697441
0,4,6,760,6.70393761598
0,4,6,761,6.70441676101
0,4,6,762,6.70450810201
0,4,6,763,6.70424406728
0,4,6,764,6.7054196835
0,4,6,765,6.70873525565
0,4,6,766,6.70752572555
0,4,6,767,6.70437954829
0,4,6,768,6.70501880852
0,4,6,769,6.70729663069
0,4,6,770,6.71152748036
0,4,6,771,6.71291940941
0,4,6,772,6.71434658434
0,4,6,773,6.70465651625
0,4,6,774,6.68917025985
0,4,6,775,6.67255179408
0,4,6,776,6.6568635819
0,4,6,777,6.6404767826
0,4,6,778,6.62416326407
0,4,6,779,6.61126658234
0,4,6,780,6.59714755118
0,4,6,781,6.58030074005
0,4,6,782,6.56668181625
0,4,6,783,6.55504668183
0,4,6,784,6.5385352726
0,4,6,785,6.52299621766
0,4,6,786,6.5102526131
0,4,6,787,6.48989881811
0,4,6,788,6.4714712604
0,4,6,789,6.45163155977
0,4,6,790,6.43593684393
0,4,6,791,6.42964653448
0,4,6,792,6.42780329859
0,4,6,793,6.4296246668
0,4,6,794,6.42826854104
0,4,6,795,6.43122635737
0,4,6,796,6.43550528376
0,4,6,797,6.43886185357
0,4,6,798,6.44158063119
0,4,6,799,6.44250838512
0,5,6.65,0,6.44139905817
0,5,6.65,1,6.4079945619
0,5,6.65,2,6.37194440033
0,5,6.65,3,6.32984099911
0,5,6.65,4,6.28631797398
0,5,6.65,5,6.24855088168
0,5,6.65,6,6.21016262786
0,5,6.65,7,6.17175353719
0,5,6.65,8,6.12980587762
0,5,6.65,9,6.08344997389
0,5,6.65,10,6.03809838181
0,5,6.65,11,5.99348677451
0,5,6.65,12,5.94411804914
0,5,6.65,13,5.89346625072
0,5,6.65,14,5.84514269148
0,5,6.65,15,5.80423077117
0,5,6.65,16,5.7653883071
0,5,6.65,17,5.72212058991
0,5,6.65,18,5.67925993826
0,5,6.65,19,5.63787192669
0,5,6.65,20,5.60064003879
0,5,6.65,21,5.56441894154
0,5,6.65,22,5.523806746
0,5,6.65,23,5.48635930437
0,5,6.65,24,5.45838783832
0,5,6.65,25,5.42866251445
0,5,6.65,26,5.40031038205
0,5,6.65,27,5.37509521542
0,5,6.65,28,5.35784496486
0,5,6.65,29,5.34125701319
0,5,6.65,30,5.32160465256
0,5,6.65,31,5.29961683879
0,5,6.65,32,5.27617865653
0,5,6.65,33,5.25586323902
0,5,6.65,34,5.24214799233
0,5,6.65,35,5.23074015209
0,5,6.65,36,5.22207847939
0,5,6.65,37,5.21125997734
0,5,6.65,38,5.20014519024
0,5,6.65,39,5.18985722296
0,5,6.65,40,5.1809794771
0,5,6.65,41,5.17603019034
0,5,6.65,42,5.17645825104
0,5,6.65,43,5.18086132307
0,5,6.65,44,5.1851217311
0,5,6.65,45,5.18856854991
0,5,6.65,46,5.1938508663
0,5,6.65,47,5.2065005112
0,5,6.65,48,5.21536971699
0,5,6.65,49,5.2143458155
0,5,6.65,50,5.20508815218
0,5,6.65,51,5.19250912354
0,5,6.65,52,5.18290398538
0,5,6.65,53,5.1776493367
0,5,6.65,54,5.17381284069
0,5,6.65,55,5.17182324609
0,5,6.65,56,5.16859417857
0,5,6.65,57,5.16623382809
0,5,6.65,58,5.16773988617
0,5,6.65,59,5.17321987469
0,5,6.65,60,5.18395983352
0,5,6.65,61,5.19381657492
0,5,6.65,62,5.19733275903
0,5,6.65,63,5.19613723994
0,5,6.65,64,5.19412807043
0,5,6.65,65,5.18956237066
0,5,6.65,66,5.18509362087
0,5,6.65,67,5.17934383427
0,5,6.65,68,5.16747474342
0,5,6.65,69,5.15501161227
0,5,6.65,70,5.13745323534
0,5,6.65,71,5.12057533794
0,5,6.65,72,5.10883994399
0,5,6.65,73,5.10389063274
0,5,6.65,74,5.09998202901
0,5,6.65,75,5.09373433991
0,5,6.65,76,5.09059155297
0,5,6.65,77,5.08710519708
0,5,6.65,78,5.08070434908
0,5,6.65,79,5.07444088623
0,5,6.65,80,5.07154237651
0,5,6.65,81,5.07970116801
0,5,6.65,82,5.09683918264
0,5,6.65,83,5.11762979568
0,5,6.65,84,5.13810710876
0,5,6.65,85,5.16099892767
0,5,6.65,86,5.18406138497
0,5,6.65,87,5.20414318138
0,5,6.65,88,5.22307602799
0,5,6.65,89,5.24348394544
0,5,6.65,90,5.26254531239
0,5,6.65,91,5.28065286513
0,5,6.65,92,5.29897995175
0,5,6.65,93,5.31933891541
0,5,6.65,94,5.34218409812
0,5,6.65,95,5.36855226368
0,5,6.65,96,5.39573068714
0,5,6.65,97,5.42300841292
0,5,6.65,98,5.45129883854
0,5,6.65,99,5.48238250278
0,5,6.65,100,5.51569524977
0,5,6.65,101,5.54830955916
0,5,6.65,102,5.57769142618
0,5,6.65,103,5.60435127873
0,5,6.65,104,5.64078096192
0,5,6.65,105,5.67681576612
0,5,6.65,106,5.71648313927
0,5,6.65,107,5.75920728756
0,5,6.65,108,5.80721461065
0,5,6.65,109,5.85468069543
0,5,6.65,110,5.89829470749
0,5,6.65,111,5.94102333197
0,5,6.65,112,5.99206663729
0,5,6.65,113,6.04483756004
0,5,6.65,114,6.10082339137
0,5,6.65,115,6.16118905504
0,5,6.65,116,6.21834898181
0,5,6.65,117,6.27297240026
0,5,6.65,118,6.31913329852
0,5,6.65,119,6.36141758806
0,5,6.65,120,6.40408295717
0,5,6.65,121,6.44769027472
0,5,6.65,122,6.4925554186
0,5,6.65,123,6.53729811882
0,5,6.65,124,6.58250650864
0,5,6.65,125,6.62477729052
0,5,6.65,126,6.66841868895
0,5,6.65,127,6.7102402386
0,5,6.65,128,6.75156285006
0,5,6.65,129,6.80021378505
0,5,6.65,130,6.84728382416
0,5,6.65,131,6.89265843074
0,5,6.65,132,6.93523961837
0,5,6.65,133,6.97322543478
0,5,6.65,134,7.01406709853
0,5,6.65,135,7.05684532537
0,5,6.65,136,7.09661170516
0,5,6.65,137,7.13426726244
0,5,6.65,138,7.16866923424
0,5,6.65,139,7.19936667492
0,5,6.65,140,7.22546646522
0,5,6.65,141,7.24744639936
0,5,6.65,142,7.26424710778
0,5,6.65,143,7.27842650823
0,5,6.65,144,7.28812739575
0,5,6.65,145,7.29598095985
0,5,6.65,146,7.29853312663
0,5,6.65,147,7.30198250339
0,5,6.65,148,7.30438174172
0,5,6.65,149,7.30643038953
0,5,6.65,150,7.31365629402
0,5,6.65,151,7.32186665213
0,5,6.65,152,7.33113375366
0,5,6.65,153,7.34182716869
0,5,6.65,154,7.35669382656
0,5,6.65,155,7.37111836714
0,5,6.65,156,7.38561551829
0,5,6.65,157,7.40485435271
0,5,6.65,158,7.42613333433
0,5,6.65,159,7.44749892278
0,5,6.65,160,7.46657667526
0,5,6.65,161,7.48455949163
0,5,6.65,162,7.50739704093
0,5,6.65,163,7.53623822465
0,5,6.65,164,7.56961779755
0,5,6.65,165,7.60462588306
0,5,6.65,166,7.64072363018
0,5,6.65,167,7.67457097432
0,5,6.65,168,7.70801151447
0,5,6.65,169,7.74150608644
0,5,6.65,170,7.77058371405
0,5,6.65,171,7.79285952214
0,5,6.65,172,7.81214218509
0,5,6.65,173,7.83224847087
0,5,6.65,174,7.85461337059
0,5,6.65,175,7.8786342008
0,5,6.65,176,7.89333338822
0,5,6.65,177,7.90299232892
0,5,6.65,178,7.91287072461
0,5,6.65,179,7.92559204132
0,5,6.65,180,7.93376952344
0,5,6.65,181,7.93917418408
0,5,6.65,182,7.94842294171
0,5,6.65,183,7.96097302755
0,5,6.65,184,7.97084797064
0,5,6.65,185,7.97509294913
0,5,6.65,186,7.97738888539
0,5,6.65,187,7.97399949895
0,5,6.65,188,7.96745853041
0,5,6.65,189,7.95999587398
0,5,6.65,190,7.95207492601
0,5,6.65,191,7.94208190433
0,5,6.65,192,7.93413187648
0,5,6.65,193,7.92824399796
0,5,6.65,194,7.92023108833
0,5,6.65,195,7.91117989142
0,5,6.65,196,7.89462286361
0,5,6.65,197,7.87201522699
0,5,6.65,198,7.84929790954
0,5,6.65,199,7.82825596018
0,5,6.65,200,7.80595001021
0,5,6.65,201,7.78187360162
0,5,6.65,202,7.75918304597
0,5,6.65,203,7.73278633034
0,5,6.65,204,7.70904778954
0,5,6.65,205,7.69390219001
0,5,6.65,206,7.68328530166
0,5,6.65,207,7.67065108558
0,5,6.65,208,7.65205541963
0,5,6.65,209,7.63222998186
0,5,6.65,210,7.61245435923
0,5,6.65,211,7.59056045705
0,5,6.65,212,7.57144621309
0,5,6.65,213,7.55915824447
0,5,6.65,214,7.54028401228
0,5,6.65,215,7.51854929078
0,5,6.65,216,7.49125820503
0,5,6.65,217,7.46444408272
0,5,6.65,218,7.44090080247
0,5,6.65,219,7.41260284436
0,5,6.65,220,7.38133956472
0,5,6.65,221,7.34722173235
0,5,6.65,222,7.31440011957
0,5,6.65,223,7.28387625855
0,5,6.65,224,7.24867691384
0,5,6.65,225,7.21230352836
0,5,6.65,226,7.17352738601
0,5,6.65,227,7.13582199889
0,5,6.65,228,7.09548064969
0,5,6.65,229,7.05760593352
0,5,6.65,230,7.01895222436
0,5,6.65,231,6.97899368317
0,5,6.65,232,6.93921974539
0,5,6.65,233,6.89746192469
0,5,6.65,234,6.85842028705
0,5,6.65,235,6.82416986749
0,5,6.65,236,6.80145839943
0,5,6.65,237,6.78419925224
0,5,6.65,238,6.76771223935
0,5,6.65,239,6.753965151
0,5,6.65,240,6.73998341231
0,5,6.65,241,6.72674157291
0,5,6.65,242,6.7154259161
0,5,6.65,243,6.70140286299
0,5,6.65,244,6.68217821118
0,5,6.65,245,6.66022472764
0,5,6.65,246,6.63283585186
0,5,6.65,247,6.6031262786
0,5,6.65,248,6.57229758975
0,5,6.65,249,6.54410935867
0,5,6.65,250,6.52187131984
0,5,6.65,251,6.49998553627
0,5,6.65,252,6.486805311
0,5,6.65,253,6.48289962645
0,5,6.65,254,6.48048018373
0,5,6.65,255,6.47462644453
0,5,6.65,256,6.4623708452
0,5,6.65,257,6.45046287899
0,5,6.65,258,6.43342832451
0,5,6.65,259,6.41617312777
0,5,6.65,260,6.39680660518
0,5,6.65,261,6.38021924947
0,5,6.65,262,6.36525494536
0,5,6.65,263,6.35621918373
0,5,6.65,264,6.34819089366
0,5,6.65,265,6.34007111209
0,5,6.65,266,6.33338198943
0,5,6.65,267,6.32737686633
0,5,6.65,268,6.32017440413
0,5,6.65,269,6.31091039535
0,5,6.65,270,6.30485060706
0,5,6.65,271,6.29966499476
0,5,6.65,272,6.29807520794
0,5,6.65,273,6.29681307332
0,5,6.65,274,6.29735201612
0,5,6.65,275,6.30235492415
0,5,6.65,276,6.30527885857
0,5,6.65,277,6.30635542314
0,5,6.65,278,6.30928613274
0,5,6.65,279,6.31245156784
0,5,6.65,280,6.31653191888
0,5,6.65,281,6.31946966505
0,5,6.65,282,6.32017859425
0,5,6.65,283,6.31957399759
0,5,6.65,284,6.32449601018
0,5,6.65,285,6.32913433402
0,5,6.65,286,6.33787046948
0,5,6.65,287,6.34700132215
0,5,6.65,288,6.35442914524
0,5,6.65,289,6.35776612103
0,5,6.65,290,6.36464567917
0,5,6.65,291,6.37221671734
0,5,6.65,292,6.37943521195
0,5,6.65,293,6.3877873385
0,5,6.65,294,6.39975486611
0,5,6.65,295,6.41135428648
0,5,6.65,296,6.42368429777
0,5,6.65,297,6.43675513658
0,5,6.65,298,6.4502659311
0,5,6.65,299,6.46585227581
0,5,6.65,300,6.47937439238
0,5,6.65,301,6.49561669895
0,5,6.65,302,6.51635711957
0,5,6.65,303,6.53592823658
0,5,6.65,304,6.55583724565
0,5,6.65,305,6.57421430031
0,5,6.65,306,6.58885840081
0,5,6.65,307,6.6033152326
0,5,6.65,308,6.61409652031
0,5,6.65,309,6.61728603603
0,5,6.65,310,6.6164979712
0,5,6.65,311,6.61481162631
0,5,6.65,312,6.61296295539
0,5,6.65,313,6.60724314845
0,5,6.65,314,6.5991043888
0,5,6.65,315,6.5894312036
0,5,6.65,316,6.57656063788
0,5,6.65,317,6.56360534026
0,5,6.65,318,6.5481900219
0,5,6.65,319,6.53278842069
0,5,6.65,320,6.51710368216
0,5,6.65,321,6.50203719559
0,5,6.65,322,6.48299628284
0,5,6.65,323,6.4647003542
0,5,6.65,324,6.4467106786
0,5,6.65,325,6.4275508688
0,5,6.65,326,6.40983058228
0,5,6.65,327,6.39626677239
0,5,6.65,328,6.38618497977
0,5,6.65,329,6.38055676364
0,5,6.65,330,6.37431434922
0,5,6.65,331,6.35986283488
0,5,6.65,332,6.34459332132
0,5,6.65,333,6.33068844165
0,5,6.65,334,6.31768785725
0,5,6.65,335,6.30526841325
0,5,6.65,336,6.29456800549
0,5,6.65,337,6.28614939183
0,5,6.65,338,6.27840642829
0,5,6.65,339,6.26977567802
0,5,6.65,340,6.26271540892
0,5,6.65,341,6.2505579205
0,5,6.65,342,6.24304536229
0,5,6.65,343,6.23609892751
0,5,6.65,344,6.22511702588
0,5,6.65,345,6.22056189229
0,5,6.65,346,6.21602785475
0,5,6.65,347,6.21518914477
0,5,6.65,348,6.216920125
0,5,6.65,349,6.22327182023
0,5,6.65,350,6.23310414431
0,5,6.65,351,6.23885997717
0,5,6.65,352,6.24089368172
0,5,6.65,353,6.24351234095
0,5,6.65,354,6.2476797404
0,5,6.65,355,6.25062392693
0,5,6.65,356,6.25601420262
0,5,6.65,357,6.26364487687
0,5,6.65,358,6.27287321539
0,5,6.65,359,6.28199753814
0,5,6.65,360,6.28946331094
0,5,6.65,361,6.29334148241
0,5,6.65,362,6.28867251242
0,5,6.65,363,6.278222992
0,5,6.65,364,6.2666811016
0,5,6.65,365,6.25245934776
0,5,6.65,366,6.24135214661
0,5,6.65,367,6.22910516676
0,5,6.65,368,6.21139603428
0,5,6.65,369,6.19469313209
0,5,6.65,370,6.17707462815
0,5,6.65,371,6.16464990798
0,5,6.65,372,6.15248938174
0,5,6.65,373,6.13986628753
0,5,6.65,374,6.12342037056
0,5,6.65,375,6.10615280948
0,5,6.65,376,6.08585224705
0,5,6.65,377,6.06576517206
0,5,6.65,378,6.04277162322
0,5,6.65,379,6.01711124304
0,5,6.65,380,5.99078825188
0,5,6.65,381,5.96719768792
0,5,6.65,382,5.94649374072
0,5,6.65,383,5.92418730095
0,5,6.65,384,5.89990806925
0,5,6.65,385,5.87922619393
0,5,6.65,386,5.86267743395
0,5,6.65,387,5.84986246832
0,5,6.65,388,5.83742779338
0,5,6.65,389,5.82601288741
0,5,6.65,390,5.81641803489
0,5,6.65,391,5.80631720586
0,5,6.65,392,5.79806112904
0,5,6.65,393,5.79667937741
0,5,6.65,394,5.79949787059
0,5,6.65,395,5.80452589643
0,5,6.65,396,5.81104880393
0,5,6.65,397,5.81676807219
0,5,6.65,398,5.81899116729
0,5,6.65,399,5.81409478807
0,5,6.65,400,5.80755815162
0,5,6.65,401,5.80591396151
0,5,6.65,402,5.80679929749
0,5,6.65,403,5.80662533288
0,5,6.65,404,5.80410868351
0,5,6.65,405,5.80066528492
0,5,6.65,406,5.80127760739
0,5,6.65,407,5.80304448395
0,5,6.65,408,5.803227948
0,5,6.65,409,5.80756008664
0,5,6.65,410,5.81705995723
0,5,6.65,411,5.83508381251
0,5,6.65,412,5.85476424043
0,5,6.65,413,5.87433962621
0,5,6.65,414,5.89536707327
0,5,6.65,415,5.91625907877
0,5,6.65,416,5.9344702158
0,5,6.65,417,5.9526680498
0,5,6.65,418,5.97537504996
0,5,6.65,419,5.99288301583
0,5,6.65,420,6.01640215266
0,5,6.65,421,6.03946184657
0,5,6.65,422,6.06528285386
0,5,6.65,423,6.09677195677
0,5,6.65,424,6.13234981506
0,5,6.65,425,6.16590249241
0,5,6.65,426,6.20063523176
0,5,6.65,427,6.23768229904
0,5,6.65,428,6.27123129666
0,5,6.65,429,6.30649752605
0,5,6.65,430,6.33974650599
0,5,6.65,431,6.37439727963
0,5,6.65,432,6.40897600165
0,5,6.65,433,6.43824765251
0,5,6.65,434,6.46675034086
0,5,6.65,435,6.49358702988
0,5,6.65,436,6.52252590704
0,5,6.65,437,6.55052846424
0,5,6.65,438,6.57508981534
0,5,6.65,439,6.59872520067
0,5,6.65,440,6.6246260018
0,5,6.65,441,6.65155469684
0,5,6.65,442,6.68019602499
0,5,6.65,443,6.7036606885
0,5,6.65,444,6.72396405231
0,5,6.65,445,6.74950384565
0,5,6.65,446,6.77731772309
0,5,6.65,447,6.8043463544
0,5,6.65,448,6.83015193748
0,5,6.65,449,6.85595782657
0,5,6.65,450,6.88137109031
0,5,6.65,451,6.91029772968
0,5,6.65,452,6.94533085882
0,5,6.65,453,6.98352836178
0,5,6.65,454,7.02332690603
0,5,6.65,455,7.06856527077
0,5,6.65,456,7.1172748031
0,5,6.65,457,7.17034684457
0,5,6.65,458,7.22140040385
0,5,6.65,459,7.27461705773
0,5,6.65,460,7.32786119278
0,5,6.65,461,7.37994417057
0,5,6.65,462,7.42712450011
0,5,6.65,463,7.47166123201
0,5,6.65,464,7.51392188124
0,5,6.65,465,7.55271957994
0,5,6.65,466,7.58354129912
0,5,6.65,467,7.61222510493
0,5,6.65,468,7.64276902032
0,5,6.65,469,7.67402477361
0,5,6.65,470,7.70098770828
0,5,6.65,471,7.72483359914
0,5,6.65,472,7.74966712638
0,5,6.65,473,7.77747245442
0,5,6.65,474,7.80757341919
0,5,6.65,475,7.83611354504
0,5,6.65,476,7.86569058641
0,5,6.65,477,7.89044153526
0,5,6.65,478,7.9167903578
0,5,6.65,479,7.94051039266
0,5,6.65,480,7.96076432343
0,5,6.65,481,7.97903061023
0,5,6.65,482,7.99740989246
0,5,6.65,483,8.01660981918
0,5,6.65,484,8.03599800803
0,5,6.65,485,8.05993538008
0,5,6.65,486,8.08038489507
0,5,6.65,487,8.10168126718
0,5,6.65,488,8.11674347805
0,5,6.65,489,8.12531080529
0,5,6.65,490,8.1240801841
0,5,6.65,491,8.11889101794
0,5,6.65,492,8.11348807817
0,5,6.65,493,8.1092115085
0,5,6.65,494,8.10431472417
0,5,6.65,495,8.09762054416
0,5,6.65,496,8.09192840817
0,5,6.65,497,8.09013184332
0,5,6.65,498,8.08948254868
0,5,6.65,499,8.08668847687
0,5,6.65,500,8.07900249324
0,5,6.65,501,8.06933794715
0,5,6.65,502,8.05758046896
0,5,6.65,503,8.04640548331
0,5,6.65,504,8.04034637982
0,5,6.65,505,8.03273334185
0,5,6.65,506,8.0252383284
0,5,6.65,507,8.01325680215
0,5,6.65,508,8.0013798699
0,5,6.65,509,7.98989441649
0,5,6.65,510,7.97780323867
0,5,6.65,511,7.96008590509
0,5,6.65,512,7.94062905353
0,5,6.65,513,7.91981690666
0,5,6.65,514,7.89819527215
0,5,6.65,515,7.87634307739
0,5,6.65,516,7.85247048524
0,5,6.65,517,7.83237729341
0,5,6.65,518,7.81335696116
0,5,6.65,519,7.78841593581
0,5,6.65,520,7.76203690487
0,5,6.65,521,7.73225516924
0,5,6.65,522,7.69784879821
0,5,6.65,523,7.66569074801
0,5,6.65,524,7.63829514248
0,5,6.65,525,7.61701771507
0,5,6.65,526,7.59867018518
0,5,6.65,527,7.58115491071
0,5,6.65,528,7.56132360398
0,5,6.65,529,7.53512164103
0,5,6.65,530,7.50889357329
0,5,6.65,531,7.4833258788
0,5,6.65,532,7.45291823429
0,5,6.65,533,7.4212583101
0,5,6.65,534,7.39013186417
0,5,6.65,535,7.35940201599
0,5,6.65,536,7.32696627912
0,5,6.65,537,7.29468806588
0,5,6.65,538,7.25579410476
0,5,6.65,539,7.21332243327
0,5,6.65,540,7.16632668682
0,5,6.65,541,7.11675340708
0,5,6.65,542,7.06727694215
0,5,6.65,543,7.02412685809
0,5,6.65,544,6.98843286787
0,5,6.65,545,6.96243173737
0,5,6.65,546,6.93438698543
0,5,6.65,547,6.90337654938
0,5,6.65,548,6.87405052951
0,5,6.65,549,6.84859176141
0,5,6.65,550,6.82445051721
0,5,6.65,551,6.80159199428
0,5,6.65,552,6.78215110088
0,5,6.65,553,6.76921506796
0,5,6.65,554,6.76188649434
0,5,6.65,555,6.75347477819
0,5,6.65,556,6.74050159296
0,5,6.65,557,6.72574039633
0,5,6.65,558,6.71136337675
0,5,6.65,559,6.697252231
0,5,6.65,560,6.68192626721
0,5,6.65,561,6.66795706258
0,5,6.65,562,6.65833965523
0,5,6.65,563,6.64838945574
0,5,6.65,564,6.6387388466
0,5,6.65,565,6.62744834113
0,5,6.65,566,6.61496798461
0,5,6.65,567,6.6047461463
0,5,6.65,568,6.59849597105
0,5,6.65,569,6.59097641119
0,5,6.65,570,6.58499303882
0,5,6.65,571,6.58026659677
0,5,6.65,572,6.57180621781
0,5,6.65,573,6.56622404422
0,5,6.65,574,6.56552938745
0,5,6.65,575,6.56440931119
0,5,6.65,576,6.55996137282
0,5,6.65,577,6.55651041557
0,5,6.65,578,6.55308362497
0,5,6.65,579,6.54950242652
0,5,6.65,580,6.54662268988
0,5,6.65,581,6.54567659646
0,5,6.65,582,6.54783160009
0,5,6.65,583,6.55644307698
0,5,6.65,584,6.56705717359
0,5,6.65,585,6.57630518918
0,5,6.65,586,6.58363858711
0,5,6.65,587,6.58182461071
0,5,6.65,588,6.57733997161
0,5,6.65,589,6.57338869781
0,5,6.65,590,6.57502887087
0,5,6.65,591,6.57981643641
0,5,6.65,592,6.58492271059
0,5,6.65,593,6.58800309923
0,5,6.65,594,6.59268786249
0,5,6.65,595,6.6006801447
0,5,6.65,596,6.60944827257
0,5,6.65,597,6.62043289475
0,5,6.65,598,6.63120983372
0,5,6.65,599,6.64956925133
0,5,6.65,600,6.67120730736
0,5,6.65,601,6.69425613563
0,5,6.65,602,6.71559595282
0,5,6.65,603,6.73663388697
0,5,6.65,604,6.76069345368
0,5,6.65,605,6.79017923417
0,5,6.65,606,6.82249918451
0,5,6.65,607,6.85591442568
0,5,6.65,608,6.89125326631
0,5,6.65,609,6.92747992172
0,5,6.65,610,6.96460489304
0,5,6.65,611,7.00580017811
0,5,6.65,612,7.04618862676
0,5,6.65,613,7.084354625
0,5,6.65,614,7.12569243342
0,5,6.65,615,7.16281383129
0,5,6.65,616,7.20314903929
0,5,6.65,617,7.24767601377
0,5,6.65,618,7.29363986843
0,5,6.65,619,7.33084529702
0,5,6.65,620,7.36658474212
0,5,6.65,621,7.40025761597
0,5,6.65,622,7.42630264271
0,5,6.65,623,7.44911274444
0,5,6.65,624,7.47246190347
0,5,6.65,625,7.49514967641
0,5,6.65,626,7.52063400106
0,5,6.65,627,7.54608410421
0,5,6.65,628,7.57617914598
0,5,6.65,629,7.60588254074
0,5,6.65,630,7.63373650925
0,5,6.65,631,7.65812833691
0,5,6.65,632,7.68175860437
0,5,6.65,633,7.70313049891
0,5,6.65,634,7.72606694588
0,5,6.65,635,7.75243678091
0,5,6.65,636,7.78000950757
0,5,6.65,637,7.80300985171
0,5,6.65,638,7.81986841529
0,5,6.65,639,7.83728814248
0,5,6.65,640,7.85700740103
0,5,6.65,641,7.87647193363
0,5,6.65,642,7.89543348947
0,5,6.65,643,7.91754920142
0,5,6.65,644,7.93673004528
0,5,6.65,645,7.95243466607
0,5,6.65,646,7.96390245365
0,5,6.65,647,7.9726245793
0,5,6.65,648,7.97907625105
0,5,6.65,649,7.98237301483
0,5,6.65,650,7.98740021955
0,5,6.65,651,7.98829543612
0,5,6.65,652,7.98614519554
0,5,6.65,653,7.98612916362
0,5,6.65,654,7.9831068054
0,5,6.65,655,7.97544107255
0,5,6.65,656,7.96243170789
0,5,6.65,657,7.94591228369
0,5,6.65,658,7.92844274462
0,5,6.65,659,7.90716296905
0,5,6.65,660,7.87776310989
0,5,6.65,661,7.85110545795
0,5,6.65,662,7.82171207006
0,5,6.65,663,7.78558554512
0,5,6.65,664,7.745672792
0,5,6.65,665,7.70803197328
0,5,6.65,666,7.6717191981
0,5,6.65,667,7.63700694459
0,5,6.65,668,7.59874051146
0,5,6.65,669,7.5597215614
0,5,6.65,670,7.51788496917
0,5,6.65,671,7.4767679952
0,5,6.65,672,7.43657657758
0,5,6.65,673,7.39582294733
0,5,6.65,674,7.35413144274
0,5,6.65,675,7.31022076251
0,5,6.65,676,7.26478447696
0,5,6.65,677,7.22240118402
0,5,6.65,678,7.1798960489
0,5,6.65,679,7.13910009397
0,5,6.65,680,7.09665354643
0,5,6.65,681,7.05811978689
0,5,6.65,682,7.02184124495
0,5,6.65,683,6.98700300557
0,5,6.65,684,6.9504007666
0,5,6.65,685,6.91250507329
0,5,6.65,686,6.87608082512
0,5,6.65,687,6.84478705848
0,5,6.65,688,6.81011568251
0,5,6.65,689,6.77748933947
0,5,6.65,690,6.74378501157
0,5,6.65,691,6.7040825014
0,5,6.65,692,6.66585813531
0,5,6.65,693,6.63731186943
0,5,6.65,694,6.61078183344
0,5,6.65,695,6.58704200263
0,5,6.65,696,6.56772914247
0,5,6.65,697,6.54723295419
0,5,6.65,698,6.52663171791
0,5,6.65,699,6.50802544629
0,5,6.65,700,6.48808310833
0,5,6.65,701,6.46777646644
0,5,6.65,702,6.44772326787
0,5,6.65,703,6.420201017
0,5,6.65,704,6.38998126753
0,5,6.65,705,6.36099132841
0,5,6.65,706,6.33529048696
0,5,6.65,707,6.30967533116
0,5,6.65,708,6.28123176324
0,5,6.65,709,6.25087750959
0,5,6.65,710,6.22120044641
0,5,6.65,711,6.19180393146
0,5,6.65,712,6.16334863666
0,5,6.65,713,6.12841748177
0,5,6.65,714,6.08809972482
0,5,6.65,715,6.05090385693
0,5,6.65,716,6.01479054911
0,5,6.65,717,5.98241177409
0,5,6.65,718,5.94940730514
0,5,6.65,719,5.92108716106
0,5,6.65,720,5.89118380766
0,5,6.65,721,5.85869550262
0,5,6.65,722,5.8279598698
0,5,6.65,723,5.79794494134
0,5,6.65,724,5.76553210746
0,5,6.65,725,5.73195003578
0,5,6.65,726,5.70147854904
0,5,6.65,727,5.67154108581
0,5,6.65,728,5.64281402158
0,5,6.65,729,5.6207684891
0,5,6.65,730,5.60059339705
0,5,6.65,731,5.58061504618
0,5,6.65,732,5.561831768
0,5,6.65,733,5.55036340356
0,5,6.65,734,5.54049246662
0,5,6.65,735,5.52766191181
0,5,6.65,736,5.51692136609
0,5,6.65,737,5.50886121765
0,5,6.65,738,5.50520810438
0,5,6.65,739,5.50598929264
0,5,6.65,740,5.50646953066
0,5,6.65,741,5.50974726301
0,5,6.65,742,5.51619430921
0,5,6.65,743,5.5240439604
0,5,6.65,744,5.53632343468
0,5,6.65,745,5.54917321904
0,5,6.65,746,5.56099995723
0,5,6.65,747,5.57462386109
0,5,6.65,748,5.58938536676
0,5,6.65,749,5.60890062553
0,5,6.65,750,5.63013538292
0,5,6.65,751,5.65335292919
0,5,6.65,752,5.67991650658
0,5,6.65,753,5.70776464245
0,5,6.65,754,5.73739113565
0,5,6.65,755,5.77088552332
0,5,6.65,756,5.80690630849
0,5,6.65,757,5.84132124982
0,5,6.65,758,5.87701621282
0,5,6.65,759,5.91081652959
0,5,6.65,760,5.9435184922
0,5,6.65,761,5.97268438793
0,5,6.65,762,6.00254024486
0,5,6.65,763,6.03321692692
0,5,6.65,764,6.05937258547
0,5,6.65,765,6.07745685659
0,5,6.65,766,6.0903529173
0,5,6.65,767,6.10412280734
0,5,6.65,768,6.11729898484
0,5,6.65,769,6.13124395411
0,5,6.65,770,6.14904149315
0,5,6.65,771,6.17459444228
0,5,6.65,772,6.20339134479
0,5,6.65,773,6.23178430771
0,5,6.65,774,6.26141120993
0,5,6.65,775,6.29112996968
0,5,6.65,776,6.32038966687
0,5,6.65,777,6.34745962828
0,5,6.65,778,6.37950737366
0,5,6.65,779,6.40924221315
0,5,6.65,780,6.43683625974
0,5,6.65,781,6.46289726302
0,5,6.65,782,6.4893151998
0,5,6.65,783,6.51358328799
0,5,6.65,784,6.53245003775
0,5,6.65,785,6.55040492882
0,5,6.65,786,6.56395217042
0,5,6.65,787,6.57926760244
0,5,6.65,788,6.59630713957
0,5,6.65,789,6.61726131861
0,5,6.65,790,6.63553502573
0,5,6.65,791,6.65335263405
0,5,6.65,792,6.67258963154
0,5,6.65,793,6.6966496431
0,5,6.65,794,6.72593991692
0,5,6.65,795,6.75481419904
0,5,6.65,796,6.7875225129
0,5,6.65,797,6.81893246613
0,5,6.65,798,6.84887802499
0,5,6.65,799,6.87753311275
0,6,7.3,0,6.56320136223
0,6,7.3,1,6.54999219652
0,6,7.3,2,6.54199114066
0,6,7.3,3,6.53461143229
0,6,7.3,4,6.52966225435
0,6,7.3,5,6.52351671065
0,6,7.3,6,6.51666912273
0,6,7.3,7,6.51038713775
0,6,7.3,8,6.50365441385
0,6,7.3,9,6.49423351096
0,6,7.3,10,6.48516198873
0,6,7.3,11,6.47925980196
0,6,7.3,12,6.47492696213
0,6,7.3,13,6.470189309
0,6,7.3,14,6.46188336009
0,6,7.3,15,6.45121553492
0,6,7.3,16,6.44144891671
0,6,7.3,17,6.43672743099
0,6,7.3,18,6.43688111655
0,6,7.3,19,6.43871822761
0,6,7.3,20,6.44049437668
0,6,7.3,21,6.43874660592
0,6,7.3,22,6.4400171387
0,6,7.3,23,6.43550363492
0,6,7.3,24,6.42928701089
0,6,7.3,25,6.42753872412
0,6,7.3,26,6.4241692135
0,6,7.3,27,6.42265158806
0,6,7.3,28,6.41814473608
0,6,7.3,29,6.41414624747
0,6,7.3,30,6.40691364669
0,6,7.3,31,6.39953084175
0,6,7.3,32,6.39035680147
0,6,7.3,33,6.38547389516
0,6,7.3,34,6.38770233262
0,6,7.3,35,6.39408009615
0,6,7.3,36,6.40252000508
0,6,7.3,37,6.41018589927
0,6,7.3,38,6.41513179819
0,6,7.3,39,6.41486709608
0,6,7.3,40,6.42113062337
0,6,7.3,41,6.42553856698
0,6,7.3,42,6.42409455132
0,6,7.3,43,6.42015246436
0,6,7.3,44,6.41302170109
0,6,7.3,45,6.40445949846
0,6,7.3,46,6.3947816724
0,6,7.3,47,6.38812612976
0,6,7.3,48,6.39306288026
0,6,7.3,49,6.39933269839
0,6,7.3,50,6.40264655406
0,6,7.3,51,6.40742913233
0,6,7.3,52,6.4112664063
0,6,7.3,53,6.41537226707
0,6,7.3,54,6.41945876445
0,6,7.3,55,6.42435457398
0,6,7.3,56,6.42840675059
0,6,7.3,57,6.43515933833
0,6,7.3,58,6.44602177742
0,6,7.3,59,6.46443459465
0,6,7.3,60,6.4867560348
0,6,7.3,61,6.5094290398
0,6,7.3,62,6.52533841845
0,6,7.3,63,6.53815974629
0,6,7.3,64,6.55155925346
0,6,7.3,65,6.57057999611
0,6,7.3,66,6.59161123508
0,6,7.3,67,6.61352539531
0,6,7.3,68,6.63895128103
0,6,7.3,69,6.66392636906
0,6,7.3,70,6.68927295368
0,6,7.3,71,6.71674207791
0,6,7.3,72,6.74705926261
0,6,7.3,73,6.78143430511
0,6,7.3,74,6.81591646784
0,6,7.3,75,6.85070151346
0,6,7.3,76,6.88689670307
0,6,7.3,77,6.92027660457
0,6,7.3,78,6.95048603532
0,6,7.3,79,6.97593955037
0,6,7.3,80,6.99760147963
0,6,7.3,81,7.01982959792
0,6,7.3,82,7.03914764374
0,6,7.3,83,7.05895288298
0,6,7.3,84,7.08231175814
0,6,7.3,85,7.10944166437
0,6,7.3,86,7.13706165859
0,6,7.3,87,7.16628292165
0,6,7.3,88,7.19719748148
0,6,7.3,89,7.2290890421
0,6,7.3,90,7.25485807538
0,6,7.3,91,7.28006245354
0,6,7.3,92,7.30534018861
0,6,7.3,93,7.33300158316
0,6,7.3,94,7.3611181344
0,6,7.3,95,7.38765117619
0,6,7.3,96,7.41055769936
0,6,7.3,97,7.43225541354
0,6,7.3,98,7.44824697117
0,6,7.3,99,7.46033320715
0,6,7.3,100,7.47710599066
0,6,7.3,101,7.49490020875
0,6,7.3,102,7.51393837534
0,6,7.3,103,7.53343139593
0,6,7.3,104,7.55094717974
0,6,7.3,105,7.56279321046
0,6,7.3,106,7.57391817044
0,6,7.3,107,7.58831048551
0,6,7.3,108,7.60544609606
0,6,7.3,109,7.62325489118
0,6,7.3,110,7.63612841727
0,6,7.3,111,7.64517459982
0,6,7.3,112,7.65310664461
0,6,7.3,113,7.66575504072
0,6,7.3,114,7.67930009304
0,6,7.3,115,7.68981856329
0,6,7.3,116,7.69097548545
0,6,7.3,117,7.68847045544
0,6,7.3,118,7.68256716379
0,6,7.3,119,7.67384398391
0,6,7.3,120,7.66328028076
0,6,7.3,121,7.65194741136
0,6,7.3,122,7.63723076341
0,6,7.3,123,7.61720002873
0,6,7.3,124,7.6034429461
0,6,7.3,125,7.59190138541
0,6,7.3,126,7.57882613665
0,6,7.3,127,7.56230568368
0,6,7.3,128,7.54504358017
0,6,7.3,129,7.53178454752
0,6,7.3,130,7.52245289509
0,6,7.3,131,7.51566374165
0,6,7.3,132,7.50757614584
0,6,7.3,133,7.49938346439
0,6,7.3,134,7.49139560235
0,6,7.3,135,7.48646070838
0,6,7.3,136,7.48584668927
0,6,7.3,137,7.48551661277
0,6,7.3,138,7.48738950532
0,6,7.3,139,7.49005436345
0,6,7.3,140,7.49408186518
0,6,7.3,141,7.49805308978
0,6,7.3,142,7.50389518971
0,6,7.3,143,7.50951239912
0,6,7.3,144,7.5155087147
0,6,7.3,145,7.52529396104
0,6,7.3,146,7.5345799662
0,6,7.3,147,7.5449584185
0,6,7.3,148,7.55614828614
0,6,7.3,149,7.56920685894
0,6,7.3,150,7.58399357817
0,6,7.3,151,7.60768242741
0,6,7.3,152,7.63652399161
0,6,7.3,153,7.65582661797
0,6,7.3,154,7.67173155631
0,6,7.3,155,7.68730353569
0,6,7.3,156,7.70436551801
0,6,7.3,157,7.71962970313
0,6,7.3,158,7.73385206238
0,6,7.3,159,7.74269067186
0,6,7.3,160,7.74962275638
0,6,7.3,161,7.75301853337
0,6,7.3,162,7.75510014758
0,6,7.3,163,7.76209562269
0,6,7.3,164,7.77318376465
0,6,7.3,165,7.78983836856
0,6,7.3,166,7.8045392431
0,6,7.3,167,7.82029498191
0,6,7.3,168,7.83932275945
0,6,7.3,169,7.86040610829
0,6,7.3,170,7.87890767324
0,6,7.3,171,7.89238468734
0,6,7.3,172,7.90669599565
0,6,7.3,173,7.9206146651
0,6,7.3,174,7.93256264633
0,6,7.3,175,7.9402185492
0,6,7.3,176,7.94578288759
0,6,7.3,177,7.95545113553
0,6,7.3,178,7.96882664006
0,6,7.3,179,7.98178315459
0,6,7.3,180,7.99874325019
0,6,7.3,181,8.01913349401
0,6,7.3,182,8.03711808773
0,6,7.3,183,8.05609765767
0,6,7.3,184,8.07425741722
0,6,7.3,185,8.09148921128
0,6,7.3,186,8.10977007643
0,6,7.3,187,8.13250827714
0,6,7.3,188,8.15858181431
0,6,7.3,189,8.18568107201
0,6,7.3,190,8.21641255064
0,6,7.3,191,8.24669679954
0,6,7.3,192,8.27450434309
0,6,7.3,193,8.31144600456
0,6,7.3,194,8.3538090348
0,6,7.3,195,8.39375092784
0,6,7.3,196,8.42795265927
0,6,7.3,197,8.45525175277
0,6,7.3,198,8.48266357801
0,6,7.3,199,8.50676462495
0,6,7.3,200,8.51991166922
0,6,7.3,201,8.52581122309
0,6,7.3,202,8.53156723144
0,6,7.3,203,8.53579813135
0,6,7.3,204,8.54178085299
0,6,7.3,205,8.55144590598
0,6,7.3,206,8.56061755367
0,6,7.3,207,8.57197883884
0,6,7.3,208,8.58386942013
0,6,7.3,209,8.59113051089
0,6,7.3,210,8.59812144009
0,6,7.3,211,8.6035696705
0,6,7.3,212,8.60684303637
0,6,7.3,213,8.60442022077
0,6,7.3,214,8.60028762484
0,6,7.3,215,8.59473922
0,6,7.3,216,8.58608284853
0,6,7.3,217,8.57480777493
0,6,7.3,218,8.56032437668
0,6,7.3,219,8.54356372733
0,6,7.3,220,8.525200065
0,6,7.3,221,8.50780932726
0,6,7.3,222,8.49175070711
0,6,7.3,223,8.477755136
0,6,7.3,224,8.46346853101
0,6,7.3,225,8.44992865612
0,6,7.3,226,8.43930450802
0,6,7.3,227,8.4322553195
0,6,7.3,228,8.42644070137
0,6,7.3,229,8.42113848422
0,6,7.3,230,8.41710337966
0,6,7.3,231,8.41040438668
0,6,7.3,232,8.40228377115
0,6,7.3,233,8.38982926652
0,6,7.3,234,8.37785418751
0,6,7.3,235,8.36744029202
0,6,7.3,236,8.36112975759
0,6,7.3,237,8.35486527144
0,6,7.3,238,8.35058133522
0,6,7.3,239,8.34748923172
0,6,7.3,240,8.34637900446
0,6,7.3,241,8.34535421515
0,6,7.3,242,8.3438449539
0,6,7.3,243,8.33908917862
0,6,7.3,244,8.33366772624
0,6,7.3,245,8.32436258437
0,6,7.3,246,8.31126225381
0,6,7.3,247,8.29771990459
0,6,7.3,248,8.28788173594
0,6,7.3,249,8.28084121021
0,6,7.3,250,8.27247445319
0,6,7.3,251,8.26860595216
0,6,7.3,252,8.26679870669
0,6,7.3,253,8.26135348351
0,6,7.3,254,8.25234357387
0,6,7.3,255,8.23386492965
0,6,7.3,256,8.21205995756
0,6,7.3,257,8.19365305477
0,6,7.3,258,8.17434539098
0,6,7.3,259,8.15114885747
0,6,7.3,260,8.13139202306
0,6,7.3,261,8.11583386935
0,6,7.3,262,8.10363460403
0,6,7.3,263,8.09202994241
0,6,7.3,264,8.08410423519
0,6,7.3,265,8.07534535934
0,6,7.3,266,8.06810257165
0,6,7.3,267,8.0664103389
0,6,7.3,268,8.06564933983
0,6,7.3,269,8.06306305735
0,6,7.3,270,8.0603671894
0,6,7.3,271,8.05590401624
0,6,7.3,272,8.04886062409
0,6,7.3,273,8.03979167777
0,6,7.3,274,8.02788030612
0,6,7.3,275,8.01475182356
0,6,7.3,276,7.99997413397
0,6,7.3,277,7.98760920075
0,6,7.3,278,7.98003637781
0,6,7.3,279,7.96986668268
0,6,7.3,280,7.95522095149
0,6,7.3,281,7.94374861084
0,6,7.3,282,7.93670626159
0,6,7.3,283,7.93107252084
0,6,7.3,284,7.92832188146
0,6,7.3,285,7.92989053654
0,6,7.3,286,7.93088877557
0,6,7.3,287,7.92709778565
0,6,7.3,288,7.92012842271
0,6,7.3,289,7.91544731643
0,6,7.3,290,7.91057739678
0,6,7.3,291,7.90401202173
0,6,7.3,292,7.89903526894
0,6,7.3,293,7.89014555055
0,6,7.3,294,7.87604746547
0,6,7.3,295,7.85917567494
0,6,7.3,296,7.84131471233
0,6,7.3,297,7.82061866867
0,6,7.3,298,7.79696784133
0,6,7.3,299,7.7796108972
0,6,7.3,300,7.76533756934
0,6,7.3,301,7.74914336695
0,6,7.3,302,7.73129648486
0,6,7.3,303,7.71158264353
0,6,7.3,304,7.68867323697
0,6,7.3,305,7.66345798692
0,6,7.3,306,7.6379429088
0,6,7.3,307,7.61139918075
0,6,7.3,308,7.58113345909
0,6,7.3,309,7.54894020041
0,6,7.3,310,7.52032074777
0,6,7.3,311,7.49645577049
0,6,7.3,312,7.4717762813
0,6,7.3,313,7.44810650296
0,6,7.3,314,7.43065693941
0,6,7.3,315,7.41707339158
0,6,7.3,316,7.40233371004
0,6,7.3,317,7.38437169458
0,6,7.3,318,7.36722388863
0,6,7.3,319,7.35306357413
0,6,7.3,320,7.34350500048
0,6,7.3,321,7.34091458055
0,6,7.3,322,7.3439982483
0,6,7.3,323,7.35129091102
0,6,7.3,324,7.35698469248
0,6,7.3,325,7.36002144297
0,6,7.3,326,7.36589413524
0,6,7.3,327,7.3727893179
0,6,7.3,328,7.38577792043
0,6,7.3,329,7.40361855116
0,6,7.3,330,7.42323547945
0,6,7.3,331,7.44575453126
0,6,7.3,332,7.46957434831
0,6,7.3,333,7.49314851055
0,6,7.3,334,7.51936649021
0,6,7.3,335,7.54357455541
0,6,7.3,336,7.56269325515
0,6,7.3,337,7.58153477865
0,6,7.3,338,7.60486755031
0,6,7.3,339,7.62729946922
0,6,7.3,340,7.65320963812
0,6,7.3,341,7.68458547218
0,6,7.3,342,7.71322421666
0,6,7.3,343,7.74074126815
0,6,7.3,344,7.76663195447
0,6,7.3,345,7.78716046978
0,6,7.3,346,7.80455222063
0,6,7.3,347,7.82061615233
0,6,7.3,348,7.836242353
0,6,7.3,349,7.84838191462
0,6,7.3,350,7.85349114069
0,6,7.3,351,7.85750385505
0,6,7.3,352,7.86550508453
0,6,7.3,353,7.87290387919
0,6,7.3,354,7.87878653392
0,6,7.3,355,7.88351762577
0,6,7.3,356,7.89031211062
0,6,7.3,357,7.89625526187
0,6,7.3,358,7.8996918909
0,6,7.3,359,7.90026775241
0,6,7.3,360,7.89954956395
0,6,7.3,361,7.89948744035
0,6,7.3,362,7.9027614544
0,6,7.3,363,7.90547490109
0,6,7.3,364,7.91001000948
0,6,7.3,365,7.91360795064
0,6,7.3,366,7.91817641591
0,6,7.3,367,7.92461483073
0,6,7.3,368,7.92947013838
0,6,7.3,369,7.93175567045
0,6,7.3,370,7.93391396994
0,6,7.3,371,7.93973779706
0,6,7.3,372,7.94400730941
0,6,7.3,373,7.94354107413
0,6,7.3,374,7.93742594131
0,6,7.3,375,7.93248954658
0,6,7.3,376,7.92374985133
0,6,7.3,377,7.91941280305
0,6,7.3,378,7.92107270196
0,6,7.3,379,7.92278060473
0,6,7.3,380,7.9268606388
0,6,7.3,381,7.9305362217
0,6,7.3,382,7.935925678
0,6,7.3,383,7.94659855537
0,6,7.3,384,7.95957751112
0,6,7.3,385,7.97222967677
0,6,7.3,386,7.98123218748
0,6,7.3,387,7.98796092807
0,6,7.3,388,7.99542427318
0,6,7.3,389,8.00335241181
0,6,7.3,390,8.013266511
0,6,7.3,391,8.02457667959
0,6,7.3,392,8.04033620057
0,6,7.3,393,8.05602350577
0,6,7.3,394,8.07125335514
0,6,7.3,395,8.08538054728
0,6,7.3,396,8.10293780781
0,6,7.3,397,8.12672072126
0,6,7.3,398,8.14852037476
0,6,7.3,399,8.16701640932
0,6,7.3,400,8.18081331837
0,6,7.3,401,8.19333478521
0,6,7.3,402,8.2071967544
0,6,7.3,403,8.22638163941
0,6,7.3,404,8.23976600171
0,6,7.3,405,8.25346585476
0,6,7.3,406,8.26675313827
0,6,7.3,407,8.2798687252
0,6,7.3,408,8.29287804565
0,6,7.3,409,8.30647419133
0,6,7.3,410,8.31693572576
0,6,7.3,411,8.32441236655
0,6,7.3,412,8.3371146832
0,6,7.3,413,8.35424947627
0,6,7.3,414,8.37179739892
0,6,7.3,415,8.38657432919
0,6,7.3,416,8.39553754919
0,6,7.3,417,8.40178293061
0,6,7.3,418,8.40485498291
0,6,7.3,419,8.4081000639
0,6,7.3,420,8.41354260479
0,6,7.3,421,8.41636527786
0,6,7.3,422,8.41926686683
0,6,7.3,423,8.42584650301
0,6,7.3,424,8.43561052718
0,6,7.3,425,8.44662749394
0,6,7.3,426,8.45404006805
0,6,7.3,427,8.46280851187
0,6,7.3,428,8.47581246911
0,6,7.3,429,8.48918231888
0,6,7.3,430,8.49929977589
0,6,7.3,431,8.51009512145
0,6,7.3,432,8.52365670788
0,6,7.3,433,8.54057388875
0,6,7.3,434,8.55598921311
0,6,7.3,435,8.57140632228
0,6,7.3,436,8.58975591073
0,6,7.3,437,8.60224931487
0,6,7.3,438,8.60790354794
0,6,7.3,439,8.61124220703
0,6,7.3,440,8.61455930154
0,6,7.3,441,8.61231870588
0,6,7.3,442,8.61455337834
0,6,7.3,443,8.62486609474
0,6,7.3,444,8.63594714166
0,6,7.3,445,8.64839959246
0,6,7.3,446,8.65714595028
0,6,7.3,447,8.66507983101
0,6,7.3,448,8.66906974436
0,6,7.3,449,8.66582284526
0,6,7.3,450,8.65513053696
0,6,7.3,451,8.64174661388
0,6,7.3,452,8.62770545951
0,6,7.3,453,8.61039026297
0,6,7.3,454,8.59324081653
0,6,7.3,455,8.5748588146
0,6,7.3,456,8.55269339296
0,6,7.3,457,8.52783982692
0,6,7.3,458,8.49632696558
0,6,7.3,459,8.46512275866
0,6,7.3,460,8.43675026129
0,6,7.3,461,8.4082014963
0,6,7.3,462,8.38103022441
0,6,7.3,463,8.35199443162
0,6,7.3,464,8.3248438687
0,6,7.3,465,8.29626678121
0,6,7.3,466,8.27178759284
0,6,7.3,467,8.24676579246
0,6,7.3,468,8.21964255026
0,6,7.3,469,8.19239891948
0,6,7.3,470,8.16555102656
0,6,7.3,471,8.14374754009
0,6,7.3,472,8.12707910648
0,6,7.3,473,8.10961297175
0,6,7.3,474,8.08951885343
0,6,7.3,475,8.0700303929
0,6,7.3,476,8.04990778196
0,6,7.3,477,8.02767256091
0,6,7.3,478,8.00844456699
0,6,7.3,479,7.9883164454
0,6,7.3,480,7.96006679087
0,6,7.3,481,7.92797061945
0,6,7.3,482,7.89207955916
0,6,7.3,483,7.85541664401
0,6,7.3,484,7.81507686026
0,6,7.3,485,7.77154032281
0,6,7.3,486,7.72457671134
0,6,7.3,487,7.6772666675
0,6,7.3,488,7.6340933586
0,6,7.3,489,7.59820031383
0,6,7.3,490,7.56457195371
0,6,7.3,491,7.52246090176
0,6,7.3,492,7.46882259579
0,6,7.3,493,7.41568403718
0,6,7.3,494,7.37517095891
0,6,7.3,495,7.33823022798
0,6,7.3,496,7.29796851674
0,6,7.3,497,7.25610446967
0,6,7.3,498,7.21109400803
0,6,7.3,499,7.16567260315
0,6,7.3,500,7.12109196591
0,6,7.3,501,7.08120015288
0,6,7.3,502,7.04350406629
0,6,7.3,503,7.00519212756
0,6,7.3,504,6.96756580906
0,6,7.3,505,6.93381761304
0,6,7.3,506,6.89548440841
0,6,7.3,507,6.86082058493
0,6,7.3,508,6.82984028571
0,6,7.3,509,6.79789816053
0,6,7.3,510,6.7643569059
0,6,7.3,511,6.73426290002
0,6,7.3,512,6.70450402847
0,6,7.3,513,6.68032298131
0,6,7.3,514,6.65557430579
0,6,7.3,515,6.63360289058
0,6,7.3,516,6.61147706626
0,6,7.3,517,6.5884722862
0,6,7.3,518,6.57085533899
0,6,7.3,519,6.55103350732
0,6,7.3,520,6.52918904869
0,6,7.3,521,6.50842840815
0,6,7.3,522,6.48596211289
0,6,7.3,523,6.4558177551
0,6,7.3,524,6.4195803516
0,6,7.3,525,6.38089184227
0,6,7.3,526,6.34594523852
0,6,7.3,527,6.31219277872
0,6,7.3,528,6.28100912273
0,6,7.3,529,6.24973942866
0,6,7.3,530,6.22071012915
0,6,7.3,531,6.18880620855
0,6,7.3,532,6.1588884554
0,6,7.3,533,6.12599781364
0,6,7.3,534,6.09375465991
0,6,7.3,535,6.06375124512
0,6,7.3,536,6.0370817571
0,6,7.3,537,6.00690925069
0,6,7.3,538,5.97805780471
0,6,7.3,539,5.95546768582
0,6,7.3,540,5.93083581614
0,6,7.3,541,5.90867092127
0,6,7.3,542,5.89200440953
0,6,7.3,543,5.87839625373
0,6,7.3,544,5.86660939399
0,6,7.3,545,5.85832577879
0,6,7.3,546,5.85357244543
0,6,7.3,547,5.84888795093
0,6,7.3,548,5.84451354033
0,6,7.3,549,5.84192322382
0,6,7.3,550,5.83974011044
0,6,7.3,551,5.8408316271
0,6,7.3,552,5.84533856634
0,6,7.3,553,5.85217203327
0,6,7.3,554,5.85733539081
0,6,7.3,555,5.85880331998
0,6,7.3,556,5.85824556768
0,6,7.3,557,5.85849616948
0,6,7.3,558,5.86045928888
0,6,7.3,559,5.86816966202
0,6,7.3,560,5.87948318342
0,6,7.3,561,5.89144853771
0,6,7.3,562,5.90518744139
0,6,7.3,563,5.91723340803
0,6,7.3,564,5.93384850671
0,6,7.3,565,5.95165538567
0,6,7.3,566,5.97511943696
0,6,7.3,567,6.00024777669
0,6,7.3,568,6.02807969106
0,6,7.3,569,6.06040042783
0,6,7.3,570,6.09435626092
0,6,7.3,571,6.12634429047
0,6,7.3,572,6.16137620354
0,6,7.3,573,6.19909177112
0,6,7.3,574,6.23881816515
0,6,7.3,575,6.2788418175
0,6,7.3,576,6.32075354912
0,6,7.3,577,6.36055842223
0,6,7.3,578,6.40368147717
0,6,7.3,579,6.44795147885
0,6,7.3,580,6.48935561139
0,6,7.3,581,6.52536220457
0,6,7.3,582,6.5620024667
0,6,7.3,583,6.60068519551
0,6,7.3,584,6.63498068733
0,6,7.3,585,6.66351230529
0,6,7.3,586,6.68702763183
0,6,7.3,587,6.71117969795
0,6,7.3,588,6.73747113745
0,6,7.3,589,6.7611471847
0,6,7.3,590,6.7926699309
0,6,7.3,591,6.8292200055
0,6,7.3,592,6.86617255068
0,6,7.3,593,6.90195119662
0,6,7.3,594,6.93589055162
0,6,7.3,595,6.97094586702
0,6,7.3,596,7.00338984777
0,6,7.3,597,7.03526761241
0,6,7.3,598,7.06521442575
0,6,7.3,599,7.09227942355
0,6,7.3,600,7.11611170292
0,6,7.3,601,7.13411410308
0,6,7.3,602,7.1512922569
0,6,7.3,603,7.17159833463
0,6,7.3,604,7.19779301511
0,6,7.3,605,7.21939832645
0,6,7.3,606,7.24213288318
0,6,7.3,607,7.2687234644
0,6,7.3,608,7.29545096803
0,6,7.3,609,7.32450265307
0,6,7.3,610,7.3461697259
0,6,7.3,611,7.36322382432
0,6,7.3,612,7.37865841601
0,6,7.3,613,7.39936699595
0,6,7.3,614,7.41580562479
0,6,7.3,615,7.43125088745
0,6,7.3,616,7.44020864793
0,6,7.3,617,7.45295394373
0,6,7.3,618,7.46130439061
0,6,7.3,619,7.46966337124
0,6,7.3,620,7.48160620809
0,6,7.3,621,7.49326257833
0,6,7.3,622,7.5094180955
0,6,7.3,623,7.5304765493
0,6,7.3,624,7.55560798397
0,6,7.3,625,7.58249089208
0,6,7.3,626,7.60847348476
0,6,7.3,627,7.63463644013
0,6,7.3,628,7.66270050893
0,6,7.3,629,7.68945062412
0,6,7.3,630,7.71437278209
0,6,7.3,631,7.73494534691
0,6,7.3,632,7.75731350428
0,6,7.3,633,7.77440491735
0,6,7.3,634,7.78566881532
0,6,7.3,635,7.79904786227
0,6,7.3,636,7.8116123504
0,6,7.3,637,7.82108518857
0,6,7.3,638,7.8313182617
0,6,7.3,639,7.83954599743
0,6,7.3,640,7.84210800021
0,6,7.3,641,7.84303610982
0,6,7.3,642,7.84466960427
0,6,7.3,643,7.84985705711
0,6,7.3,644,7.85827064015
0,6,7.3,645,7.8694032469
0,6,7.3,646,7.87812385393
0,6,7.3,647,7.88309487553
0,6,7.3,648,7.88290019599
0,6,7.3,649,7.88201387723
0,6,7.3,650,7.87986434864
0,6,7.3,651,7.87618354216
0,6,7.3,652,7.87150595434
0,6,7.3,653,7.86967002319
0,6,7.3,654,7.86828208316
0,6,7.3,655,7.86091390533
0,6,7.3,656,7.85051202242
0,6,7.3,657,7.8438524671
0,6,7.3,658,7.83339865176
0,6,7.3,659,7.8210157953
0,6,7.3,660,7.80585795819
0,6,7.3,661,7.7870654606
0,6,7.3,662,7.77124978065
0,6,7.3,663,7.75968135797
0,6,7.3,664,7.74825948563
0,6,7.3,665,7.73364179194
0,6,7.3,666,7.71862843723
0,6,7.3,667,7.70828938022
0,6,7.3,668,7.69697871294
0,6,7.3,669,7.68785004827
0,6,7.3,670,7.68354646989
0,6,7.3,671,7.68118386061
0,6,7.3,672,7.67721008542
0,6,7.3,673,7.67390653896
0,6,7.3,674,7.67237390293
0,6,7.3,675,7.67615843466
0,6,7.3,676,7.68086641763
0,6,7.3,677,7.68046543385
0,6,7.3,678,7.67634153566
0,6,7.3,679,7.67091561584
0,6,7.3,680,7.66857548298
0,6,7.3,681,7.67390999544
0,6,7.3,682,7.68831359517
0,6,7.3,683,7.70392644734
0,6,7.3,684,7.72023905455
0,6,7.3,685,7.73525132238
0,6,7.3,686,7.75304654917
0,6,7.3,687,7.76800120219
0,6,7.3,688,7.77838519715
0,6,7.3,689,7.79068583375
0,6,7.3,690,7.80255389469
0,6,7.3,691,7.82154304043
0,6,7.3,692,7.84409209832
0,6,7.3,693,7.86618278989
0,6,7.3,694,7.88912865355
0,6,7.3,695,7.90941352975
0,6,7.3,696,7.9287445258
0,6,7.3,697,7.9468305915
0,6,7.3,698,7.96312173916
0,6,7.3,699,7.97897678072
0,6,7.3,700,7.99389815036
0,6,7.3,701,8.0072692681
0,6,7.3,702,8.02101304499
0,6,7.3,703,8.03675006922
0,6,7.3,704,8.04894575064
0,6,7.3,705,8.06175216451
0,6,7.3,706,8.07789726334
0,6,7.3,707,8.09235403094
0,6,7.3,708,8.10574940165
0,6,7.3,709,8.11778510809
0,6,7.3,710,8.13216991108
0,6,7.3,711,8.14231806364
0,6,7.3,712,8.14939152173
0,6,7.3,713,8.15579313289
0,6,7.3,714,8.16405659823
0,6,7.3,715,8.17640083359
0,6,7.3,716,8.18760242116
0,6,7.3,717,8.19755059751
0,6,7.3,718,8.20444679699
0,6,7.3,719,8.20566521998
0,6,7.3,720,8.20483798115
0,6,7.3,721,8.20069902381
0,6,7.3,722,8.19226190436
0,6,7.3,723,8.18358699182
0,6,7.3,724,8.17586859385
0,6,7.3,725,8.17256133069
0,6,7.3,726,8.17484420434
0,6,7.3,727,8.17820326203
0,6,7.3,728,8.17609391352
0,6,7.3,729,8.16985785684
0,6,7.3,730,8.15777696419
0,6,7.3,731,8.14107959756
0,6,7.3,732,8.12975462538
0,6,7.3,733,8.11703331776
0,6,7.3,734,8.10002375429
0,6,7.3,735,8.08040688646
0,6,7.3,736,8.05851784544
0,6,7.3,737,8.03668169639
0,6,7.3,738,8.01844815269
0,6,7.3,739,7.99958145507
0,6,7.3,740,7.98041067425
0,6,7.3,741,7.96066114309
0,6,7.3,742,7.93821728955
0,6,7.3,743,7.92467221478
0,6,7.3,744,7.91211757095
0,6,7.3,745,7.89829721981
0,6,7.3,746,7.88207505413
0,6,7.3,747,7.86998761802
0,6,7.3,748,7.85629827847
0,6,7.3,749,7.83940962998
0,6,7.3,750,7.82705781583
0,6,7.3,751,7.81179249489
0,6,7.3,752,7.7978692463
0,6,7.3,753,7.78403823843
0,6,7.3,754,7.77377812567
0,6,7.3,755,7.76071303909
0,6,7.3,756,7.74506974194
0,6,7.3,757,7.72727150552
0,6,7.3,758,7.70872893192
0,6,7.3,759,7.69458471235
0,6,7.3,760,7.68361767221
0,6,7.3,761,7.67140723952
0,6,7.3,762,7.66267979882
0,6,7.3,763,7.65728508273
0,6,7.3,764,7.65280423372
0,6,7.3,765,7.64852028609
0,6,7.3,766,7.64472889951
0,6,7.3,767,7.63929184408
0,6,7.3,768,7.63514335289
0,6,7.3,769,7.63304506709
0,6,7.3,770,7.63358552176
0,6,7.3,771,7.63346823726
0,6,7.3,772,7.63676906806
0,6,7.3,773,7.63914588529
0,6,7.3,774,7.64097763068
0,6,7.3,775,7.64234249313
0,6,7.3,776,7.64645028495
0,6,7.3,777,7.6474142397
0,6,7.3,778,7.65311850051
0,6,7.3,779,7.65396703664
0,6,7.3,780,7.65022637575
0,6,7.3,781,7.64827596487
0,6,7.3,782,7.64905685131
0,6,7.3,783,7.64761224458
0,6,7.3,784,7.64320819686
0,6,7.3,785,7.64139130467
0,6,7.3,786,7.6430387699
0,6,7.3,787,7.64362832832
0,6,7.3,788,7.64246908386
0,6,7.3,789,7.64423591546
0,6,7.3,790,7.64703312273
0,6,7.3,791,7.65286854215
0,6,7.3,792,7.65561439896
0,6,7.3,793,7.65421189295
0,6,7.3,794,7.65724427353
0,6,7.3,795,7.66257911529
0,6,7.3,796,7.66214102137
0,6,7.3,797,7.65407682789
0,6,7.3,798,7.64409063486
0,6,7.3,799,7.635190098
0,7,7.95,0,8.21526864293
0,7,7.95,1,8.19984168122
0,7,7.95,2,8.18685610881
0,7,7.95,3,8.17874587395
0,7,7.95,4,8.1679152587
0,7,7.95,5,8.15467713723
0,7,7.95,6,8.1423438549
0,7,7.95,7,8.12856135441
0,7,7.95,8,8.11235553171
0,7,7.95,9,8.0986763739
0,7,7.95,10,8.0845903957
0,7,7.95,11,8.0665601172
0,7,7.95,12,8.04558216852
0,7,7.95,13,8.01899927915
0,7,7.95,14,7.99107869697
0,7,7.95,15,7.96647613336
0,7,7.95,16,7.94432501424
0,7,7.95,17,7.92554135427
0,7,7.95,18,7.90627809233
0,7,7.95,19,7.89232766881
0,7,7.95,20,7.87903524339
0,7,7.95,21,7.87179219239
0,7,7.95,22,7.86665259297
0,7,7.95,23,7.86187625072
0,7,7.95,24,7.85900665663
0,7,7.95,25,7.85124634376
0,7,7.95,26,7.84143940225
0,7,7.95,27,7.83459165853
0,7,7.95,28,7.82827983075
0,7,7.95,29,7.82957263863
0,7,7.95,30,7.83351153002
0,7,7.95,31,7.83469121898
0,7,7.95,32,7.83551872924
0,7,7.95,33,7.83691803874
0,7,7.95,34,7.8431313549
0,7,7.95,35,7.85283053444
0,7,7.95,36,7.86614541635
0,7,7.95,37,7.8858886041
0,7,7.95,38,7.9055334013
0,7,7.95,39,7.92463040733
0,7,7.95,40,7.94444438029
0,7,7.95,41,7.96043439021
0,7,7.95,42,7.97609495285
0,7,7.95,43,7.98963127192
0,7,7.95,44,8.00315266381
0,7,7.95,45,8.01868958073
0,7,7.95,46,8.03281983241
0,7,7.95,47,8.04206827165
0,7,7.95,48,8.04859566075
0,7,7.95,49,8.05672463267
0,7,7.95,50,8.06254863217
0,7,7.95,51,8.06550713223
0,7,7.95,52,8.06234531889
0,7,7.95,53,8.05799870184
0,7,7.95,54,8.05459035713
0,7,7.95,55,8.0563201383
0,7,7.95,56,8.06205073572
0,7,7.95,57,8.06237106244
0,7,7.95,58,8.0555804808
0,7,7.95,59,8.05149918239
0,7,7.95,60,8.04875456295
0,7,7.95,61,8.04567906348
0,7,7.95,62,8.04145870728
0,7,7.95,63,8.03511884223
0,7,7.95,64,8.0297912218
0,7,7.95,65,8.0285264839
0,7,7.95,66,8.02661712839
0,7,7.95,67,8.01933031622
0,7,7.95,68,8.0033776207
0,7,7.95,69,7.9830618013
0,7,7.95,70,7.96366439007
0,7,7.95,71,7.94168231718
0,7,7.95,72,7.92052797409
0,7,7.95,73,7.89960252309
0,7,7.95,74,7.87649967023
0,7,7.95,75,7.85553159334
0,7,7.95,76,7.82848412426
0,7,7.95,77,7.79534141826
0,7,7.95,78,7.76219911803
0,7,7.95,79,7.72786835872
0,7,7.95,80,7.69404751428
0,7,7.95,81,7.65746547416
0,7,7.95,82,7.61947893558
0,7,7.95,83,7.57732348397
0,7,7.95,84,7.53574576856
0,7,7.95,85,7.49014064681
0,7,7.95,86,7.44314982276
0,7,7.95,87,7.39681726704
0,7,7.95,88,7.34527329924
0,7,7.95,89,7.29147803011
0,7,7.95,90,7.23948978299
0,7,7.95,91,7.18784877247
0,7,7.95,92,7.13301507481
0,7,7.95,93,7.07492733878
0,7,7.95,94,7.01722326216
0,7,7.95,95,6.95882890654
0,7,7.95,96,6.90261405846
0,7,7.95,97,6.84754253036
0,7,7.95,98,6.79910016445
0,7,7.95,99,6.75216516547
0,7,7.95,100,6.71160859238
0,7,7.95,101,6.67119335951
0,7,7.95,102,6.6288454666
0,7,7.95,103,6.58969403036
0,7,7.95,104,6.54749653114
0,7,7.95,105,6.50406688046
0,7,7.95,106,6.46501079232
0,7,7.95,107,6.43375235662
0,7,7.95,108,6.40341528518
0,7,7.95,109,6.3762148007
0,7,7.95,110,6.35377141833
0,7,7.95,111,6.33693209912
0,7,7.95,112,6.32382543926
0,7,7.95,113,6.30921085918
0,7,7.95,114,6.29692294558
0,7,7.95,115,6.2883783841
0,7,7.95,116,6.28406172137
0,7,7.95,117,6.28361075964
0,7,7.95,118,6.2885601883
0,7,7.95,119,6.30195899962
0,7,7.95,120,6.3219542449
0,7,7.95,121,6.34370610292
0,7,7.95,122,6.35852482098
0,7,7.95,123,6.37038436803
0,7,7.95,124,6.38033231467
0,7,7.95,125,6.38908323019
0,7,7.95,126,6.39920977118
0,7,7.95,127,6.41032129619
0,7,7.95,128,6.41613377083
0,7,7.95,129,6.42426610434
0,7,7.95,130,6.43521384864
0,7,7.95,131,6.44280576117
0,7,7.95,132,6.451647048
0,7,7.95,133,6.46283427938
0,7,7.95,134,6.47241096869
0,7,7.95,135,6.48073541082
0,7,7.95,136,6.48960727646
0,7,7.95,137,6.50392347687
0,7,7.95,138,6.52022698278
0,7,7.95,139,6.54145897785
0,7,7.95,140,6.56565754672
0,7,7.95,141,6.5930007597
0,7,7.95,142,6.62384461917
0,7,7.95,143,6.65609537951
0,7,7.95,144,6.68923203138
0,7,7.95,145,6.73027312365
0,7,7.95,146,6.77079827746
0,7,7.95,147,6.8108515237
0,7,7.95,148,6.85356219153
0,7,7.95,149,6.89532538186
0,7,7.95,150,6.93783977218
0,7,7.95,151,6.98069692285
0,7,7.95,152,7.02188094239
0,7,7.95,153,7.06318366489
0,7,7.95,154,7.11282409805
0,7,7.95,155,7.16226673708
0,7,7.95,156,7.22004688276
0,7,7.95,157,7.27608398309
0,7,7.95,158,7.33830576758
0,7,7.95,159,7.40398209936
0,7,7.95,160,7.47214832433
0,7,7.95,161,7.5432878889
0,7,7.95,162,7.61773289825
0,7,7.95,163,7.69442126885
0,7,7.95,164,7.76648957862
0,7,7.95,165,7.83501567388
0,7,7.95,166,7.90781968924
0,7,7.95,167,7.98248347565
0,7,7.95,168,8.05312534088
0,7,7.95,169,8.12481352473
0,7,7.95,170,8.19881788918
0,7,7.95,171,8.27271370079
0,7,7.95,172,8.34838657571
0,7,7.95,173,8.42259400115
0,7,7.95,174,8.49470483014
0,7,7.95,175,8.56643666235
0,7,7.95,176,8.63894629102
0,7,7.95,177,8.7138055497
0,7,7.95,178,8.7922646692
0,7,7.95,179,8.87775052364
0,7,7.95,180,8.96603055759
0,7,7.95,181,9.05611131408
0,7,7.95,182,9.14678896186
0,7,7.95,183,9.23924927669
0,7,7.95,184,9.33011491017
0,7,7.95,185,9.41906286954
0,7,7.95,186,9.50151245693
0,7,7.95,187,9.57405067426
0,7,7.95,188,9.64385932408
0,7,7.95,189,9.71561169077
0,7,7.95,190,9.79279887474
0,7,7.95,191,9.86753429762
0,7,7.95,192,9.93922502824
0,7,7.95,193,10.004348928
0,7,7.95,194,10.0611167715
0,7,7.95,195,10.1175554464
0,7,7.95,196,10.1695303348
0,7,7.95,197,10.2156971463
0,7,7.95,198,10.2664641372
0,7,7.95,199,10.315508026
0,7,7.95,200,10.3622737723
0,7,7.95,201,10.4081471755
0,7,7.95,202,10.449298755
0,7,7.95,203,10.4909097154
0,7,7.95,204,10.5297271096
0,7,7.95,205,10.5649078803
0,7,7.95,206,10.5969216701
0,7,7.95,207,10.6283749573
0,7,7.95,208,10.6575730344
0,7,7.95,209,10.6838769349
0,7,7.95,210,10.7092649695
0,7,7.95,211,10.7315026496
0,7,7.95,212,10.752367031
0,7,7.95,213,10.7701353209
0,7,7.95,214,10.7836362403
0,7,7.95,215,10.793995519
0,7,7.95,216,10.7976358602
0,7,7.95,217,10.7987681723
0,7,7.95,218,10.7995547319
0,7,7.95,219,10.7968203733
0,7,7.95,220,10.7897725244
0,7,7.95,221,10.7804582849
0,7,7.95,222,10.7707655824
0,7,7.95,223,10.7607791168
0,7,7.95,224,10.7480973085
0,7,7.95,225,10.7308039857
0,7,7.95,226,10.7069673815
0,7,7.95,227,10.6795845429
0,7,7.95,228,10.6495550864
0,7,7.95,229,10.6203766561
0,7,7.95,230,10.5906177548
0,7,7.95,231,10.5589707891
0,7,7.95,232,10.5270942778
0,7,7.95,233,10.4943679107
0,7,7.95,234,10.4586944467
0,7,7.95,235,10.4219417224
0,7,7.95,236,10.3841760058
0,7,7.95,237,10.3480116542
0,7,7.95,238,10.3179537591
0,7,7.95,239,10.2858778824
0,7,7.95,240,10.2541136374
0,7,7.95,241,10.2197439974
0,7,7.95,242,10.189493536
0,7,7.95,243,10.1622221775
0,7,7.95,244,10.1330562422
0,7,7.95,245,10.1056073057
0,7,7.95,246,10.0758790796
0,7,7.95,247,10.0442916784
0,7,7.95,248,10.0164658396
0,7,7.95,249,9.98682715604
0,7,7.95,250,9.95483271619
0,7,7.95,251,9.92206101959
0,7,7.95,252,9.89163270788
0,7,7.95,253,9.86146128542
0,7,7.95,254,9.82983329788
0,7,7.95,255,9.79716493486
0,7,7.95,256,9.76704874316
0,7,7.95,257,9.73708731311
0,7,7.95,258,9.70101827527
0,7,7.95,259,9.66150276155
0,7,7.95,260,9.61898295243
0,7,7.95,261,9.57711742017
0,7,7.95,262,9.52896540135
0,7,7.95,263,9.48064332467
0,7,7.95,264,9.43625433875
0,7,7.95,265,9.39448224407
0,7,7.95,266,9.35177272614
0,7,7.95,267,9.30457815243
0,7,7.95,268,9.2514034175
0,7,7.95,269,9.20593732884
0,7,7.95,270,9.16150236346
0,7,7.95,271,9.11733973917
0,7,7.95,272,9.0703069091
0,7,7.95,273,9.02471668051
0,7,7.95,274,8.97788458357
0,7,7.95,275,8.93560002262
0,7,7.95,276,8.89709245783
0,7,7.95,277,8.86377562909
0,7,7.95,278,8.83312912683
0,7,7.95,279,8.80838319756
0,7,7.95,280,8.79091178392
0,7,7.95,281,8.77274721135
0,7,7.95,282,8.75267618604
0,7,7.95,283,8.72818399423
0,7,7.95,284,8.70603963803
0,7,7.95,285,8.68408812539
0,7,7.95,286,8.6577948165
0,7,7.95,287,8.63002498611
0,7,7.95,288,8.60168722055
0,7,7.95,289,8.57253369604
0,7,7.95,290,8.54200348004
0,7,7.95,291,8.51006388357
0,7,7.95,292,8.48033179559
0,7,7.95,293,8.45641598819
0,7,7.95,294,8.43857933725
0,7,7.95,295,8.42031039891
0,7,7.95,296,8.40296738385
0,7,7.95,297,8.38704575465
0,7,7.95,298,8.37117986196
0,7,7.95,299,8.35806978483
0,7,7.95,300,8.35000186054
0,7,7.95,301,8.34594793717
0,7,7.95,302,8.34124123353
0,7,7.95,303,8.33347362044
0,7,7.95,304,8.3285594666
0,7,7.95,305,8.32335504216
0,7,7.95,306,8.31764012599
0,7,7.95,307,8.31222011119
0,7,7.95,308,8.31020543615
0,7,7.95,309,8.31039035607
0,7,7.95,310,8.3112034251
0,7,7.95,311,8.31472234724
0,7,7.95,312,8.32114591264
0,7,7.95,313,8.32376952613
0,7,7.95,314,8.32636148192
0,7,7.95,315,8.32106021889
0,7,7.95,316,8.31431253745
0,7,7.95,317,8.30893397393
0,7,7.95,318,8.29819970754
0,7,7.95,319,8.27798241957
0,7,7.95,320,8.26011916199
0,7,7.95,321,8.24557553887
0,7,7.95,322,8.23458564716
0,7,7.95,323,8.22579581322
0,7,7.95,324,8.21873765801
0,7,7.95,325,8.2115216598
0,7,7.95,326,8.1972511882
0,7,7.95,327,8.18323965251
0,7,7.95,328,8.17007421306
0,7,7.95,329,8.15369698325
0,7,7.95,330,8.13240049349
0,7,7.95,331,8.11100385555
0,7,7.95,332,8.09359545197
0,7,7.95,333,8.0791022429
0,7,7.95,334,8.06552683038
0,7,7.95,335,8.04883929657
0,7,7.95,336,8.03228181104
0,7,7.95,337,8.0138750736
0,7,7.95,338,7.99629265545
0,7,7.95,339,7.97487833124
0,7,7.95,340,7.95474940155
0,7,7.95,341,7.93157526048
0,7,7.95,342,7.90766691458
0,7,7.95,343,7.88334096968
0,7,7.95,344,7.86389809716
0,7,7.95,345,7.84547410133
0,7,7.95,346,7.82967652364
0,7,7.95,347,7.81464199412
0,7,7.95,348,7.79539550032
0,7,7.95,349,7.77424662072
0,7,7.95,350,7.75578092337
0,7,7.95,351,7.74049434004
0,7,7.95,352,7.72157306645
0,7,7.95,353,7.70368548432
0,7,7.95,354,7.68603437626
0,7,7.95,355,7.66819385706
0,7,7.95,356,7.65435033114
0,7,7.95,357,7.63690864815
0,7,7.95,358,7.61404633177
0,7,7.95,359,7.5889649361
0,7,7.95,360,7.56104134769
0,7,7.95,361,7.53000437978
0,7,7.95,362,7.50507474378
0,7,7.95,363,7.48472260028
0,7,7.95,364,7.46612595576
0,7,7.95,365,7.44852528824
0,7,7.95,366,7.4266388668
0,7,7.95,367,7.39701092497
0,7,7.95,368,7.36596235019
0,7,7.95,369,7.33449954246
0,7,7.95,370,7.3025296581
0,7,7.95,371,7.27374878119
0,7,7.95,372,7.24457042248
0,7,7.95,373,7.21419749113
0,7,7.95,374,7.17980357103
0,7,7.95,375,7.14375309599
0,7,7.95,376,7.11091491794
0,7,7.95,377,7.08464390806
0,7,7.95,378,7.05273644724
0,7,7.95,379,7.01412386367
0,7,7.95,380,6.97426058791
0,7,7.95,381,6.93607601218
0,7,7.95,382,6.90313485928
0,7,7.95,383,6.87473611904
0,7,7.95,384,6.85048591092
0,7,7.95,385,6.82879244672
0,7,7.95,386,6.80587136766
0,7,7.95,387,6.78435692461
0,7,7.95,388,6.76404290524
0,7,7.95,389,6.74363352844
0,7,7.95,390,6.72265529913
0,7,7.95,391,6.69761453099
0,7,7.95,392,6.67293986838
0,7,7.95,393,6.64663814409
0,7,7.95,394,6.61872807167
0,7,7.95,395,6.5918586316
0,7,7.95,396,6.56661167296
0,7,7.95,397,6.54616935042
0,7,7.95,398,6.53206218421
0,7,7.95,399,6.5191210072
0,7,7.95,400,6.50472381955
0,7,7.95,401,6.49032649805
0,7,7.95,402,6.47795057959
0,7,7.95,403,6.46631379701
0,7,7.95,404,6.45340850312
0,7,7.95,405,6.44210673493
0,7,7.95,406,6.43293985978
0,7,7.95,407,6.4225829996
0,7,7.95,408,6.41821793133
0,7,7.95,409,6.42043987046
0,7,7.95,410,6.42257267755
0,7,7.95,411,6.42648827052
0,7,7.95,412,6.43274733517
0,7,7.95,413,6.44526197742
0,7,7.95,414,6.45927393436
0,7,7.95,415,6.47495188869
0,7,7.95,416,6.48853499696
0,7,7.95,417,6.51030737981
0,7,7.95,418,6.53522294151
0,7,7.95,419,6.55872344278
0,7,7.95,420,6.58412463653
0,7,7.95,421,6.60652142075
0,7,7.95,422,6.62689663102
0,7,7.95,423,6.65068396557
0,7,7.95,424,6.6796436646
0,7,7.95,425,6.71239669156
0,7,7.95,426,6.74854566126
0,7,7.95,427,6.78638972367
0,7,7.95,428,6.82647655736
0,7,7.95,429,6.86652752245
0,7,7.95,430,6.90677325613
0,7,7.95,431,6.94850037149
0,7,7.95,432,6.98301792947
0,7,7.95,433,7.01413221637
0,7,7.95,434,7.0436041029
0,7,7.95,435,7.07373146311
0,7,7.95,436,7.10326196876
0,7,7.95,437,7.1335792322
0,7,7.95,438,7.16561672251
0,7,7.95,439,7.20070257655
0,7,7.95,440,7.23962304402
0,7,7.95,441,7.28193184215
0,7,7.95,442,7.32395219337
0,7,7.95,443,7.36433802894
0,7,7.95,444,7.4017487958
0,7,7.95,445,7.43613008954
0,7,7.95,446,7.46640703838
0,7,7.95,447,7.50116794505
0,7,7.95,448,7.54023024666
0,7,7.95,449,7.5769921243
0,7,7.95,450,7.60907742811
0,7,7.95,451,7.6382385887
0,7,7.95,452,7.67281028577
0,7,7.95,453,7.70920901396
0,7,7.95,454,7.74273373825
0,7,7.95,455,7.77871013337
0,7,7.95,456,7.81147731047
0,7,7.95,457,7.84131258453
0,7,7.95,458,7.87354900642
0,7,7.95,459,7.90708231993
0,7,7.95,460,7.93936473084
0,7,7.95,461,7.97098046252
0,7,7.95,462,7.99965923273
0,7,7.95,463,8.03072506206
0,7,7.95,464,8.06071176319
0,7,7.95,465,8.08563984082
0,7,7.95,466,8.11178657299
0,7,7.95,467,8.13782511174
0,7,7.95,468,8.16337678988
0,7,7.95,469,8.19095220962
0,7,7.95,470,8.21516848469
0,7,7.95,471,8.24004954932
0,7,7.95,472,8.26255215779
0,7,7.95,473,8.28011634488
0,7,7.95,474,8.29301609481
0,7,7.95,475,8.29857817511
0,7,7.95,476,8.30152452479
0,7,7.95,477,8.30711550158
0,7,7.95,478,8.31633998103
0,7,7.95,479,8.32660777885
0,7,7.95,480,8.33621798451
0,7,7.95,481,8.34208200508
0,7,7.95,482,8.34586238216
0,7,7.95,483,8.35027551583
0,7,7.95,484,8.35324090523
0,7,7.95,485,8.35345452459
0,7,7.95,486,8.35603758393
0,7,7.95,487,8.35889188923
0,7,7.95,488,8.36078284144
0,7,7.95,489,8.36458378198
0,7,7.95,490,8.36236240704
0,7,7.95,491,8.35541854162
0,7,7.95,492,8.34487586987
0,7,7.95,493,8.33485515968
0,7,7.95,494,8.32187308431
0,7,7.95,495,8.30231486038
0,7,7.95,496,8.27995167979
0,7,7.95,497,8.25625747613
0,7,7.95,498,8.23115275674
0,7,7.95,499,8.20450983965
0,7,7.95,500,8.17608950387
0,7,7.95,501,8.14916585142
0,7,7.95,502,8.12034842931
0,7,7.95,503,8.08765617246
0,7,7.95,504,8.05528133517
0,7,7.95,505,8.02210610763
0,7,7.95,506,7.99091303455
0,7,7.95,507,7.96027495062
0,7,7.95,508,7.92977365135
0,7,7.95,509,7.90358364627
0,7,7.95,510,7.88016691517
0,7,7.95,511,7.86077279084
0,7,7.95,512,7.83993196008
0,7,7.95,513,7.81989584273
0,7,7.95,514,7.80172338631
0,7,7.95,515,7.78827317461
0,7,7.95,516,7.78306950396
0,7,7.95,517,7.77817081472
0,7,7.95,518,7.77450234915
0,7,7.95,519,7.77150658176
0,7,7.95,520,7.76970868683
0,7,7.95,521,7.77290914328
0,7,7.95,522,7.77008557065
0,7,7.95,523,7.76483566345
0,7,7.95,524,7.75845296757
0,7,7.95,525,7.75685775296
0,7,7.95,526,7.75536564113
0,7,7.95,527,7.75655401353
0,7,7.95,528,7.75904616459
0,7,7.95,529,7.76225117034
0,7,7.95,530,7.76264470264
0,7,7.95,531,7.76059298653
0,7,7.95,532,7.75904053011
0,7,7.95,533,7.75812203716
0,7,7.95,534,7.76079502958
0,7,7.95,535,7.76274470682
0,7,7.95,536,7.76510703948
0,7,7.95,537,7.76759708765
0,7,7.95,538,7.77011016193
0,7,7.95,539,7.7711074359
0,7,7.95,540,7.77491745156
0,7,7.95,541,7.78235308132
0,7,7.95,542,7.79422549678
0,7,7.95,543,7.81671807951
0,7,7.95,544,7.83752282461
0,7,7.95,545,7.85997371404
0,7,7.95,546,7.88564781416
0,7,7.95,547,7.91140667162
0,7,7.95,548,7.93649296087
0,7,7.95,549,7.96052710756
0,7,7.95,550,7.98174952587
0,7,7.95,551,8.00053333439
0,7,7.95,552,8.02032031141
0,7,7.95,553,8.04014136475
0,7,7.95,554,8.05671988837
0,7,7.95,555,8.06983348692
0,7,7.95,556,8.08243579679
0,7,7.95,557,8.09562832789
0,7,7.95,558,8.11288854187
0,7,7.95,559,8.12797317963
0,7,7.95,560,8.14652100556
0,7,7.95,561,8.16500072345
0,7,7.95,562,8.18227742308
0,7,7.95,563,8.19820867245
0,7,7.95,564,8.20768017884
0,7,7.95,565,8.21666132208
0,7,7.95,566,8.22689271628
0,7,7.95,567,8.23625446908
0,7,7.95,568,8.24588264506
0,7,7.95,569,8.25598344891
0,7,7.95,570,8.26267492241
0,7,7.95,571,8.26479846199
0,7,7.95,572,8.26986096731
0,7,7.95,573,8.27554813801
0,7,7.95,574,8.28506152382
0,7,7.95,575,8.29272735061
0,7,7.95,576,8.29536973195
0,7,7.95,577,8.29469810037
0,7,7.95,578,8.29114576787
0,7,7.95,579,8.28556896052
0,7,7.95,580,8.28412629453
0,7,7.95,581,8.27966254441
0,7,7.95,582,8.27175370142
0,7,7.95,583,8.26344426689
0,7,7.95,584,8.25559165972
0,7,7.95,585,8.25002880086
0,7,7.95,586,8.24267847756
0,7,7.95,587,8.24575412618
0,7,7.95,588,8.25332532219
0,7,7.95,589,8.26348330807
0,7,7.95,590,8.27477721564
0,7,7.95,591,8.2827603729
0,7,7.95,592,8.28866283413
0,7,7.95,593,8.28911621322
0,7,7.95,594,8.28709289908
0,7,7.95,595,8.28640255386
0,7,7.95,596,8.287250178
0,7,7.95,597,8.28985638201
0,7,7.95,598,8.30352221228
0,7,7.95,599,8.32177829405
0,7,7.95,600,8.34775258979
0,7,7.95,601,8.37506921231
0,7,7.95,602,8.40168114258
0,7,7.95,603,8.42711339227
0,7,7.95,604,8.45324574933
0,7,7.95,605,8.4783382855
0,7,7.95,606,8.50173516995
0,7,7.95,607,8.52150019499
0,7,7.95,608,8.53758802436
0,7,7.95,609,8.55512761686
0,7,7.95,610,8.57414125289
0,7,7.95,611,8.59820787471
0,7,7.95,612,8.61848184943
0,7,7.95,613,8.64091054806
0,7,7.95,614,8.66615172575
0,7,7.95,615,8.6948901366
0,7,7.95,616,8.71791490614
0,7,7.95,617,8.73591232861
0,7,7.95,618,8.74997279198
0,7,7.95,619,8.75961578548
0,7,7.95,620,8.76954017298
0,7,7.95,621,8.77921530175
0,7,7.95,622,8.78806340423
0,7,7.95,623,8.79795197396
0,7,7.95,624,8.81035833665
0,7,7.95,625,8.82185072822
0,7,7.95,626,8.83384313273
0,7,7.95,627,8.84292099528
0,7,7.95,628,8.84458261487
0,7,7.95,629,8.84064877696
0,7,7.95,630,8.83508303322
0,7,7.95,631,8.83197213764
0,7,7.95,632,8.82661062873
0,7,7.95,633,8.81977812578
0,7,7.95,634,8.81206117845
0,7,7.95,635,8.80092586791
0,7,7.95,636,8.78946661931
0,7,7.95,637,8.77638894598
0,7,7.95,638,8.759119743
0,7,7.95,639,8.73798244452
0,7,7.95,640,8.7097866044
0,7,7.95,641,8.68168147673
0,7,7.95,642,8.6579803102
0,7,7.95,643,8.63412573165
0,7,7.95,644,8.60855166095
0,7,7.95,645,8.586123011
0,7,7.95,646,8.55955200233
0,7,7.95,647,8.52877483432
0,7,7.95,648,8.49885721661
0,7,7.95,649,8.46977150541
0,7,7.95,650,8.44175524509
0,7,7.95,651,8.41498040789
0,7,7.95,652,8.38693234218
0,7,7.95,653,8.35824086991
0,7,7.95,654,8.3312350401
0,7,7.95,655,8.31173001384
0,7,7.95,656,8.29216917678
0,7,7.95,657,8.27193874184
0,7,7.95,658,8.25452579064
0,7,7.95,659,8.24156639984
0,7,7.95,660,8.23147513313
0,7,7.95,661,8.22223443589
0,7,7.95,662,8.21332916124
0,7,7.95,663,8.20302780639
0,7,7.95,664,8.18721167105
0,7,7.95,665,8.17235305149
0,7,7.95,666,8.15242764532
0,7,7.95,667,8.13464823349
0,7,7.95,668,8.11948649868
0,7,7.95,669,8.1029537095
0,7,7.95,670,8.09681469261
0,7,7.95,671,8.09488587588
0,7,7.95,672,8.09461552587
0,7,7.95,673,8.0968229814
0,7,7.95,674,8.10256809305
0,7,7.95,675,8.10689226565
0,7,7.95,676,8.11457294364
0,7,7.95,677,8.12684259961
0,7,7.95,678,8.13836646291
0,7,7.95,679,8.14765166112
0,7,7.95,680,8.15971851459
0,7,7.95,681,8.1681489566
0,7,7.95,682,8.17131222653
0,7,7.95,683,8.17666673675
0,7,7.95,684,8.18271799937
0,7,7.95,685,8.18808741253
0,7,7.95,686,8.18839883294
0,7,7.95,687,8.19247431389
0,7,7.95,688,8.19790246774
0,7,7.95,689,8.2093394716
0,7,7.95,690,8.22663342897
0,7,7.95,691,8.24597563246
0,7,7.95,692,8.26713227958
0,7,7.95,693,8.28342939679
0,7,7.95,694,8.30033307505
0,7,7.95,695,8.3178351219
0,7,7.95,696,8.33185073672
0,7,7.95,697,8.346488012
0,7,7.95,698,8.3596328594
0,7,7.95,699,8.36931359371
0,7,7.95,700,8.37547333756
0,7,7.95,701,8.38384520213
0,7,7.95,702,8.39817921434
0,7,7.95,703,8.40819631509
0,7,7.95,704,8.41762910673
0,7,7.95,705,8.42606687818
0,7,7.95,706,8.43187452898
0,7,7.95,707,8.4360454291
0,7,7.95,708,8.44129862172
0,7,7.95,709,8.44516693298
0,7,7.95,710,8.44169798901
0,7,7.95,711,8.43855148933
0,7,7.95,712,8.43764620849
0,7,7.95,713,8.43231027871
0,7,7.95,714,8.42390705029
0,7,7.95,715,8.42155062623
0,7,7.95,716,8.42065827479
0,7,7.95,717,8.42222519479
0,7,7.95,718,8.42572139799
0,7,7.95,719,8.43182608548
0,7,7.95,720,8.44314757882
0,7,7.95,721,8.45733392152
0,7,7.95,722,8.46610441419
0,7,7.95,723,8.46881291114
0,7,7.95,724,8.47101053668
0,7,7.95,725,8.46973826611
0,7,7.95,726,8.46443359339
0,7,7.95,727,8.4558650956
0,7,7.95,728,8.4481671713
0,7,7.95,729,8.43859127569
0,7,7.95,730,8.42643352227
0,7,7.95,731,8.41843571165
0,7,7.95,732,8.41084014583
0,7,7.95,733,8.40068473319
0,7,7.95,734,8.39142309782
0,7,7.95,735,8.38053345834
0,7,7.95,736,8.36781984508
0,7,7.95,737,8.35493262044
0,7,7.95,738,8.3384706906
0,7,7.95,739,8.32142639362
0,7,7.95,740,8.30840356985
0,7,7.95,741,8.29662744036
0,7,7.95,742,8.2861550337
0,7,7.95,743,8.27366472193
0,7,7.95,744,8.26349194049
0,7,7.95,745,8.25415186409
0,7,7.95,746,8.24130883023
0,7,7.95,747,8.22578676732
0,7,7.95,748,8.2107739013
0,7,7.95,749,8.19760916229
0,7,7.95,750,8.18417231357
0,7,7.95,751,8.17071651035
0,7,7.95,752,8.15637977182
0,7,7.95,753,8.13812249458
0,7,7.95,754,8.11984683234
0,7,7.95,755,8.1061388417
0,7,7.95,756,8.09005822219
0,7,7.95,757,8.07352156775
0,7,7.95,758,8.05108932952
0,7,7.95,759,8.02635690504
0,7,7.95,760,7.99704446551
0,7,7.95,761,7.96773840068
0,7,7.95,762,7.93415626242
0,7,7.95,763,7.89869648465
0,7,7.95,764,7.86033945376
0,7,7.95,765,7.82093686123
0,7,7.95,766,7.7754174197
0,7,7.95,767,7.73719080295
0,7,7.95,768,7.70180699231
0,7,7.95,769,7.66566280384
0,7,7.95,770,7.62863373419
0,7,7.95,771,7.5902786221
0,7,7.95,772,7.55844848254
0,7,7.95,773,7.52573222325
0,7,7.95,774,7.48965177631
0,7,7.95,775,7.45394315513
0,7,7.95,776,7.42513187031
0,7,7.95,777,7.39653160974
0,7,7.95,778,7.37207581383
0,7,7.95,779,7.35186488038
0,7,7.95,780,7.33475634225
0,7,7.95,781,7.31771134112
0,7,7.95,782,7.30320609471
0,7,7.95,783,7.29341281036
0,7,7.95,784,7.27682856643
0,7,7.95,785,7.25717532449
0,7,7.95,786,7.23915259818
0,7,7.95,787,7.215884309
0,7,7.95,788,7.18925550695
0,7,7.95,789,7.15702995591
0,7,7.95,790,7.13041989432
0,7,7.95,791,7.10808855308
0,7,7.95,792,7.09042478898
0,7,7.95,793,7.07265603084
0,7,7.95,794,7.05808240502
0,7,7.95,795,7.04961023848
0,7,7.95,796,7.04685825158
0,7,7.95,797,7.04659812981
0,7,7.95,798,7.04337620484
0,7,7.95,799,7.04268715502
1,0,3.4,0,3.50851532333
1,0,3.4,1,3.47532838862
1,0,3.4,2,3.44098271321
1,0,3.4,3,3.41066082055
1,0,3.4,4,3.38511796724
1,0,3.4,5,3.36503292842
1,0,3.4,6,3.35060688245
1,0,3.4,7,3.34161353013
1,0,3.4,8,3.33965912019
1,0,3.4,9,3.34308413475
1,0,3.4,10,3.353318461
1,0,3.4,11,3.36998525571
1,0,3.4,12,3.39711941492
1,0,3.4,13,3.43133999356
1,0,3.4,14,3.47214890819
1,0,3.4,15,3.51467616843
1,0,3.4,16,3.55409648789
1,0,3.4,17,3.59844272411
1,0,3.4,18,3.64464972087
1,0,3.4,19,3.68552806226
1,0,3.4,20,3.72704470552
1,0,3.4,21,3.76826371522
1,0,3.4,22,3.80518143987
1,0,3.4,23,3.84179418155
1,0,3.4,24,3.87679313495
1,0,3.4,25,3.90994388981
1,0,3.4,26,3.93665173608
1,0,3.4,27,3.95897846085
1,0,3.4,28,3.97556366001
1,0,3.4,29,3.98943007282
1,0,3.4,30,3.99604679593
1,0,3.4,31,3.99972093202
1,0,3.4,32,4.00641995536
1,0,3.4,33,4.01787017471
1,0,3.4,34,4.03094771433
1,0,3.4,35,4.04108256792
1,0,3.4,36,4.05118400632
1,0,3.4,37,4.05759301884
1,0,3.4,38,4.05895089559
1,0,3.4,39,4.05403867233
1,0,3.4,40,4.0439090734
1,0,3.4,41,4.03405765772
1,0,3.4,42,4.02360774199
1,0,3.4,43,4.01172135103
1,0,3.4,44,4.00438358977
1,0,3.4,45,3.99602323142
1,0,3.4,46,3.98377899749
1,0,3.4,47,3.9733470787
1,0,3.4,48,3.96073903679
1,0,3.4,49,3.94705023509
1,0,3.4,50,3.93398584124
1,0,3.4,51,3.92420847901
1,0,3.4,52,3.90900781634
1,0,3.4,53,3.88712500003
1,0,3.4,54,3.8646125122
1,0,3.4,55,3.84359956575
1,0,3.4,56,3.82806945109
1,0,3.4,57,3.8120276063
1,0,3.4,58,3.79518482778
1,0,3.4,59,3.7757196706
1,0,3.4,60,3.7568142364
1,0,3.4,61,3.74189156908
1,0,3.4,62,3.72464098633
1,0,3.4,63,3.70866547104
1,0,3.4,64,3.70180177319
1,0,3.4,65,3.69400852359
1,0,3.4,66,3.68413337915
1,0,3.4,67,3.67815595738
1,0,3.4,68,3.67343697325
1,0,3.4,69,3.67362796223
1,0,3.4,70,3.67848076789
1,0,3.4,71,3.68890034937
1,0,3.4,72,3.70425311257
1,0,3.4,73,3.72480320594
1,0,3.4,74,3.75103464675
1,0,3.4,75,3.77845014528
1,0,3.4,76,3.80257445294
1,0,3.4,77,3.82781157098
1,0,3.4,78,3.84639196147
1,0,3.4,79,3.86074770692
1,0,3.4,80,3.87210646107
1,0,3.4,81,3.88109153426
1,0,3.4,82,3.89563727245
1,0,3.4,83,3.91762905559
1,0,3.4,84,3.94059924028
1,0,3.4,85,3.96352443141
1,0,3.4,86,3.98325854727
1,0,3.4,87,4.00269780167
1,0,3.4,88,4.02140995584
1,0,3.4,89,4.04036627187
1,0,3.4,90,4.05676544534
1,0,3.4,91,4.06623891193
1,0,3.4,92,4.07700943253
1,0,3.4,93,4.08390872728
1,0,3.4,94,4.08430066002
1,0,3.4,95,4.08021713884
1,0,3.4,96,4.08004735492
1,0,3.4,97,4.08295052802
1,0,3.4,98,4.08193110497
1,0,3.4,99,4.07395356103
1,0,3.4,100,4.0636411565
1,0,3.4,101,4.05219671556
1,0,3.4,102,4.04395771931
1,0,3.4,103,4.03291181017
1,0,3.4,104,4.01545028357
1,0,3.4,105,3.9919965521
1,0,3.4,106,3.96973180916
1,0,3.4,107,3.94439736326
1,0,3.4,108,3.91774145041
1,0,3.4,109,3.89209709925
1,0,3.4,110,3.86522155603
1,0,3.4,111,3.82910375725
1,0,3.4,112,3.79154755453
1,0,3.4,113,3.75550045782
1,0,3.4,114,3.72031490557
1,0,3.4,115,3.68594830335
1,0,3.4,116,3.64945312402
1,0,3.4,117,3.61306742937
1,0,3.4,118,3.57773351836
1,0,3.4,119,3.54044129953
1,0,3.4,120,3.50230918152
1,0,3.4,121,3.46523689777
1,0,3.4,122,3.43302873934
1,0,3.4,123,3.39755958238
1,0,3.4,124,3.3647315954
1,0,3.4,125,3.33322492186
1,0,3.4,126,3.30371855817
1,0,3.4,127,3.280233766
1,0,3.4,128,3.26281791265
1,0,3.4,129,3.25877349785
1,0,3.4,130,3.25804840855
1,0,3.4,131,3.26497527085
1,0,3.4,132,3.28940894269
1,0,3.4,133,3.3207752056
1,0,3.4,134,3.35475572748
1,0,3.4,135,3.39120699403
1,0,3.4,136,3.42610149351
1,0,3.4,137,3.4675191805
1,0,3.4,138,3.50853290216
1,0,3.4,139,3.55385779395
1,0,3.4,140,3.60671073376
1,0,3.4,141,3.6591625058
1,0,3.4,142,3.70839897935
1,0,3.4,143,3.75536173937
1,0,3.4,144,3.80067656556
1,0,3.4,145,3.84360978401
1,0,3.4,146,3.88702120845
1,0,3.4,147,3.92811188894
1,0,3.4,148,3.96190064864
1,0,3.4,149,3.99628177316
1,0,3.4,150,4.02577337156
1,0,3.4,151,4.05871711478
1,0,3.4,152,4.09422855288
1,0,3.4,153,4.12299790434
1,0,3.4,154,4.15104811181
1,0,3.4,155,4.17565553789
1,0,3.4,156,4.19475197325
1,0,3.4,157,4.21204193034
1,0,3.4,158,4.22646578605
1,0,3.4,159,4.24018408226
1,0,3.4,160,4.25600842145
1,0,3.4,161,4.26829906205
1,0,3.4,162,4.2820674388
1,0,3.4,163,4.29919835705
1,0,3.4,164,4.31928925553
1,0,3.4,165,4.33549140165
1,0,3.4,166,4.35193190776
1,0,3.4,167,4.36802172315
1,0,3.4,168,4.38435928831
1,0,3.4,169,4.40314128462
1,0,3.4,170,4.42198379764
1,0,3.4,171,4.43894127354
1,0,3.4,172,4.45723181899
1,0,3.4,173,4.47005800975
1,0,3.4,174,4.48475949218
1,0,3.4,175,4.49655757154
1,0,3.4,176,4.50844416745
1,0,3.4,177,4.51734960307
1,0,3.4,178,4.52176484421
1,0,3.4,179,4.52854879795
1,0,3.4,180,4.53722543078
1,0,3.4,181,4.55054503856
1,0,3.4,182,4.56719911884
1,0,3.4,183,4.58024815378
1,0,3.4,184,4.5952662398
1,0,3.4,185,4.60625466351
1,0,3.4,186,4.62029747941
1,0,3.4,187,4.63262418806
1,0,3.4,188,4.63968222961
1,0,3.4,189,4.64539837787
1,0,3.4,190,4.65310087377
1,0,3.4,191,4.66132085503
1,0,3.4,192,4.66091618834
1,0,3.4,193,4.65745191559
1,0,3.4,194,4.65597306473
1,0,3.4,195,4.65652316931
1,0,3.4,196,4.65647182294
1,0,3.4,197,4.6548888111
1,0,3.4,198,4.64881672625
1,0,3.4,199,4.64250001126
1,0,3.4,200,4.63656724641
1,0,3.4,201,4.63128398326
1,0,3.4,202,4.62863526374
1,0,3.4,203,4.62202927291
1,0,3.4,204,4.60990932925
1,0,3.4,205,4.59090565874
1,0,3.4,206,4.57663377621
1,0,3.4,207,4.56024603068
1,0,3.4,208,4.54268908116
1,0,3.4,209,4.52412137514
1,0,3.4,210,4.51063099332
1,0,3.4,211,4.49963111628
1,0,3.4,212,4.48859740718
1,0,3.4,213,4.47621391368
1,0,3.4,214,4.4623131056
1,0,3.4,215,4.44442091039
1,0,3.4,216,4.42471594766
1,0,3.4,217,4.40601094323
1,0,3.4,218,4.39198266126
1,0,3.4,219,4.37613296541
1,0,3.4,220,4.35933163279
1,0,3.4,221,4.3404017029
1,0,3.4,222,4.32474811609
1,0,3.4,223,4.31221837351
1,0,3.4,224,4.30265798018
1,0,3.4,225,4.29093054601
1,0,3.4,226,4.27912607284
1,0,3.4,227,4.26422152255
1,0,3.4,228,4.24028101674
1,0,3.4,229,4.21922311908
1,0,3.4,230,4.19825945954
1,0,3.4,231,4.18396993399
1,0,3.4,232,4.1754909062
1,0,3.4,233,4.16445814958
1,0,3.4,234,4.15238136468
1,0,3.4,235,4.13633655884
1,0,3.4,236,4.1237082578
1,0,3.4,237,4.10957322214
1,0,3.4,238,4.09683614057
1,0,3.4,239,4.08455853573
1,0,3.4,240,4.07001604362
1,0,3.4,241,4.05451600704
1,0,3.4,242,4.04217839474
1,0,3.4,243,4.02893713874
1,0,3.4,244,4.01038617004
1,0,3.4,245,3.99596373213
1,0,3.4,246,3.98017223268
1,0,3.4,247,3.96485600062
1,0,3.4,248,3.95005822379
1,0,3.4,249,3.93379199666
1,0,3.4,250,3.92026045291
1,0,3.4,251,3.90358285633
1,0,3.4,252,3.88781425955
1,0,3.4,253,3.87204410513
1,0,3.4,254,3.85258256362
1,0,3.4,255,3.8303946872
1,0,3.4,256,3.80156955803
1,0,3.4,257,3.77201686108
1,0,3.4,258,3.73615126275
1,0,3.4,259,3.69824190483
1,0,3.4,260,3.65981702266
1,0,3.4,261,3.62573958011
1,0,3.4,262,3.59076118304
1,0,3.4,263,3.55865351729
1,0,3.4,264,3.52918238639
1,0,3.4,265,3.50118741941
1,0,3.4,266,3.47614574404
1,0,3.4,267,3.45232965888
1,0,3.4,268,3.43198735694
1,0,3.4,269,3.42051689222
1,0,3.4,270,3.40833620129
1,0,3.4,271,3.39465475818
1,0,3.4,272,3.38631455113
1,0,3.4,273,3.38353511834
1,0,3.4,274,3.38342341619
1,0,3.4,275,3.39030081256
1,0,3.4,276,3.39685330946
1,0,3.4,277,3.4078470599
1,0,3.4,278,3.42407860391
1,0,3.4,279,3.44572732637
1,0,3.4,280,3.46847177591
1,0,3.4,281,3.49406101093
1,0,3.4,282,3.52234623282
1,0,3.4,283,3.55162336578
1,0,3.4,284,3.58191758969
1,0,3.4,285,3.61405345228
1,0,3.4,286,3.6461701988
1,0,3.4,287,3.68057220005
1,0,3.4,288,3.71498963132
1,0,3.4,289,3.75416021801
1,0,3.4,290,3.79204738018
1,0,3.4,291,3.82698258801
1,0,3.4,292,3.86054539805
1,0,3.4,293,3.89379392224
1,0,3.4,294,3.92608774116
1,0,3.4,295,3.95300884448
1,0,3.4,296,3.97470152844
1,0,3.4,297,3.9910380576
1,0,3.4,298,4.00125766327
1,0,3.4,299,4.00562575755
1,0,3.4,300,4.00811029484
1,0,3.4,301,4.01210088063
1,0,3.4,302,4.01507524404
1,0,3.4,303,4.01230683781
1,0,3.4,304,4.01079851229
1,0,3.4,305,4.00986202592
1,0,3.4,306,4.00003607293
1,0,3.4,307,3.99480953168
1,0,3.4,308,3.99383856749
1,0,3.4,309,3.98986001982
1,0,3.4,310,3.98515199724
1,0,3.4,311,3.98278909054
1,0,3.4,312,3.98480625741
1,0,3.4,313,3.99464238194
1,0,3.4,314,4.00269357872
1,0,3.4,315,4.00790274396
1,0,3.4,316,4.01156676715
1,0,3.4,317,4.01206700885
1,0,3.4,318,4.00534980595
1,0,3.4,319,3.99473970199
1,0,3.4,320,3.98169169561
1,0,3.4,321,3.96264134301
1,0,3.4,322,3.9479753574
1,0,3.4,323,3.92978370575
1,0,3.4,324,3.90688218819
1,0,3.4,325,3.88381802167
1,0,3.4,326,3.85917900658
1,0,3.4,327,3.83544071414
1,0,3.4,328,3.81849898327
1,0,3.4,329,3.8059946703
1,0,3.4,330,3.79133993833
1,0,3.4,331,3.7740067706
1,0,3.4,332,3.7563176199
1,0,3.4,333,3.74542508093
1,0,3.4,334,3.73821032814
1,0,3.4,335,3.73652113853
1,0,3.4,336,3.73645304967
1,0,3.4,337,3.73952388616
1,0,3.4,338,3.74707233892
1,0,3.4,339,3.74851461346
1,0,3.4,340,3.74320606826
1,0,3.4,341,3.73455056499
1,0,3.4,342,3.72705572705
1,0,3.4,343,3.72274156485
1,0,3.4,344,3.71864045081
1,0,3.4,345,3.71816336678
1,0,3.4,346,3.71659232085
1,0,3.4,347,3.71636872253
1,0,3.4,348,3.71757969674
1,0,3.4,349,3.71976597559
1,0,3.4,350,3.72064174684
1,0,3.4,351,3.71776753063
1,0,3.4,352,3.71955184668
1,0,3.4,353,3.72223915103
1,0,3.4,354,3.72057122695
1,0,3.4,355,3.71773970233
1,0,3.4,356,3.71645964756
1,0,3.4,357,3.71511850797
1,0,3.4,358,3.70970867638
1,0,3.4,359,3.70273975003
1,0,3.4,360,3.69355318614
1,0,3.4,361,3.68822518241
1,0,3.4,362,3.68329944288
1,0,3.4,363,3.67585404991
1,0,3.4,364,3.66881056127
1,0,3.4,365,3.66415474686
1,0,3.4,366,3.66312537891
1,0,3.4,367,3.65649414207
1,0,3.4,368,3.64411983615
1,0,3.4,369,3.63720727703
1,0,3.4,370,3.62886953147
1,0,3.4,371,3.62168116454
1,0,3.4,372,3.61863421398
1,0,3.4,373,3.61028454877
1,0,3.4,374,3.60169086779
1,0,3.4,375,3.59091605907
1,0,3.4,376,3.58290713602
1,0,3.4,377,3.57437103517
1,0,3.4,378,3.57032835383
1,0,3.4,379,3.56339019974
1,0,3.4,380,3.55126544591
1,0,3.4,381,3.54461066479
1,0,3.4,382,3.54117786137
1,0,3.4,383,3.54163983943
1,0,3.4,384,3.5493561013
1,0,3.4,385,3.5693348988
1,0,3.4,386,3.59175565122
1,0,3.4,387,3.61520823788
1,0,3.4,388,3.64384314948
1,0,3.4,389,3.67560928765
1,0,3.4,390,3.70472791102
1,0,3.4,391,3.73154208949
1,0,3.4,392,3.75894471467
1,0,3.4,393,3.77934777124
1,0,3.4,394,3.79650468407
1,0,3.4,395,3.8058721079
1,0,3.4,396,3.81156217235
1,0,3.4,397,3.81234429596
1,0,3.4,398,3.81656055573
1,0,3.4,399,3.81966848047
1,0,3.4,400,3.82057108314
1,0,3.4,401,3.81517212244
1,0,3.4,402,3.80821659627
1,0,3.4,403,3.79971808113
1,0,3.4,404,3.79452742546
1,0,3.4,405,3.79367657241
1,0,3.4,406,3.79506853041
1,0,3.4,407,3.79865838574
1,0,3.4,408,3.80183361642
1,0,3.4,409,3.80572865647
1,0,3.4,410,3.81058875103
1,0,3.4,411,3.81104919622
1,0,3.4,412,3.81224163414
1,0,3.4,413,3.81404774254
1,0,3.4,414,3.81516601525
1,0,3.4,415,3.81236359371
1,0,3.4,416,3.80997653222
1,0,3.4,417,3.80839764228
1,0,3.4,418,3.80917226888
1,0,3.4,419,3.8121435122
1,0,3.4,420,3.81765617134
1,0,3.4,421,3.82162526892
1,0,3.4,422,3.82457507176
1,0,3.4,423,3.82908656938
1,0,3.4,424,3.83314651236
1,0,3.4,425,3.8344855985
1,0,3.4,426,3.83750618656
1,0,3.4,427,3.84153170545
1,0,3.4,428,3.84445879916
1,0,3.4,429,3.8444625152
1,0,3.4,430,3.84097336966
1,0,3.4,431,3.83968420869
1,0,3.4,432,3.84140478062
1,0,3.4,433,3.84337563417
1,0,3.4,434,3.84450941054
1,0,3.4,435,3.85296648746
1,0,3.4,436,3.86150688884
1,0,3.4,437,3.86850927954
1,0,3.4,438,3.87670042295
1,0,3.4,439,3.88759832171
1,0,3.4,440,3.89716369144
1,0,3.4,441,3.90509064497
1,0,3.4,442,3.90373313731
1,0,3.4,443,3.90582485121
1,0,3.4,444,3.91100990347
1,0,3.4,445,3.91324183907
1,0,3.4,446,3.91369780234
1,0,3.4,447,3.91440625952
1,0,3.4,448,3.92127721743
1,0,3.4,449,3.93001164997
1,0,3.4,450,3.93593318771
1,0,3.4,451,3.94230666271
1,0,3.4,452,3.94833745627
1,0,3.4,453,3.95370213454
1,0,3.4,454,3.95992058143
1,0,3.4,455,3.96376102684
1,0,3.4,456,3.96707441995
1,0,3.4,457,3.96637162401
1,0,3.4,458,3.96152650446
1,0,3.4,459,3.95704425474
1,0,3.4,460,3.95819840585
1,0,3.4,461,3.96334844923
1,0,3.4,462,3.96605122133
1,0,3.4,463,3.96667568615
1,0,3.4,464,3.96484858761
1,0,3.4,465,3.95989449578
1,0,3.4,466,3.95862780354
1,0,3.4,467,3.95810686451
1,0,3.4,468,3.95721921598
1,0,3.4,469,3.95585694507
1,0,3.4,470,3.95471502776
1,0,3.4,471,3.95237689359
1,0,3.4,472,3.94995357446
1,0,3.4,473,3.94531123678
1,0,3.4,474,3.93924512884
1,0,3.4,475,3.93193044944
1,0,3.4,476,3.92516182615
1,0,3.4,477,3.91850438323
1,0,3.4,478,3.91255615376
1,0,3.4,479,3.9043107666
1,0,3.4,480,3.8959052132
1,0,3.4,481,3.88842639831
1,0,3.4,482,3.88002703017
1,0,3.4,483,3.87382387158
1,0,3.4,484,3.87362330294
1,0,3.4,485,3.87434623184
1,0,3.4,486,3.87542329696
1,0,3.4,487,3.87450926402
1,0,3.4,488,3.87060222286
1,0,3.4,489,3.86425137761
1,0,3.4,490,3.8559046527
1,0,3.4,491,3.84836358772
1,0,3.4,492,3.84155733167
1,0,3.4,493,3.83265400132
1,0,3.4,494,3.81829280692
1,0,3.4,495,3.80088774547
1,0,3.4,496,3.7859134385
1,0,3.4,497,3.77067058355
1,0,3.4,498,3.75638272415
1,0,3.4,499,3.74077374606
1,0,3.4,500,3.723739588
1,0,3.4,501,3.70867306956
1,0,3.4,502,3.69911424809
1,0,3.4,503,3.6892521232
1,0,3.4,504,3.68109614253
1,0,3.4,505,3.67640039967
1,0,3.4,506,3.67627325935
1,0,3.4,507,3.67800660073
1,0,3.4,508,3.68299577892
1,0,3.4,509,3.68550157295
1,0,3.4,510,3.68809490247
1,0,3.4,511,3.68846791736
1,0,3.4,512,3.69432184179
1,0,3.4,513,3.69502776584
1,0,3.4,514,3.69188160922
1,0,3.4,515,3.6922011797
1,0,3.4,516,3.6862425699
1,0,3.4,517,3.67950752893
1,0,3.4,518,3.66705204264
1,0,3.4,519,3.64946742222
1,0,3.4,520,3.63189944341
1,0,3.4,521,3.61500466922
1,0,3.4,522,3.59728177864
1,0,3.4,523,3.58216331054
1,0,3.4,524,3.56939554436
1,0,3.4,525,3.5581287444
1,0,3.4,526,3.54686492553
1,0,3.4,527,3.54411654827
1,0,3.4,528,3.54384911031
1,0,3.4,529,3.55211340107
1,0,3.4,530,3.56176030223
1,0,3.4,531,3.57298493436
1,0,3.4,532,3.58759404022
1,0,3.4,533,3.60058078132
1,0,3.4,534,3.61859018016
1,0,3.4,535,3.6376268475
1,0,3.4,536,3.65189974094
1,0,3.4,537,3.66216725024
1,0,3.4,538,3.67763081952
1,0,3.4,539,3.68912087487
1,0,3.4,540,3.70257243217
1,0,3.4,541,3.71710702706
1,0,3.4,542,3.73432146538
1,0,3.4,543,3.74601081151
1,0,3.4,544,3.76069596689
1,0,3.4,545,3.77487304967
1,0,3.4,546,3.79331600254
1,0,3.4,547,3.80998480579
1,0,3.4,548,3.82699353072
1,0,3.4,549,3.84072332728
1,0,3.4,550,3.84898580116
1,0,3.4,551,3.86417931984
1,0,3.4,552,3.88112644871
1,0,3.4,553,3.89762994028
1,0,3.4,554,3.91516004655
1,0,3.4,555,3.93068653106
1,0,3.4,556,3.94336573131
1,0,3.4,557,3.94722848122
1,0,3.4,558,3.95097499626
1,0,3.4,559,3.95657155816
1,0,3.4,560,3.9617487293
1,0,3.4,561,3.96742373765
1,0,3.4,562,3.97134791318
1,0,3.4,563,3.97173587147
1,0,3.4,564,3.9759495817
1,0,3.4,565,3.97959275035
1,0,3.4,566,3.9802000385
1,0,3.4,567,3.98117269021
1,0,3.4,568,3.97996658429
1,0,3.4,569,3.97650518558
1,0,3.4,570,3.97144864976
1,0,3.4,571,3.96727861066
1,0,3.4,572,3.95973385574
1,0,3.4,573,3.9561276769
1,0,3.4,574,3.95792292548
1,0,3.4,575,3.9575358498
1,0,3.4,576,3.95437955032
1,0,3.4,577,3.95690251651
1,0,3.4,578,3.96183534471
1,0,3.4,579,3.9689034504
1,0,3.4,580,3.97958178736
1,0,3.4,581,3.99352591115
1,0,3.4,582,3.99914079766
1,0,3.4,583,4.0003155924
1,0,3.4,584,4.00076513386
1,0,3.4,585,4.00312846443
1,0,3.4,586,4.00312712094
1,0,3.4,587,4.00716914967
1,0,3.4,588,4.0115281096
1,0,3.4,589,4.01808734165
1,0,3.4,590,4.02271793002
1,0,3.4,591,4.02544966307
1,0,3.4,592,4.02466842857
1,0,3.4,593,4.0219801002
1,0,3.4,594,4.02316638756
1,0,3.4,595,4.02348500178
1,0,3.4,596,4.0249180313
1,0,3.4,597,4.02615137448
1,0,3.4,598,4.02128008972
1,0,3.4,599,4.01355851219
1,0,3.4,600,4.00475520151
1,0,3.4,601,3.99712448477
1,0,3.4,602,3.98953395103
1,0,3.4,603,3.97532076142
1,0,3.4,604,3.95356772117
1,0,3.4,605,3.93107528059
1,0,3.4,606,3.91399771386
1,0,3.4,607,3.89711965244
1,0,3.4,608,3.88166140535
1,0,3.4,609,3.87034508002
1,0,3.4,610,3.86002246985
1,0,3.4,611,3.85085125059
1,0,3.4,612,3.84088451505
1,0,3.4,613,3.82916835002
1,0,3.4,614,3.81808091193
1,0,3.4,615,3.80505406716
1,0,3.4,616,3.78848908165
1,0,3.4,617,3.77072787276
1,0,3.4,618,3.75527642614
1,0,3.4,619,3.73292759163
1,0,3.4,620,3.70603792553
1,0,3.4,621,3.67695344052
1,0,3.4,622,3.64869106635
1,0,3.4,623,3.622746152
1,0,3.4,624,3.5968961184
1,0,3.4,625,3.56646660739
1,0,3.4,626,3.53512668407
1,0,3.4,627,3.50539848067
1,0,3.4,628,3.47939317827
1,0,3.4,629,3.45445068939
1,0,3.4,630,3.42735226571
1,0,3.4,631,3.40397961555
1,0,3.4,632,3.38382490002
1,0,3.4,633,3.36010037353
1,0,3.4,634,3.34069243713
1,0,3.4,635,3.32351622875
1,0,3.4,636,3.31316800182
1,0,3.4,637,3.30709607295
1,0,3.4,638,3.30238334436
1,0,3.4,639,3.30519090108
1,0,3.4,640,3.31874800307
1,0,3.4,641,3.34055137286
1,0,3.4,642,3.36775279948
1,0,3.4,643,3.40120820164
1,0,3.4,644,3.4404642219
1,0,3.4,645,3.481863038
1,0,3.4,646,3.52916489559
1,0,3.4,647,3.5760233024
1,0,3.4,648,3.62196632232
1,0,3.4,649,3.66444328788
1,0,3.4,650,3.70581010129
1,0,3.4,651,3.74861023722
1,0,3.4,652,3.79167493015
1,0,3.4,653,3.83138229715
1,0,3.4,654,3.86457781564
1,0,3.4,655,3.90167907381
1,0,3.4,656,3.93940944415
1,0,3.4,657,3.96940071866
1,0,3.4,658,3.99378530293
1,0,3.4,659,4.02490779122
1,0,3.4,660,4.06233963116
1,0,3.4,661,4.09646745609
1,0,3.4,662,4.12382541095
1,0,3.4,663,4.14490346519
1,0,3.4,664,4.16863544234
1,0,3.4,665,4.19239228118
1,0,3.4,666,4.21866375887
1,0,3.4,667,4.24126379255
1,0,3.4,668,4.25748821028
1,0,3.4,669,4.26626499132
1,0,3.4,670,4.27341701859
1,0,3.4,671,4.27835809841
1,0,3.4,672,4.28405757596
1,0,3.4,673,4.28716730611
1,0,3.4,674,4.29098249957
1,0,3.4,675,4.2898962058
1,0,3.4,676,4.28587050131
1,0,3.4,677,4.2842450118
1,0,3.4,678,4.28481961497
1,0,3.4,679,4.28044290979
1,0,3.4,680,4.27644215421
1,0,3.4,681,4.27228738898
1,0,3.4,682,4.26379619401
1,0,3.4,683,4.24960749865
1,0,3.4,684,4.23751403586
1,0,3.4,685,4.22764106345
1,0,3.4,686,4.21303338928
1,0,3.4,687,4.19900185377
1,0,3.4,688,4.18362882332
1,0,3.4,689,4.16868094636
1,0,3.4,690,4.15470344465
1,0,3.4,691,4.13930896611
1,0,3.4,692,4.12450898042
1,0,3.4,693,4.1119856358
1,0,3.4,694,4.09728601417
1,0,3.4,695,4.07977565082
1,0,3.4,696,4.0623754451
1,0,3.4,697,4.0417770626
1,0,3.4,698,4.01891627146
1,0,3.4,699,3.99758092928
1,0,3.4,700,3.97654155349
1,0,3.4,701,3.96264321153
1,0,3.4,702,3.9520714865
1,0,3.4,703,3.94549055805
1,0,3.4,704,3.93708132632
1,0,3.4,705,3.92648277834
1,0,3.4,706,3.91640041891
1,0,3.4,707,3.90563632713
1,0,3.4,708,3.89605757756
1,0,3.4,709,3.8866912609
1,0,3.4,710,3.87639251559
1,0,3.4,711,3.86420860545
1,0,3.4,712,3.84810987079
1,0,3.4,713,3.8323831215
1,0,3.4,714,3.81896317115
1,0,3.4,715,3.80475882657
1,0,3.4,716,3.78922103763
1,0,3.4,717,3.77910010828
1,0,3.4,718,3.77314178822
1,0,3.4,719,3.7659410143
1,0,3.4,720,3.76036653126
1,0,3.4,721,3.76198219927
1,0,3.4,722,3.76403063733
1,0,3.4,723,3.75844234351
1,0,3.4,724,3.74859329976
1,0,3.4,725,3.73644475634
1,0,3.4,726,3.72453218467
1,0,3.4,727,3.71257215549
1,0,3.4,728,3.70394130613
1,0,3.4,729,3.69861806326
1,0,3.4,730,3.69298203467
1,0,3.4,731,3.68924346518
1,0,3.4,732,3.69084849484
1,0,3.4,733,3.69263805322
1,0,3.4,734,3.69237127371
1,0,3.4,735,3.6906059083
1,0,3.4,736,3.6917160791
1,0,3.4,737,3.6952965389
1,0,3.4,738,3.70147893528
1,0,3.4,739,3.70982891789
1,0,3.4,740,3.71675559448
1,0,3.4,741,3.72159056301
1,0,3.4,742,3.72434267833
1,0,3.4,743,3.72583539591
1,0,3.4,744,3.72944307077
1,0,3.4,745,3.73340731236
1,0,3.4,746,3.73534090408
1,0,3.4,747,3.74071662684
1,0,3.4,748,3.74528708888
1,0,3.4,749,3.74723463352
1,0,3.4,750,3.74652372318
1,0,3.4,751,3.74578497737
1,0,3.4,752,3.74063633611
1,0,3.4,753,3.73345046598
1,0,3.4,754,3.72035374395
1,0,3.4,755,3.70809840825
1,0,3.4,756,3.69827952907
1,0,3.4,757,3.68809312095
1,0,3.4,758,3.67412165128
1,0,3.4,759,3.66182526919
1,0,3.4,760,3.65273449207
1,0,3.4,761,3.64338682053
1,0,3.4,762,3.63654748747
1,0,3.4,763,3.63216821287
1,0,3.4,764,3.63060948795
1,0,3.4,765,3.63041379506
1,0,3.4,766,3.63214119059
1,0,3.4,767,3.6370278386
1,0,3.4,768,3.64565089194
1,0,3.4,769,3.65855609831
1,0,3.4,770,3.66829037567
1,0,3.4,771,3.68023594885
1,0,3.4,772,3.69548616697
1,0,3.4,773,3.70715653542
1,0,3.4,774,3.7195120167
1,0,3.4,775,3.72904129676
1,0,3.4,776,3.73461957785
1,0,3.4,777,3.7391947091
1,0,3.4,778,3.75099382435
1,0,3.4,779,3.76348151524
1,0,3.4,780,3.78222469778
1,0,3.4,781,3.80490799503
1,0,3.4,782,3.82858449688
1,0,3.4,783,3.84415151902
1,0,3.4,784,3.85449258917
1,0,3.4,785,3.85741742263
1,0,3.4,786,3.85534063909
1,0,3.4,787,3.85232677909
1,0,3.4,788,3.84303522599
1,0,3.4,789,3.82903711422
1,0,3.4,790,3.80879515951
1,0,3.4,791,3.78721766833
1,0,3.4,792,3.77007392032
1,0,3.4,793,3.75698555474
1,0,3.4,794,3.75097182975
1,0,3.4,795,3.74818706258
1,0,3.4,796,3.74721092368
1,0,3.4,797,3.74978102923
1,0,3.4,798,3.75542028253
1,0,3.4,799,3.76319067884
1,1,4.05,0,3.78349405638
1,1,4.05,1,3.76988152153
1,1,4.05,2,3.7568392835
1,1,4.05,3,3.74740385015
1,1,4.05,4,3.74171397325
1,1,4.05,5,3.73489201648
1,1,4.05,6,3.73433171864
1,1,4.05,7,3.73938784133
1,1,4.05,8,3.74964734861
1,1,4.05,9,3.76184266053
1,1,4.05,10,3.77690726995
1,1,4.05,11,3.79207016344
1,1,4.05,12,3.79863509289
1,1,4.05,13,3.80200736349
1,1,4.05,14,3.80224438859
1,1,4.05,15,3.806219835
1,1,4.05,16,3.81038327359
1,1,4.05,17,3.81155097267
1,1,4.05,18,3.80985979248
1,1,4.05,19,3.8034680259
1,1,4.05,20,3.79715531088
1,1,4.05,21,3.79079132156
1,1,4.05,22,3.78090523063
1,1,4.05,23,3.76937231365
1,1,4.05,24,3.75743791377
1,1,4.05,25,3.74190855017
1,1,4.05,26,3.72034532307
1,1,4.05,27,3.69726642872
1,1,4.05,28,3.67050121202
1,1,4.05,29,3.6411862235
1,1,4.05,30,3.61056559118
1,1,4.05,31,3.58278850341
1,1,4.05,32,3.55943446411
1,1,4.05,33,3.53379551258
1,1,4.05,34,3.5057607781
1,1,4.05,35,3.48289816455
1,1,4.05,36,3.46544301459
1,1,4.05,37,3.45425547772
1,1,4.05,38,3.44713889068
1,1,4.05,39,3.44526376242
1,1,4.05,40,3.44691882622
1,1,4.05,41,3.44685485732
1,1,4.05,42,3.44549412789
1,1,4.05,43,3.44855519525
1,1,4.05,44,3.45729207973
1,1,4.05,45,3.4637922597
1,1,4.05,46,3.47525658541
1,1,4.05,47,3.4909684099
1,1,4.05,48,3.50387012408
1,1,4.05,49,3.5183738291
1,1,4.05,50,3.53429203677
1,1,4.05,51,3.55214057713
1,1,4.05,52,3.57292562621
1,1,4.05,53,3.59996323337
1,1,4.05,54,3.62955197755
1,1,4.05,55,3.66094215538
1,1,4.05,56,3.69712076633
1,1,4.05,57,3.73986318962
1,1,4.05,58,3.78203341376
1,1,4.05,59,3.82099199101
1,1,4.05,60,3.85847803754
1,1,4.05,61,3.8868600049
1,1,4.05,62,3.911478977
1,1,4.05,63,3.93484336683
1,1,4.05,64,3.95969291028
1,1,4.05,65,3.99108917073
1,1,4.05,66,4.02374969467
1,1,4.05,67,4.06004259359
1,1,4.05,68,4.09781040823
1,1,4.05,69,4.13098678795
1,1,4.05,70,4.15992483752
1,1,4.05,71,4.18759463063
1,1,4.05,72,4.21260856143
1,1,4.05,73,4.23502648064
1,1,4.05,74,4.25885382181
1,1,4.05,75,4.28403377263
1,1,4.05,76,4.30929683622
1,1,4.05,77,4.33522699687
1,1,4.05,78,4.36410227235
1,1,4.05,79,4.39469301072
1,1,4.05,80,4.43046275704
1,1,4.05,81,4.46274338409
1,1,4.05,82,4.49849196527
1,1,4.05,83,4.53391927199
1,1,4.05,84,4.56873072879
1,1,4.05,85,4.60571872292
1,1,4.05,86,4.64588467731
1,1,4.05,87,4.68788466803
1,1,4.05,88,4.72694481809
1,1,4.05,89,4.76386200823
1,1,4.05,90,4.80145606268
1,1,4.05,91,4.84032684371
1,1,4.05,92,4.87877683937
1,1,4.05,93,4.91101956655
1,1,4.05,94,4.93955420043
1,1,4.05,95,4.96512605965
1,1,4.05,96,4.98944076339
1,1,4.05,97,5.01171110646
1,1,4.05,98,5.03046938712
1,1,4.05,99,5.05275433754
1,1,4.05,100,5.07706081025
1,1,4.05,101,5.10887558345
1,1,4.05,102,5.13795655509
1,1,4.05,103,5.16531949413
1,1,4.05,104,5.19607343501
1,1,4.05,105,5.23095448551
1,1,4.05,106,5.26752514247
1,1,4.05,107,5.30492992473
1,1,4.05,108,5.33991569958
1,1,4.05,109,5.3694826335
1,1,4.05,110,5.3959126022
1,1,4.05,111,5.42096435665
1,1,4.05,112,5.44232343266
1,1,4.05,113,5.46532891095
1,1,4.05,114,5.48728417959
1,1,4.05,115,5.50751610011
1,1,4.05,116,5.52640433327
1,1,4.05,117,5.54400147122
1,1,4.05,118,5.55987378122
1,1,4.05,119,5.57214318099
1,1,4.05,120,5.57824936379
1,1,4.05,121,5.58074483193
1,1,4.05,122,5.58059873128
1,1,4.05,123,5.57899005282
1,1,4.05,124,5.57781051083
1,1,4.05,125,5.57448224245
1,1,4.05,126,5.56902084734
1,1,4.05,127,5.56230141231
1,1,4.05,128,5.55273461972
1,1,4.05,129,5.53880894532
1,1,4.05,130,5.52273901768
1,1,4.05,131,5.50289558768
1,1,4.05,132,5.48521424871
1,1,4.05,133,5.46306937806
1,1,4.05,134,5.44428080016
1,1,4.05,135,5.43245375421
1,1,4.05,136,5.41912071831
1,1,4.05,137,5.4027354103
1,1,4.05,138,5.38398100422
1,1,4.05,139,5.36297178692
1,1,4.05,140,5.34143783155
1,1,4.05,141,5.31872244543
1,1,4.05,142,5.29559589918
1,1,4.05,143,5.27554546309
1,1,4.05,144,5.25898235235
1,1,4.05,145,5.24357141386
1,1,4.05,146,5.23045946612
1,1,4.05,147,5.22357464101
1,1,4.05,148,5.21238283408
1,1,4.05,149,5.19835679509
1,1,4.05,150,5.17662287926
1,1,4.05,151,5.15403440797
1,1,4.05,152,5.13134949381
1,1,4.05,153,5.10676336281
1,1,4.05,154,5.08216950899
1,1,4.05,155,5.06013062932
1,1,4.05,156,5.0394763164
1,1,4.05,157,5.01940257014
1,1,4.05,158,5.00022281012
1,1,4.05,159,4.98396950153
1,1,4.05,160,4.96581308966
1,1,4.05,161,4.94412688245
1,1,4.05,162,4.92423199562
1,1,4.05,163,4.90180530064
1,1,4.05,164,4.8791424834
1,1,4.05,165,4.85353747687
1,1,4.05,166,4.8246870767
1,1,4.05,167,4.79622156932
1,1,4.05,168,4.76296922093
1,1,4.05,169,4.73250144807
1,1,4.05,170,4.70227701773
1,1,4.05,171,4.66886482966
1,1,4.05,172,4.63256033682
1,1,4.05,173,4.59502400455
1,1,4.05,174,4.55608883832
1,1,4.05,175,4.5232966676
1,1,4.05,176,4.48757820025
1,1,4.05,177,4.45448690316
1,1,4.05,178,4.42363977914
1,1,4.05,179,4.39091899379
1,1,4.05,180,4.36280341235
1,1,4.05,181,4.33418047197
1,1,4.05,182,4.30913477204
1,1,4.05,183,4.28270692063
1,1,4.05,184,4.25443264871
1,1,4.05,185,4.22260403121
1,1,4.05,186,4.18337621786
1,1,4.05,187,4.13828464831
1,1,4.05,188,4.10137642556
1,1,4.05,189,4.06536016041
1,1,4.05,190,4.03182183133
1,1,4.05,191,3.99585452061
1,1,4.05,192,3.96125597071
1,1,4.05,193,3.93407129725
1,1,4.05,194,3.90884279246
1,1,4.05,195,3.88484969727
1,1,4.05,196,3.86071233186
1,1,4.05,197,3.83758326306
1,1,4.05,198,3.81585563904
1,1,4.05,199,3.80323661035
1,1,4.05,200,3.79680429959
1,1,4.05,201,3.78758949322
1,1,4.05,202,3.77817924742
1,1,4.05,203,3.77162126769
1,1,4.05,204,3.76709898059
1,1,4.05,205,3.76571446384
1,1,4.05,206,3.76802916449
1,1,4.05,207,3.77199783347
1,1,4.05,208,3.77465826566
1,1,4.05,209,3.78019442899
1,1,4.05,210,3.78308894824
1,1,4.05,211,3.78501891007
1,1,4.05,212,3.78577016262
1,1,4.05,213,3.78065015902
1,1,4.05,214,3.77697794521
1,1,4.05,215,3.77424724741
1,1,4.05,216,3.76814916139
1,1,4.05,217,3.7682019178
1,1,4.05,218,3.76841128288
1,1,4.05,219,3.77242496797
1,1,4.05,220,3.77599923277
1,1,4.05,221,3.78459403155
1,1,4.05,222,3.79011861633
1,1,4.05,223,3.79012109802
1,1,4.05,224,3.78956096571
1,1,4.05,225,3.78842602068
1,1,4.05,226,3.78514589274
1,1,4.05,227,3.7779178081
1,1,4.05,228,3.76641376711
1,1,4.05,229,3.75170035967
1,1,4.05,230,3.73680204444
1,1,4.05,231,3.71834652864
1,1,4.05,232,3.70033473896
1,1,4.05,233,3.67922922532
1,1,4.05,234,3.65003090262
1,1,4.05,235,3.62413309033
1,1,4.05,236,3.60134715337
1,1,4.05,237,3.58293640314
1,1,4.05,238,3.5669305444
1,1,4.05,239,3.55310734523
1,1,4.05,240,3.53650203278
1,1,4.05,241,3.52115135769
1,1,4.05,242,3.51054204706
1,1,4.05,243,3.50181831678
1,1,4.05,244,3.49693164915
1,1,4.05,245,3.49580308857
1,1,4.05,246,3.5000920743
1,1,4.05,247,3.50840756606
1,1,4.05,248,3.51348070087
1,1,4.05,249,3.51697114138
1,1,4.05,250,3.5212528488
1,1,4.05,251,3.52395242522
1,1,4.05,252,3.52860845388
1,1,4.05,253,3.5380128752
1,1,4.05,254,3.54922251083
1,1,4.05,255,3.56777161651
1,1,4.05,256,3.59078200564
1,1,4.05,257,3.61565183103
1,1,4.05,258,3.64209249419
1,1,4.05,259,3.66605777243
1,1,4.05,260,3.69308452354
1,1,4.05,261,3.72341677997
1,1,4.05,262,3.75485366119
1,1,4.05,263,3.78977478339
1,1,4.05,264,3.82788302882
1,1,4.05,265,3.86432482473
1,1,4.05,266,3.89294440121
1,1,4.05,267,3.91853014849
1,1,4.05,268,3.94398352155
1,1,4.05,269,3.96295837701
1,1,4.05,270,3.98575825494
1,1,4.05,271,4.0070586862
1,1,4.05,272,4.02717056149
1,1,4.05,273,4.04509623356
1,1,4.05,274,4.05852401577
1,1,4.05,275,4.07248001042
1,1,4.05,276,4.08785242177
1,1,4.05,277,4.10619863441
1,1,4.05,278,4.1281451313
1,1,4.05,279,4.14712598333
1,1,4.05,280,4.16731079747
1,1,4.05,281,4.19177586159
1,1,4.05,282,4.21517738171
1,1,4.05,283,4.23732434326
1,1,4.05,284,4.2595681942
1,1,4.05,285,4.28042047267
1,1,4.05,286,4.29551505612
1,1,4.05,287,4.31386543648
1,1,4.05,288,4.33333920734
1,1,4.05,289,4.34951825147
1,1,4.05,290,4.36299069206
1,1,4.05,291,4.3739548459
1,1,4.05,292,4.38341658847
1,1,4.05,293,4.38728990729
1,1,4.05,294,4.39046759994
1,1,4.05,295,4.39066463972
1,1,4.05,296,4.39507813985
1,1,4.05,297,4.40011216827
1,1,4.05,298,4.40945472443
1,1,4.05,299,4.42003153071
1,1,4.05,300,4.43384853381
1,1,4.05,301,4.44307288893
1,1,4.05,302,4.44901598485
1,1,4.05,303,4.45329208291
1,1,4.05,304,4.45871874
1,1,4.05,305,4.4612715902
1,1,4.05,306,4.46061970087
1,1,4.05,307,4.45819317167
1,1,4.05,308,4.45354647348
1,1,4.05,309,4.44690517389
1,1,4.05,310,4.43949821289
1,1,4.05,311,4.43053103388
1,1,4.05,312,4.42326871913
1,1,4.05,313,4.41988174588
1,1,4.05,314,4.42314389488
1,1,4.05,315,4.4348821538
1,1,4.05,316,4.44746801922
1,1,4.05,317,4.45877523502
1,1,4.05,318,4.46604620505
1,1,4.05,319,4.47351504857
1,1,4.05,320,4.48146490742
1,1,4.05,321,4.48992078046
1,1,4.05,322,4.49577222322
1,1,4.05,323,4.50436532959
1,1,4.05,324,4.51343190307
1,1,4.05,325,4.5269885502
1,1,4.05,326,4.54280966906
1,1,4.05,327,4.56260524779
1,1,4.05,328,4.58270573287
1,1,4.05,329,4.60333961101
1,1,4.05,330,4.62821608766
1,1,4.05,331,4.65179756445
1,1,4.05,332,4.67653364684
1,1,4.05,333,4.70484787433
1,1,4.05,334,4.73642180116
1,1,4.05,335,4.76806737675
1,1,4.05,336,4.79606051405
1,1,4.05,337,4.82445427742
1,1,4.05,338,4.85141683509
1,1,4.05,339,4.87128107842
1,1,4.05,340,4.88717946644
1,1,4.05,341,4.89555644479
1,1,4.05,342,4.90389642569
1,1,4.05,343,4.9044305285
1,1,4.05,344,4.90766306155
1,1,4.05,345,4.91545973846
1,1,4.05,346,4.9232076584
1,1,4.05,347,4.92773069819
1,1,4.05,348,4.93018425313
1,1,4.05,349,4.93253520847
1,1,4.05,350,4.9375887349
1,1,4.05,351,4.94030957889
1,1,4.05,352,4.93740089586
1,1,4.05,353,4.93650165812
1,1,4.05,354,4.93366115652
1,1,4.05,355,4.9260710337
1,1,4.05,356,4.92150070313
1,1,4.05,357,4.91926634118
1,1,4.05,358,4.91533749549
1,1,4.05,359,4.90731813764
1,1,4.05,360,4.90041370842
1,1,4.05,361,4.89291795008
1,1,4.05,362,4.88501973701
1,1,4.05,363,4.87783018311
1,1,4.05,364,4.87371757364
1,1,4.05,365,4.86689864617
1,1,4.05,366,4.85833901082
1,1,4.05,367,4.8474734098
1,1,4.05,368,4.82924564455
1,1,4.05,369,4.80654908409
1,1,4.05,370,4.78045848794
1,1,4.05,371,4.75044378673
1,1,4.05,372,4.72152391611
1,1,4.05,373,4.68800771015
1,1,4.05,374,4.64970119666
1,1,4.05,375,4.60977466055
1,1,4.05,376,4.56966585799
1,1,4.05,377,4.52718823513
1,1,4.05,378,4.48681513886
1,1,4.05,379,4.45023711957
1,1,4.05,380,4.41808779832
1,1,4.05,381,4.38833886178
1,1,4.05,382,4.35488384387
1,1,4.05,383,4.32073910154
1,1,4.05,384,4.29383442558
1,1,4.05,385,4.26716456559
1,1,4.05,386,4.23584723757
1,1,4.05,387,4.20415056298
1,1,4.05,388,4.17909367839
1,1,4.05,389,4.15262240511
1,1,4.05,390,4.12576888169
1,1,4.05,391,4.0977213199
1,1,4.05,392,4.06946323765
1,1,4.05,393,4.04983647821
1,1,4.05,394,4.03922863328
1,1,4.05,395,4.02771903863
1,1,4.05,396,4.01547920381
1,1,4.05,397,4.00745584217
1,1,4.05,398,4.00752442912
1,1,4.05,399,4.00222951327
1,1,4.05,400,3.99577518347
1,1,4.05,401,3.98916168826
1,1,4.05,402,3.98486366061
1,1,4.05,403,3.98312427524
1,1,4.05,404,3.9863898883
1,1,4.05,405,3.98853674878
1,1,4.05,406,3.99177166964
1,1,4.05,407,3.99705039434
1,1,4.05,408,4.00803455363
1,1,4.05,409,4.01827799492
1,1,4.05,410,4.03056948107
1,1,4.05,411,4.04294628401
1,1,4.05,412,4.05477016578
1,1,4.05,413,4.07444842487
1,1,4.05,414,4.09523519935
1,1,4.05,415,4.12246091603
1,1,4.05,416,4.14959312504
1,1,4.05,417,4.17401321831
1,1,4.05,418,4.19006515095
1,1,4.05,419,4.20913230518
1,1,4.05,420,4.22591029235
1,1,4.05,421,4.24023978626
1,1,4.05,422,4.2516602427
1,1,4.05,423,4.26573770851
1,1,4.05,424,4.28080883133
1,1,4.05,425,4.28873137467
1,1,4.05,426,4.29743222661
1,1,4.05,427,4.30291421075
1,1,4.05,428,4.31432000532
1,1,4.05,429,4.32853121096
1,1,4.05,430,4.3443249489
1,1,4.05,431,4.36325756222
1,1,4.05,432,4.37908297266
1,1,4.05,433,4.40193107554
1,1,4.05,434,4.42973058635
1,1,4.05,435,4.45473704717
1,1,4.05,436,4.47273232619
1,1,4.05,437,4.4906446015
1,1,4.05,438,4.50407398333
1,1,4.05,439,4.51669402692
1,1,4.05,440,4.52786873282
1,1,4.05,441,4.54088961153
1,1,4.05,442,4.55170212311
1,1,4.05,443,4.55365120077
1,1,4.05,444,4.54829641433
1,1,4.05,445,4.54143391406
1,1,4.05,446,4.52693613823
1,1,4.05,447,4.51186360928
1,1,4.05,448,4.4946224874
1,1,4.05,449,4.47289552047
1,1,4.05,450,4.44553387443
1,1,4.05,451,4.41993248336
1,1,4.05,452,4.39513661664
1,1,4.05,453,4.37010000078
1,1,4.05,454,4.33905283138
1,1,4.05,455,4.30611602533
1,1,4.05,456,4.27062311829
1,1,4.05,457,4.23299495075
1,1,4.05,458,4.19630885041
1,1,4.05,459,4.1585643992
1,1,4.05,460,4.11848014891
1,1,4.05,461,4.0747535671
1,1,4.05,462,4.03367274047
1,1,4.05,463,3.99489404011
1,1,4.05,464,3.95422290837
1,1,4.05,465,3.91735093969
1,1,4.05,466,3.87834253819
1,1,4.05,467,3.83982628535
1,1,4.05,468,3.80345668414
1,1,4.05,469,3.76420982051
1,1,4.05,470,3.72218092879
1,1,4.05,471,3.68175049642
1,1,4.05,472,3.6463190596
1,1,4.05,473,3.61631807257
1,1,4.05,474,3.58561332518
1,1,4.05,475,3.55828484439
1,1,4.05,476,3.53743468172
1,1,4.05,477,3.52061238317
1,1,4.05,478,3.5057871036
1,1,4.05,479,3.49364159126
1,1,4.05,480,3.48341911732
1,1,4.05,481,3.47603420822
1,1,4.05,482,3.47032347101
1,1,4.05,483,3.4606775657
1,1,4.05,484,3.44968096444
1,1,4.05,485,3.43793550855
1,1,4.05,486,3.43234541045
1,1,4.05,487,3.43465514442
1,1,4.05,488,3.44446483103
1,1,4.05,489,3.45637014382
1,1,4.05,490,3.4719546086
1,1,4.05,491,3.489010326
1,1,4.05,492,3.50609406147
1,1,4.05,493,3.520021617
1,1,4.05,494,3.52963364707
1,1,4.05,495,3.54174880192
1,1,4.05,496,3.55124814182
1,1,4.05,497,3.55655198702
1,1,4.05,498,3.56401156864
1,1,4.05,499,3.5740124695
1,1,4.05,500,3.58576525491
1,1,4.05,501,3.59922657034
1,1,4.05,502,3.61351921154
1,1,4.05,503,3.63124811295
1,1,4.05,504,3.64981581403
1,1,4.05,505,3.67888334787
1,1,4.05,506,3.708493411
1,1,4.05,507,3.73942659521
1,1,4.05,508,3.77074681054
1,1,4.05,509,3.80506697203
1,1,4.05,510,3.84075697229
1,1,4.05,511,3.87524918746
1,1,4.05,512,3.9088421632
1,1,4.05,513,3.94715300188
1,1,4.05,514,3.98347912647
1,1,4.05,515,4.02065412428
1,1,4.05,516,4.05854180319
1,1,4.05,517,4.10324546191
1,1,4.05,518,4.14691083244
1,1,4.05,519,4.19420758649
1,1,4.05,520,4.2437284216
1,1,4.05,521,4.28432639863
1,1,4.05,522,4.326175714
1,1,4.05,523,4.36913637795
1,1,4.05,524,4.41390512983
1,1,4.05,525,4.45988734968
1,1,4.05,526,4.50120709235
1,1,4.05,527,4.54103379625
1,1,4.05,528,4.5784050982
1,1,4.05,529,4.61637260414
1,1,4.05,530,4.65228953156
1,1,4.05,531,4.68966371419
1,1,4.05,532,4.7289309589
1,1,4.05,533,4.76699297355
1,1,4.05,534,4.80475994698
1,1,4.05,535,4.84120790105
1,1,4.05,536,4.87293973928
1,1,4.05,537,4.90250986168
1,1,4.05,538,4.93484624426
1,1,4.05,539,4.96581905093
1,1,4.05,540,4.99715805638
1,1,4.05,541,5.02929792668
1,1,4.05,542,5.06846676705
1,1,4.05,543,5.10507634639
1,1,4.05,544,5.13473909618
1,1,4.05,545,5.16461446107
1,1,4.05,546,5.19549853809
1,1,4.05,547,5.22624780478
1,1,4.05,548,5.25293116422
1,1,4.05,549,5.28193418986
1,1,4.05,550,5.31428421347
1,1,4.05,551,5.34623512611
1,1,4.05,552,5.37665866898
1,1,4.05,553,5.40457641844
1,1,4.05,554,5.43377258609
1,1,4.05,555,5.46684656846
1,1,4.05,556,5.50073542344
1,1,4.05,557,5.53455450653
1,1,4.05,558,5.56849602091
1,1,4.05,559,5.60348082967
1,1,4.05,560,5.63637819701
1,1,4.05,561,5.66946592726
1,1,4.05,562,5.7009849344
1,1,4.05,563,5.7332587377
1,1,4.05,564,5.76607072575
1,1,4.05,565,5.79798258733
1,1,4.05,566,5.82817211372
1,1,4.05,567,5.86127787379
1,1,4.05,568,5.90050933624
1,1,4.05,569,5.94159462128
1,1,4.05,570,5.98337598465
1,1,4.05,571,6.01961000638
1,1,4.05,572,6.05184541255
1,1,4.05,573,6.08105694383
1,1,4.05,574,6.10892341315
1,1,4.05,575,6.13008278198
1,1,4.05,576,6.14020732938
1,1,4.05,577,6.15099279763
1,1,4.05,578,6.15911927185
1,1,4.05,579,6.16789006139
1,1,4.05,580,6.17382226051
1,1,4.05,581,6.17559852833
1,1,4.05,582,6.17906995456
1,1,4.05,583,6.17993742563
1,1,4.05,584,6.17755239111
1,1,4.05,585,6.17446313484
1,1,4.05,586,6.17271800676
1,1,4.05,587,6.17023610819
1,1,4.05,588,6.16371816649
1,1,4.05,589,6.15108724425
1,1,4.05,590,6.13703776489
1,1,4.05,591,6.12074887501
1,1,4.05,592,6.10996248489
1,1,4.05,593,6.09717687747
1,1,4.05,594,6.08282049963
1,1,4.05,595,6.06982825435
1,1,4.05,596,6.05948749699
1,1,4.05,597,6.04523147399
1,1,4.05,598,6.02870976913
1,1,4.05,599,6.00713230735
1,1,4.05,600,5.98130452024
1,1,4.05,601,5.95382547311
1,1,4.05,602,5.92791883465
1,1,4.05,603,5.90388921672
1,1,4.05,604,5.87310759272
1,1,4.05,605,5.84080675621
1,1,4.05,606,5.81232702469
1,1,4.05,607,5.78051747347
1,1,4.05,608,5.75356480739
1,1,4.05,609,5.72822470329
1,1,4.05,610,5.70156708261
1,1,4.05,611,5.6747696256
1,1,4.05,612,5.65159578116
1,1,4.05,613,5.63237348361
1,1,4.05,614,5.61292484483
1,1,4.05,615,5.59050619701
1,1,4.05,616,5.56702296974
1,1,4.05,617,5.54553162402
1,1,4.05,618,5.52370903001
1,1,4.05,619,5.50160920063
1,1,4.05,620,5.47445751063
1,1,4.05,621,5.44785523687
1,1,4.05,622,5.42042910589
1,1,4.05,623,5.38645727241
1,1,4.05,624,5.3503485117
1,1,4.05,625,5.31199408251
1,1,4.05,626,5.27048456539
1,1,4.05,627,5.22803896266
1,1,4.05,628,5.18440256779
1,1,4.05,629,5.14359668258
1,1,4.05,630,5.10267813984
1,1,4.05,631,5.06106459091
1,1,4.05,632,5.01809208102
1,1,4.05,633,4.971011338
1,1,4.05,634,4.92229164344
1,1,4.05,635,4.87403017549
1,1,4.05,636,4.82577464067
1,1,4.05,637,4.77448802583
1,1,4.05,638,4.72050985766
1,1,4.05,639,4.66483412966
1,1,4.05,640,4.60845687241
1,1,4.05,641,4.5536365004
1,1,4.05,642,4.49616029641
1,1,4.05,643,4.43700090154
1,1,4.05,644,4.37636846921
1,1,4.05,645,4.31964886943
1,1,4.05,646,4.26161638399
1,1,4.05,647,4.20871829199
1,1,4.05,648,4.15746524474
1,1,4.05,649,4.10759045537
1,1,4.05,650,4.06180644679
1,1,4.05,651,4.01324502302
1,1,4.05,652,3.9673019043
1,1,4.05,653,3.91942438297
1,1,4.05,654,3.86958108635
1,1,4.05,655,3.82538975431
1,1,4.05,656,3.78468306166
1,1,4.05,657,3.74903062906
1,1,4.05,658,3.72017437026
1,1,4.05,659,3.69110697234
1,1,4.05,660,3.66299502352
1,1,4.05,661,3.64054055895
1,1,4.05,662,3.62191098928
1,1,4.05,663,3.60914003961
1,1,4.05,664,3.59943854081
1,1,4.05,665,3.59632699569
1,1,4.05,666,3.59921155153
1,1,4.05,667,3.6047660279
1,1,4.05,668,3.6106347201
1,1,4.05,669,3.611948238
1,1,4.05,670,3.60974087961
1,1,4.05,671,3.60972179617
1,1,4.05,672,3.60732576335
1,1,4.05,673,3.60797920735
1,1,4.05,674,3.61089910868
1,1,4.05,675,3.61616603435
1,1,4.05,676,3.62270001603
1,1,4.05,677,3.6329201546
1,1,4.05,678,3.64955196762
1,1,4.05,679,3.6719826951
1,1,4.05,680,3.69489619277
1,1,4.05,681,3.71922677002
1,1,4.05,682,3.74091536654
1,1,4.05,683,3.75810740311
1,1,4.05,684,3.77760688841
1,1,4.05,685,3.79331056524
1,1,4.05,686,3.810174342
1,1,4.05,687,3.82554604982
1,1,4.05,688,3.83834600026
1,1,4.05,689,3.84799251951
1,1,4.05,690,3.85458089892
1,1,4.05,691,3.86113189637
1,1,4.05,692,3.87215354466
1,1,4.05,693,3.88898146335
1,1,4.05,694,3.90718779716
1,1,4.05,695,3.92870111881
1,1,4.05,696,3.94903457566
1,1,4.05,697,3.96293186402
1,1,4.05,698,3.98097895653
1,1,4.05,699,4.00371869838
1,1,4.05,700,4.02401729242
1,1,4.05,701,4.04103662728
1,1,4.05,702,4.05769471895
1,1,4.05,703,4.06843269938
1,1,4.05,704,4.07367195298
1,1,4.05,705,4.07709762306
1,1,4.05,706,4.07759347721
1,1,4.05,707,4.08391342767
1,1,4.05,708,4.09456912929
1,1,4.05,709,4.10462081275
1,1,4.05,710,4.11265540789
1,1,4.05,711,4.1202576
1,1,4.05,712,4.13006970231
1,1,4.05,713,4.13796807935
1,1,4.05,714,4.14913127576
1,1,4.05,715,4.16118015199
1,1,4.05,716,4.17572647368
1,1,4.05,717,4.19260684287
1,1,4.05,718,4.20522110495
1,1,4.05,719,4.21228208609
1,1,4.05,720,4.2195762446
1,1,4.05,721,4.22904185161
1,1,4.05,722,4.23259938032
1,1,4.05,723,4.2297138862
1,1,4.05,724,4.22515151187
1,1,4.05,725,4.21872584662
1,1,4.05,726,4.20882156365
1,1,4.05,727,4.19869814143
1,1,4.05,728,4.19430691185
1,1,4.05,729,4.1906724606
1,1,4.05,730,4.18219165373
1,1,4.05,731,4.16995666062
1,1,4.05,732,4.16097514185
1,1,4.05,733,4.15084012582
1,1,4.05,734,4.13991243655
1,1,4.05,735,4.12948712021
1,1,4.05,736,4.11412056743
1,1,4.05,737,4.09528938774
1,1,4.05,738,4.07609500299
1,1,4.05,739,4.06063860211
1,1,4.05,740,4.05620016231
1,1,4.05,741,4.04482728649
1,1,4.05,742,4.03216149279
1,1,4.05,743,4.02601303286
1,1,4.05,744,4.02140165076
1,1,4.05,745,4.01717405482
1,1,4.05,746,4.00903680121
1,1,4.05,747,3.99746635119
1,1,4.05,748,3.98654241488
1,1,4.05,749,3.97626795714
1,1,4.05,750,3.96710154074
1,1,4.05,751,3.9520721859
1,1,4.05,752,3.93951515146
1,1,4.05,753,3.92531870843
1,1,4.05,754,3.91077846145
1,1,4.05,755,3.89982265115
1,1,4.05,756,3.8900757195
1,1,4.05,757,3.87859288205
1,1,4.05,758,3.86934161849
1,1,4.05,759,3.86022201764
1,1,4.05,760,3.84546548424
1,1,4.05,761,3.82648153535
1,1,4.05,762,3.80362131331
1,1,4.05,763,3.77754606388
1,1,4.05,764,3.7549852051
1,1,4.05,765,3.73957498975
1,1,4.05,766,3.72607694783
1,1,4.05,767,3.71124361458
1,1,4.05,768,3.698058877
1,1,4.05,769,3.6818063606
1,1,4.05,770,3.66562302373
1,1,4.05,771,3.65063414723
1,1,4.05,772,3.63782562451
1,1,4.05,773,3.62000373852
1,1,4.05,774,3.59838540738
1,1,4.05,775,3.58093264615
1,1,4.05,776,3.56443132177
1,1,4.05,777,3.54775416254
1,1,4.05,778,3.5268936395
1,1,4.05,779,3.50888992886
1,1,4.05,780,3.48774169547
1,1,4.05,781,3.47111447458
1,1,4.05,782,3.4635735839
1,1,4.05,783,3.46887828975
1,1,4.05,784,3.47884757781
1,1,4.05,785,3.4917611947
1,1,4.05,786,3.50967263069
1,1,4.05,787,3.53107075822
1,1,4.05,788,3.55627853697
1,1,4.05,789,3.57770215569
1,1,4.05,790,3.60520865183
1,1,4.05,791,3.63792602471
1,1,4.05,792,3.67275416616
1,1,4.05,793,3.70973412514
1,1,4.05,794,3.74604838158
1,1,4.05,795,3.77770359228
1,1,4.05,796,3.80549028691
1,1,4.05,797,3.83691708231
1,1,4.05,798,3.87075830856
1,1,4.05,799,3.90878584321
1,2,4.7,0,5.85593739627
1,2,4.7,1,5.85473545162
1,2,4.7,2,5.8478868206
1,2,4.7,3,5.84112470832
1,2,4.7,4,5.83060235668
1,2,4.7,5,5.81766715556
1,2,4.7,6,5.80215127498
1,2,4.7,7,5.78014928883
1,2,4.7,8,5.75547808931
1,2,4.7,9,5.73321152431
1,2,4.7,10,5.70615171673
1,2,4.7,11,5.67216452646
1,2,4.7,12,5.63430547409
1,2,4.7,13,5.59679506921
1,2,4.7,14,5.56204773018
1,2,4.7,15,5.53016791056
1,2,4.7,16,5.49994442838
1,2,4.7,17,5.46980819209
1,2,4.7,18,5.43748956803
1,2,4.7,19,5.39945635218
1,2,4.7,20,5.3619168187
1,2,4.7,21,5.32304068259
1,2,4.7,22,5.28263935125
1,2,4.7,23,5.23705839692
1,2,4.7,24,5.19286768448
1,2,4.7,25,5.14712414115
1,2,4.7,26,5.10678190993
1,2,4.7,27,5.06776043341
1,2,4.7,28,5.03405336638
1,2,4.7,29,5.00028348997
1,2,4.7,30,4.96378350514
1,2,4.7,31,4.93022095039
1,2,4.7,32,4.90104103359
1,2,4.7,33,4.87260254739
1,2,4.7,34,4.8395905642
1,2,4.7,35,4.80705593347
1,2,4.7,36,4.78419194131
1,2,4.7,37,4.76167108737
1,2,4.7,38,4.73489561505
1,2,4.7,39,4.70876486655
1,2,4.7,40,4.68595224488
1,2,4.7,41,4.66242039288
1,2,4.7,42,4.63646463272
1,2,4.7,43,4.61519996448
1,2,4.7,44,4.59840988914
1,2,4.7,45,4.58536376442
1,2,4.7,46,4.56807175413
1,2,4.7,47,4.5516983249
1,2,4.7,48,4.53831105537
1,2,4.7,49,4.52233379828
1,2,4.7,50,4.50433392877
1,2,4.7,51,4.48773775593
1,2,4.7,52,4.47649721328
1,2,4.7,53,4.46256486928
1,2,4.7,54,4.44505977199
1,2,4.7,55,4.42812004514
1,2,4.7,56,4.41450139149
1,2,4.7,57,4.40288420326
1,2,4.7,58,4.39243960455
1,2,4.7,59,4.38089538244
1,2,4.7,60,4.37107408552
1,2,4.7,61,4.3646777272
1,2,4.7,62,4.36252744108
1,2,4.7,63,4.36074650882
1,2,4.7,64,4.3609237213
1,2,4.7,65,4.36781786698
1,2,4.7,66,4.37710596871
1,2,4.7,67,4.38674635811
1,2,4.7,68,4.39835819295
1,2,4.7,69,4.41370065101
1,2,4.7,70,4.4293445231
1,2,4.7,71,4.44174158448
1,2,4.7,72,4.45403540548
1,2,4.7,73,4.46403968259
1,2,4.7,74,4.47213962366
1,2,4.7,75,4.48067163923
1,2,4.7,76,4.48732283317
1,2,4.7,77,4.49673258593
1,2,4.7,78,4.50536774362
1,2,4.7,79,4.51398506757
1,2,4.7,80,4.5148162772
1,2,4.7,81,4.51714565928
1,2,4.7,82,4.52101508007
1,2,4.7,83,4.52312281944
1,2,4.7,84,4.5304292807
1,2,4.7,85,4.54455521792
1,2,4.7,86,4.55934778023
1,2,4.7,87,4.57289147787
1,2,4.7,88,4.58455118163
1,2,4.7,89,4.59289931454
1,2,4.7,90,4.59942029541
1,2,4.7,91,4.60713609804
1,2,4.7,92,4.61762996075
1,2,4.7,93,4.62961050002
1,2,4.7,94,4.64481521399
1,2,4.7,95,4.6609786299
1,2,4.7,96,4.68021953403
1,2,4.7,97,4.70436723709
1,2,4.7,98,4.72854091456
1,2,4.7,99,4.74834440402
1,2,4.7,100,4.77047795102
1,2,4.7,101,4.79598270744
1,2,4.7,102,4.81924422203
1,2,4.7,103,4.83781050671
1,2,4.7,104,4.85488242826
1,2,4.7,105,4.87069287481
1,2,4.7,106,4.88467182651
1,2,4.7,107,4.89698900198
1,2,4.7,108,4.91076882961
1,2,4.7,109,4.92912839147
1,2,4.7,110,4.94957519679
1,2,4.7,111,4.97052763169
1,2,4.7,112,4.99318531589
1,2,4.7,113,5.02010748813
1,2,4.7,114,5.05208006989
1,2,4.7,115,5.08866106857
1,2,4.7,116,5.12446504023
1,2,4.7,117,5.15645832409
1,2,4.7,118,5.18845797722
1,2,4.7,119,5.22311664056
1,2,4.7,120,5.25955125861
1,2,4.7,121,5.29645138894
1,2,4.7,122,5.33420792297
1,2,4.7,123,5.37181193977
1,2,4.7,124,5.41232961055
1,2,4.7,125,5.45713359486
1,2,4.7,126,5.50213424834
1,2,4.7,127,5.54835440416
1,2,4.7,128,5.59040635875
1,2,4.7,129,5.63472357252
1,2,4.7,130,5.67998025744
1,2,4.7,131,5.72354417348
1,2,4.7,132,5.77149360189
1,2,4.7,133,5.8233061593
1,2,4.7,134,5.87912630544
1,2,4.7,135,5.93894904111
1,2,4.7,136,5.99884042537
1,2,4.7,137,6.05502298754
1,2,4.7,138,6.11379577281
1,2,4.7,139,6.17152672806
1,2,4.7,140,6.2230818806
1,2,4.7,141,6.27292560957
1,2,4.7,142,6.32248446124
1,2,4.7,143,6.36895564735
1,2,4.7,144,6.41281445628
1,2,4.7,145,6.45480758258
1,2,4.7,146,6.4907508033
1,2,4.7,147,6.52465814315
1,2,4.7,148,6.55810600776
1,2,4.7,149,6.5928965179
1,2,4.7,150,6.6280040215
1,2,4.7,151,6.65875502079
1,2,4.7,152,6.6914533795
1,2,4.7,153,6.72141136898
1,2,4.7,154,6.74840266712
1,2,4.7,155,6.76427768836
1,2,4.7,156,6.77754162966
1,2,4.7,157,6.79317495227
1,2,4.7,158,6.80858897924
1,2,4.7,159,6.82026530185
1,2,4.7,160,6.82818745872
1,2,4.7,161,6.8334555628
1,2,4.7,162,6.83827062621
1,2,4.7,163,6.8424572389
1,2,4.7,164,6.84413564562
1,2,4.7,165,6.84506986152
1,2,4.7,166,6.85600843792
1,2,4.7,167,6.87137464032
1,2,4.7,168,6.88790912396
1,2,4.7,169,6.90893394092
1,2,4.7,170,6.92845588049
1,2,4.7,171,6.94824356762
1,2,4.7,172,6.96254418328
1,2,4.7,173,6.97015135526
1,2,4.7,174,6.97857618741
1,2,4.7,175,6.98562488761
1,2,4.7,176,6.99130779357
1,2,4.7,177,6.99462288787
1,2,4.7,178,6.99154964885
1,2,4.7,179,6.98681520175
1,2,4.7,180,6.97937271033
1,2,4.7,181,6.97053867126
1,2,4.7,182,6.96633778475
1,2,4.7,183,6.95653180765
1,2,4.7,184,6.94373583372
1,2,4.7,185,6.9327196199
1,2,4.7,186,6.91681735506
1,2,4.7,187,6.8936954704
1,2,4.7,188,6.8735521926
1,2,4.7,189,6.85199650282
1,2,4.7,190,6.83268517729
1,2,4.7,191,6.81221633439
1,2,4.7,192,6.78893651219
1,2,4.7,193,6.7621978448
1,2,4.7,194,6.7326397903
1,2,4.7,195,6.71054297133
1,2,4.7,196,6.68158329672
1,2,4.7,197,6.65138393942
1,2,4.7,198,6.62215123791
1,2,4.7,199,6.58920918741
1,2,4.7,200,6.56179354014
1,2,4.7,201,6.53173606893
1,2,4.7,202,6.4973234994
1,2,4.7,203,6.46220275362
1,2,4.7,204,6.42427593823
1,2,4.7,205,6.38314843384
1,2,4.7,206,6.34294895782
1,2,4.7,207,6.29939904019
1,2,4.7,208,6.25774579044
1,2,4.7,209,6.21946375489
1,2,4.7,210,6.1821411214
1,2,4.7,211,6.14285170549
1,2,4.7,212,6.10792439694
1,2,4.7,213,6.07241768169
1,2,4.7,214,6.03820916846
1,2,4.7,215,6.00208753487
1,2,4.7,216,5.96500680722
1,2,4.7,217,5.92485163491
1,2,4.7,218,5.88566725208
1,2,4.7,219,5.85225484097
1,2,4.7,220,5.82644208452
1,2,4.7,221,5.79880231616
1,2,4.7,222,5.76826488851
1,2,4.7,223,5.73407748991
1,2,4.7,224,5.7013556587
1,2,4.7,225,5.66924835925
1,2,4.7,226,5.63865268211
1,2,4.7,227,5.60423172704
1,2,4.7,228,5.56918347771
1,2,4.7,229,5.53358062237
1,2,4.7,230,5.49352565965
1,2,4.7,231,5.44670280157
1,2,4.7,232,5.39758958213
1,2,4.7,233,5.34971311629
1,2,4.7,234,5.2981046649
1,2,4.7,235,5.24730598002
1,2,4.7,236,5.19881196671
1,2,4.7,237,5.15193890499
1,2,4.7,238,5.10736975874
1,2,4.7,239,5.062921709
1,2,4.7,240,5.01611524749
1,2,4.7,241,4.96904559328
1,2,4.7,242,4.92540629496
1,2,4.7,243,4.8833447186
1,2,4.7,244,4.84721133981
1,2,4.7,245,4.81025101043
1,2,4.7,246,4.77451613637
1,2,4.7,247,4.73885293639
1,2,4.7,248,4.7070964778
1,2,4.7,249,4.67252221793
1,2,4.7,250,4.63043944713
1,2,4.7,251,4.58788884759
1,2,4.7,252,4.54332994214
1,2,4.7,253,4.50029644209
1,2,4.7,254,4.45838159607
1,2,4.7,255,4.41637130178
1,2,4.7,256,4.37564289714
1,2,4.7,257,4.33451299153
1,2,4.7,258,4.29360197783
1,2,4.7,259,4.25366050496
1,2,4.7,260,4.21489077292
1,2,4.7,261,4.17842195354
1,2,4.7,262,4.14477632842
1,2,4.7,263,4.11384565985
1,2,4.7,264,4.08204508752
1,2,4.7,265,4.0533844307
1,2,4.7,266,4.03087172377
1,2,4.7,267,4.00859336766
1,2,4.7,268,3.98387357383
1,2,4.7,269,3.9601414758
1,2,4.7,270,3.93660057229
1,2,4.7,271,3.91067252101
1,2,4.7,272,3.883218829
1,2,4.7,273,3.8569352544
1,2,4.7,274,3.82870466198
1,2,4.7,275,3.8007588593
1,2,4.7,276,3.7713000689
1,2,4.7,277,3.74776712138
1,2,4.7,278,3.72492166658
1,2,4.7,279,3.70665910743
1,2,4.7,280,3.68555646392
1,2,4.7,281,3.66431273706
1,2,4.7,282,3.64303103479
1,2,4.7,283,3.62678374838
1,2,4.7,284,3.61178473492
1,2,4.7,285,3.59471437931
1,2,4.7,286,3.57965425873
1,2,4.7,287,3.56838107814
1,2,4.7,288,3.56018224
1,2,4.7,289,3.55705853298
1,2,4.7,290,3.55975421318
1,2,4.7,291,3.5671977054
1,2,4.7,292,3.57554405013
1,2,4.7,293,3.59080168975
1,2,4.7,294,3.61056278486
1,2,4.7,295,3.63349729767
1,2,4.7,296,3.65449081502
1,2,4.7,297,3.67834644525
1,2,4.7,298,3.70428719428
1,2,4.7,299,3.7332972678
1,2,4.7,300,3.76012317403
1,2,4.7,301,3.79132851447
1,2,4.7,302,3.82452185276
1,2,4.7,303,3.85910255431
1,2,4.7,304,3.89024333153
1,2,4.7,305,3.92187384956
1,2,4.7,306,3.95252877317
1,2,4.7,307,3.98395756768
1,2,4.7,308,4.01289368952
1,2,4.7,309,4.04191109178
1,2,4.7,310,4.06949737678
1,2,4.7,311,4.09507171244
1,2,4.7,312,4.12030270595
1,2,4.7,313,4.14691454049
1,2,4.7,314,4.17921426533
1,2,4.7,315,4.21829892107
1,2,4.7,316,4.26153294799
1,2,4.7,317,4.30412940142
1,2,4.7,318,4.346353914
1,2,4.7,319,4.39148601044
1,2,4.7,320,4.43264177987
1,2,4.7,321,4.47723145642
1,2,4.7,322,4.5247246002
1,2,4.7,323,4.57431546533
1,2,4.7,324,4.62194054594
1,2,4.7,325,4.67285841803
1,2,4.7,326,4.72474714248
1,2,4.7,327,4.77185848724
1,2,4.7,328,4.81942656962
1,2,4.7,329,4.86528564365
1,2,4.7,330,4.9102768776
1,2,4.7,331,4.95195157286
1,2,4.7,332,4.99192948897
1,2,4.7,333,5.03795096767
1,2,4.7,334,5.0869864423
1,2,4.7,335,5.133637086
1,2,4.7,336,5.17383692045
1,2,4.7,337,5.20974226757
1,2,4.7,338,5.24248599097
1,2,4.7,339,5.27677818455
1,2,4.7,340,5.30845122361
1,2,4.7,341,5.33820794263
1,2,4.7,342,5.37133932043
1,2,4.7,343,5.40037824794
1,2,4.7,344,5.43141923777
1,2,4.7,345,5.45795899614
1,2,4.7,346,5.47935861922
1,2,4.7,347,5.49520248689
1,2,4.7,348,5.507691872
1,2,4.7,349,5.51900932311
1,2,4.7,350,5.5332003012
1,2,4.7,351,5.54980931426
1,2,4.7,352,5.5662624014
1,2,4.7,353,5.58890694336
1,2,4.7,354,5.61354483525
1,2,4.7,355,5.63744375698
1,2,4.7,356,5.65755445394
1,2,4.7,357,5.67624541874
1,2,4.7,358,5.69533012491
1,2,4.7,359,5.71243046899
1,2,4.7,360,5.72458551439
1,2,4.7,361,5.73143054916
1,2,4.7,362,5.73789561696
1,2,4.7,363,5.74856104163
1,2,4.7,364,5.75940112866
1,2,4.7,365,5.76718166334
1,2,4.7,366,5.7699608215
1,2,4.7,367,5.77165802599
1,2,4.7,368,5.77005748187
1,2,4.7,369,5.76890529206
1,2,4.7,370,5.77149970983
1,2,4.7,371,5.77339118489
1,2,4.7,372,5.77161894758
1,2,4.7,373,5.76943664257
1,2,4.7,374,5.7637543211
1,2,4.7,375,5.7549393258
1,2,4.7,376,5.74666947916
1,2,4.7,377,5.73145074196
1,2,4.7,378,5.7151619682
1,2,4.7,379,5.69781234557
1,2,4.7,380,5.68462114458
1,2,4.7,381,5.67299670388
1,2,4.7,382,5.65612352558
1,2,4.7,383,5.63434289511
1,2,4.7,384,5.61022194095
1,2,4.7,385,5.58529311778
1,2,4.7,386,5.56248610646
1,2,4.7,387,5.54115093133
1,2,4.7,388,5.51531067482
1,2,4.7,389,5.49329945728
1,2,4.7,390,5.47479006886
1,2,4.7,391,5.46170615849
1,2,4.7,392,5.45267310885
1,2,4.7,393,5.43788013079
1,2,4.7,394,5.41900723738
1,2,4.7,395,5.39965395163
1,2,4.7,396,5.38192254305
1,2,4.7,397,5.36445956783
1,2,4.7,398,5.35557204233
1,2,4.7,399,5.35013529223
1,2,4.7,400,5.3440910562
1,2,4.7,401,5.33381654962
1,2,4.7,402,5.32476298336
1,2,4.7,403,5.31662646275
1,2,4.7,404,5.30950578492
1,2,4.7,405,5.29889212328
1,2,4.7,406,5.28916870229
1,2,4.7,407,5.28046447549
1,2,4.7,408,5.26840743998
1,2,4.7,409,5.25743592908
1,2,4.7,410,5.24144063237
1,2,4.7,411,5.22381296081
1,2,4.7,412,5.20423090252
1,2,4.7,413,5.18338130324
1,2,4.7,414,5.16088385472
1,2,4.7,415,5.13822227891
1,2,4.7,416,5.11663428147
1,2,4.7,417,5.09530836595
1,2,4.7,418,5.07716721252
1,2,4.7,419,5.06103811739
1,2,4.7,420,5.04946952869
1,2,4.7,421,5.0391424886
1,2,4.7,422,5.02660682629
1,2,4.7,423,5.01361475817
1,2,4.7,424,5.00158208337
1,2,4.7,425,4.99393746691
1,2,4.7,426,4.9898301824
1,2,4.7,427,4.98852314659
1,2,4.7,428,4.98308139092
1,2,4.7,429,4.9766694636
1,2,4.7,430,4.96711457377
1,2,4.7,431,4.95226926497
1,2,4.7,432,4.93604116275
1,2,4.7,433,4.92279484061
1,2,4.7,434,4.90877444086
1,2,4.7,435,4.89127446548
1,2,4.7,436,4.87432483372
1,2,4.7,437,4.85857817063
1,2,4.7,438,4.84246791257
1,2,4.7,439,4.82319048506
1,2,4.7,440,4.7987767187
1,2,4.7,441,4.7685100194
1,2,4.7,442,4.73470259194
1,2,4.7,443,4.6992874429
1,2,4.7,444,4.66065692768
1,2,4.7,445,4.62559826186
1,2,4.7,446,4.5916070991
1,2,4.7,447,4.56000744292
1,2,4.7,448,4.53055991358
1,2,4.7,449,4.50272020233
1,2,4.7,450,4.47092495855
1,2,4.7,451,4.43870788554
1,2,4.7,452,4.40630968837
1,2,4.7,453,4.37238950569
1,2,4.7,454,4.33998492531
1,2,4.7,455,4.30459539423
1,2,4.7,456,4.27346089984
1,2,4.7,457,4.24258197452
1,2,4.7,458,4.20964586314
1,2,4.7,459,4.17243973256
1,2,4.7,460,4.13580400144
1,2,4.7,461,4.09796227142
1,2,4.7,462,4.06320815435
1,2,4.7,463,4.02764071833
1,2,4.7,464,3.99429342739
1,2,4.7,465,3.96578586504
1,2,4.7,466,3.93804966061
1,2,4.7,467,3.91093482251
1,2,4.7,468,3.88098470276
1,2,4.7,469,3.85181693101
1,2,4.7,470,3.82731181754
1,2,4.7,471,3.80141074551
1,2,4.7,472,3.77670685146
1,2,4.7,473,3.75691562176
1,2,4.7,474,3.73877316868
1,2,4.7,475,3.71892499134
1,2,4.7,476,3.69952746262
1,2,4.7,477,3.68185644839
1,2,4.7,478,3.66401590419
1,2,4.7,479,3.65440864144
1,2,4.7,480,3.64865373528
1,2,4.7,481,3.64400440489
1,2,4.7,482,3.6441644717
1,2,4.7,483,3.642435318
1,2,4.7,484,3.63744896323
1,2,4.7,485,3.63151700816
1,2,4.7,486,3.62623845433
1,2,4.7,487,3.62693756247
1,2,4.7,488,3.63279224967
1,2,4.7,489,3.64079051039
1,2,4.7,490,3.65560257752
1,2,4.7,491,3.67416988524
1,2,4.7,492,3.69361368256
1,2,4.7,493,3.71569360118
1,2,4.7,494,3.73462654396
1,2,4.7,495,3.74725182509
1,2,4.7,496,3.75735459858
1,2,4.7,497,3.77175758537
1,2,4.7,498,3.79224779815
1,2,4.7,499,3.81877633539
1,2,4.7,500,3.85103320018
1,2,4.7,501,3.88501342549
1,2,4.7,502,3.91590078831
1,2,4.7,503,3.94026643832
1,2,4.7,504,3.96409313446
1,2,4.7,505,3.98216375884
1,2,4.7,506,3.99913786446
1,2,4.7,507,4.01317230606
1,2,4.7,508,4.02740122517
1,2,4.7,509,4.04333047923
1,2,4.7,510,4.06364684841
1,2,4.7,511,4.0824099741
1,2,4.7,512,4.09600985695
1,2,4.7,513,4.10825284802
1,2,4.7,514,4.1218597478
1,2,4.7,515,4.13467951135
1,2,4.7,516,4.14814345366
1,2,4.7,517,4.15737456686
1,2,4.7,518,4.15975990149
1,2,4.7,519,4.15646296418
1,2,4.7,520,4.15016918398
1,2,4.7,521,4.14570229125
1,2,4.7,522,4.13919888128
1,2,4.7,523,4.12676990839
1,2,4.7,524,4.11250606308
1,2,4.7,525,4.0987275132
1,2,4.7,526,4.09263171708
1,2,4.7,527,4.0899967462
1,2,4.7,528,4.08002868608
1,2,4.7,529,4.06834218108
1,2,4.7,530,4.05131317077
1,2,4.7,531,4.03646816019
1,2,4.7,532,4.02758166892
1,2,4.7,533,4.01722547227
1,2,4.7,534,4.00015282416
1,2,4.7,535,3.98128920446
1,2,4.7,536,3.9618775045
1,2,4.7,537,3.94591705449
1,2,4.7,538,3.93054521529
1,2,4.7,539,3.9222672095
1,2,4.7,540,3.91917634186
1,2,4.7,541,3.9201878378
1,2,4.7,542,3.92180431057
1,2,4.7,543,3.92355782507
1,2,4.7,544,3.93001870604
1,2,4.7,545,3.93682960781
1,2,4.7,546,3.93914376417
1,2,4.7,547,3.94551699121
1,2,4.7,548,3.94907840228
1,2,4.7,549,3.95134990888
1,2,4.7,550,3.95580761173
1,2,4.7,551,3.96391700774
1,2,4.7,552,3.96878639656
1,2,4.7,553,3.97219102853
1,2,4.7,554,3.9762450373
1,2,4.7,555,3.98484875072
1,2,4.7,556,3.99429428573
1,2,4.7,557,4.00513823186
1,2,4.7,558,4.01185765902
1,2,4.7,559,4.0128647865
1,2,4.7,560,4.0099654653
1,2,4.7,561,4.01265500796
1,2,4.7,562,4.0185519213
1,2,4.7,563,4.02487954313
1,2,4.7,564,4.02927574619
1,2,4.7,565,4.03686684169
1,2,4.7,566,4.04644902584
1,2,4.7,567,4.05727770058
1,2,4.7,568,4.06932599326
1,2,4.7,569,4.07960324385
1,2,4.7,570,4.0885137965
1,2,4.7,571,4.09602097525
1,2,4.7,572,4.10185198038
1,2,4.7,573,4.11101067523
1,2,4.7,574,4.11543355662
1,2,4.7,575,4.11373202887
1,2,4.7,576,4.10838675818
1,2,4.7,577,4.10180661489
1,2,4.7,578,4.09624447297
1,2,4.7,579,4.08795683942
1,2,4.7,580,4.08422142196
1,2,4.7,581,4.08019350538
1,2,4.7,582,4.07743034661
1,2,4.7,583,4.07852342484
1,2,4.7,584,4.08143040505
1,2,4.7,585,4.09253112818
1,2,4.7,586,4.10704575039
1,2,4.7,587,4.12643454278
1,2,4.7,588,4.15189322034
1,2,4.7,589,4.18167932992
1,2,4.7,590,4.20670570517
1,2,4.7,591,4.22273126695
1,2,4.7,592,4.23256168312
1,2,4.7,593,4.24207935483
1,2,4.7,594,4.25601136453
1,2,4.7,595,4.27164104179
1,2,4.7,596,4.28164408079
1,2,4.7,597,4.28950449702
1,2,4.7,598,4.29315558128
1,2,4.7,599,4.30046901043
1,2,4.7,600,4.31040923248
1,2,4.7,601,4.31078496756
1,2,4.7,602,4.30714044594
1,2,4.7,603,4.3073912873
1,2,4.7,604,4.30743141675
1,2,4.7,605,4.30777777704
1,2,4.7,606,4.31018597179
1,2,4.7,607,4.31515672749
1,2,4.7,608,4.32021736049
1,2,4.7,609,4.32796570105
1,2,4.7,610,4.34061488314
1,2,4.7,611,4.3488128436
1,2,4.7,612,4.35181156478
1,2,4.7,613,4.35318861675
1,2,4.7,614,4.35628779382
1,2,4.7,615,4.36187506922
1,2,4.7,616,4.36596291801
1,2,4.7,617,4.36805897758
1,2,4.7,618,4.35995305643
1,2,4.7,619,4.34593037661
1,2,4.7,620,4.33292942943
1,2,4.7,621,4.31911618269
1,2,4.7,622,4.29964982301
1,2,4.7,623,4.28206024938
1,2,4.7,624,4.26475006182
1,2,4.7,625,4.24339653414
1,2,4.7,626,4.22011852256
1,2,4.7,627,4.19474162444
1,2,4.7,628,4.16528975505
1,2,4.7,629,4.1333864294
1,2,4.7,630,4.10330774772
1,2,4.7,631,4.07903101666
1,2,4.7,632,4.0577566649
1,2,4.7,633,4.03361692455
1,2,4.7,634,4.01384187468
1,2,4.7,635,3.99648108324
1,2,4.7,636,3.9844710582
1,2,4.7,637,3.97170533293
1,2,4.7,638,3.95833324085
1,2,4.7,639,3.9459686006
1,2,4.7,640,3.93647923875
1,2,4.7,641,3.9280711033
1,2,4.7,642,3.91910999142
1,2,4.7,643,3.90777075364
1,2,4.7,644,3.89493866911
1,2,4.7,645,3.88572796547
1,2,4.7,646,3.8754109528
1,2,4.7,647,3.86826207083
1,2,4.7,648,3.86744813319
1,2,4.7,649,3.86860846417
1,2,4.7,650,3.87147323577
1,2,4.7,651,3.87538442387
1,2,4.7,652,3.87690778602
1,2,4.7,653,3.87660218128
1,2,4.7,654,3.87814019137
1,2,4.7,655,3.87603945029
1,2,4.7,656,3.87329759582
1,2,4.7,657,3.87370592923
1,2,4.7,658,3.87490723566
1,2,4.7,659,3.86987288852
1,2,4.7,660,3.86261936958
1,2,4.7,661,3.85324667293
1,2,4.7,662,3.84497340906
1,2,4.7,663,3.83513115796
1,2,4.7,664,3.82673139158
1,2,4.7,665,3.82067418347
1,2,4.7,666,3.81653883418
1,2,4.7,667,3.81262217419
1,2,4.7,668,3.80669891986
1,2,4.7,669,3.80266922101
1,2,4.7,670,3.79849260945
1,2,4.7,671,3.79739165008
1,2,4.7,672,3.80001668026
1,2,4.7,673,3.8002821981
1,2,4.7,674,3.79321002759
1,2,4.7,675,3.78536177678
1,2,4.7,676,3.78095590317
1,2,4.7,677,3.77184384233
1,2,4.7,678,3.76333998992
1,2,4.7,679,3.75555672123
1,2,4.7,680,3.74356498303
1,2,4.7,681,3.72697765381
1,2,4.7,682,3.709806811
1,2,4.7,683,3.6915076814
1,2,4.7,684,3.67905094478
1,2,4.7,685,3.66895340928
1,2,4.7,686,3.65557097487
1,2,4.7,687,3.64305910874
1,2,4.7,688,3.62610717462
1,2,4.7,689,3.60977039512
1,2,4.7,690,3.59031184988
1,2,4.7,691,3.57698170674
1,2,4.7,692,3.56353692225
1,2,4.7,693,3.54912451297
1,2,4.7,694,3.53718702337
1,2,4.7,695,3.52532018471
1,2,4.7,696,3.5144509366
1,2,4.7,697,3.50773583785
1,2,4.7,698,3.50116340047
1,2,4.7,699,3.5011276252
1,2,4.7,700,3.50516556806
1,2,4.7,701,3.50998439398
1,2,4.7,702,3.51800612722
1,2,4.7,703,3.53362560424
1,2,4.7,704,3.55499909145
1,2,4.7,705,3.57776603042
1,2,4.7,706,3.5988463708
1,2,4.7,707,3.61843690312
1,2,4.7,708,3.63599273267
1,2,4.7,709,3.65240029856
1,2,4.7,710,3.67385914094
1,2,4.7,711,3.70148939169
1,2,4.7,712,3.73147203463
1,2,4.7,713,3.76602675731
1,2,4.7,714,3.80658608894
1,2,4.7,715,3.85201766634
1,2,4.7,716,3.89583842057
1,2,4.7,717,3.93807352782
1,2,4.7,718,3.97701769152
1,2,4.7,719,4.01049296678
1,2,4.7,720,4.04428295783
1,2,4.7,721,4.07441121449
1,2,4.7,722,4.10303610407
1,2,4.7,723,4.13478775057
1,2,4.7,724,4.16412779561
1,2,4.7,725,4.19612703538
1,2,4.7,726,4.23151112173
1,2,4.7,727,4.2655128771
1,2,4.7,728,4.29271156099
1,2,4.7,729,4.31723584372
1,2,4.7,730,4.34395898301
1,2,4.7,731,4.37274241374
1,2,4.7,732,4.40190872852
1,2,4.7,733,4.43096721437
1,2,4.7,734,4.45821819137
1,2,4.7,735,4.48349564563
1,2,4.7,736,4.50911081848
1,2,4.7,737,4.53812592391
1,2,4.7,738,4.56892457783
1,2,4.7,739,4.59637249802
1,2,4.7,740,4.62071426039
1,2,4.7,741,4.64522688811
1,2,4.7,742,4.66546929746
1,2,4.7,743,4.68071153939
1,2,4.7,744,4.69790556197
1,2,4.7,745,4.70912480357
1,2,4.7,746,4.71712208452
1,2,4.7,747,4.73050856807
1,2,4.7,748,4.7459569603
1,2,4.7,749,4.76157456735
1,2,4.7,750,4.77964440799
1,2,4.7,751,4.79366302647
1,2,4.7,752,4.80644711886
1,2,4.7,753,4.81783654449
1,2,4.7,754,4.8306312668
1,2,4.7,755,4.84265126859
1,2,4.7,756,4.85005479794
1,2,4.7,757,4.85850908244
1,2,4.7,758,4.87158825954
1,2,4.7,759,4.8864697742
1,2,4.7,760,4.90393446771
1,2,4.7,761,4.92225517198
1,2,4.7,762,4.93803547447
1,2,4.7,763,4.95073938618
1,2,4.7,764,4.95770821184
1,2,4.7,765,4.96883223426
1,2,4.7,766,4.9788110441
1,2,4.7,767,4.99009424888
1,2,4.7,768,5.00074311143
1,2,4.7,769,5.0094732261
1,2,4.7,770,5.01294261424
1,2,4.7,771,5.00885726672
1,2,4.7,772,5.00368603336
1,2,4.7,773,4.99308716201
1,2,4.7,774,4.97993698113
1,2,4.7,775,4.96708211414
1,2,4.7,776,4.94738632985
1,2,4.7,777,4.9264024414
1,2,4.7,778,4.91178188245
1,2,4.7,779,4.89416947914
1,2,4.7,780,4.87648219685
1,2,4.7,781,4.85683451714
1,2,4.7,782,4.84045345362
1,2,4.7,783,4.81967898423
1,2,4.7,784,4.80297372434
1,2,4.7,785,4.78721880123
1,2,4.7,786,4.76547950751
1,2,4.7,787,4.7431942108
1,2,4.7,788,4.72167057412
1,2,4.7,789,4.70436499523
1,2,4.7,790,4.68631848616
1,2,4.7,791,4.66899346813
1,2,4.7,792,4.65152345072
1,2,4.7,793,4.62916288384
1,2,4.7,794,4.61218788327
1,2,4.7,795,4.59384563385
1,2,4.7,796,4.5748136202
1,2,4.7,797,4.55004767786
1,2,4.7,798,4.51964522737
1,2,4.7,799,4.48560642797
1,3,5.35,0,4.76753904504
1,3,5.35,1,4.7526489405
1,3,5.35,2,4.74008719798
1,3,5.35,3,4.72834916851
1,3,5.35,4,4.71980304519
1,3,5.35,5,4.7083014265
1,3,5.35,6,4.69799718323
1,3,5.35,7,4.69523893332
1,3,5.35,8,4.69390768448
1,3,5.35,9,4.69648739784
1,3,5.35,10,4.70511731684
1,3,5.35,11,4.72048495362
1,3,5.35,12,4.73916064214
1,3,5.35,13,4.75552707801
1,3,5.35,14,4.77162313616
1,3,5.35,15,4.79092189168
1,3,5.35,16,4.80915287248
1,3,5.35,17,4.82717044851
1,3,5.35,18,4.84897837253
1,3,5.35,19,4.87489566254
1,3,5.35,20,4.90323869843
1,3,5.35,21,4.92934244642
1,3,5.35,22,4.95274309321
1,3,5.35,23,4.9756194491
1,3,5.35,24,4.9927177323
1,3,5.35,25,5.01026093412
1,3,5.35,26,5.02880097602
1,3,5.35,27,5.04818335677
1,3,5.35,28,5.06165898653
1,3,5.35,29,5.07525711246
1,3,5.35,30,5.09300245748
1,3,5.35,31,5.11116183231
1,3,5.35,32,5.13212502916
1,3,5.35,33,5.15348672961
1,3,5.35,34,5.17098277394
1,3,5.35,35,5.1914583345
1,3,5.35,36,5.21204095507
1,3,5.35,37,5.23113825189
1,3,5.35,38,5.25017493608
1,3,5.35,39,5.27191718411
1,3,5.35,40,5.29413368954
1,3,5.35,41,5.3162604908
1,3,5.35,42,5.33440075421
1,3,5.35,43,5.34967608234
1,3,5.35,44,5.36380513826
1,3,5.35,45,5.37743349492
1,3,5.35,46,5.39191703284
1,3,5.35,47,5.40314939804
1,3,5.35,48,5.41436797454
1,3,5.35,49,5.42777647272
1,3,5.35,50,5.44201652659
1,3,5.35,51,5.46220541035
1,3,5.35,52,5.47945567588
1,3,5.35,53,5.49289132151
1,3,5.35,54,5.50862372051
1,3,5.35,55,5.52879741643
1,3,5.35,56,5.54383842066
1,3,5.35,57,5.55250081643
1,3,5.35,58,5.55432250898
1,3,5.35,59,5.55145398616
1,3,5.35,60,5.54864583426
1,3,5.35,61,5.54281745669
1,3,5.35,62,5.53491320638
1,3,5.35,63,5.52759485579
1,3,5.35,64,5.52181399007
1,3,5.35,65,5.52059733731
1,3,5.35,66,5.52092824847
1,3,5.35,67,5.52579284801
1,3,5.35,68,5.53777842911
1,3,5.35,69,5.54911655663
1,3,5.35,70,5.56150649935
1,3,5.35,71,5.57203744197
1,3,5.35,72,5.58395474209
1,3,5.35,73,5.5894868719
1,3,5.35,74,5.5922288313
1,3,5.35,75,5.59469061468
1,3,5.35,76,5.59653270517
1,3,5.35,77,5.59556202361
1,3,5.35,78,5.59017895039
1,3,5.35,79,5.58347826565
1,3,5.35,80,5.58209560025
1,3,5.35,81,5.5728997047
1,3,5.35,82,5.56402669485
1,3,5.35,83,5.56084229
1,3,5.35,84,5.56159362046
1,3,5.35,85,5.56098641043
1,3,5.35,86,5.55863775997
1,3,5.35,87,5.55985412493
1,3,5.35,88,5.56970842617
1,3,5.35,89,5.57751640417
1,3,5.35,90,5.58557805779
1,3,5.35,91,5.59160692428
1,3,5.35,92,5.59470580709
1,3,5.35,93,5.58896297135
1,3,5.35,94,5.57588368193
1,3,5.35,95,5.57252514079
1,3,5.35,96,5.56925647327
1,3,5.35,97,5.55913598167
1,3,5.35,98,5.54346846355
1,3,5.35,99,5.5298803283
1,3,5.35,100,5.51222157456
1,3,5.35,101,5.49582429715
1,3,5.35,102,5.48311458792
1,3,5.35,103,5.4758835344
1,3,5.35,104,5.46711542523
1,3,5.35,105,5.4567205989
1,3,5.35,106,5.44658135195
1,3,5.35,107,5.43382248538
1,3,5.35,108,5.42446553039
1,3,5.35,109,5.41710292246
1,3,5.35,110,5.40960573075
1,3,5.35,111,5.40071936683
1,3,5.35,112,5.39080529121
1,3,5.35,113,5.37981689464
1,3,5.35,114,5.36926653371
1,3,5.35,115,5.35916006561
1,3,5.35,116,5.34837599708
1,3,5.35,117,5.3350118734
1,3,5.35,118,5.3235764701
1,3,5.35,119,5.31312659379
1,3,5.35,120,5.29708105253
1,3,5.35,121,5.27623128819
1,3,5.35,122,5.26123156232
1,3,5.35,123,5.24774942408
1,3,5.35,124,5.23685118267
1,3,5.35,125,5.23156370255
1,3,5.35,126,5.22706109123
1,3,5.35,127,5.22107830252
1,3,5.35,128,5.21473653362
1,3,5.35,129,5.20804322104
1,3,5.35,130,5.20388452658
1,3,5.35,131,5.19316787078
1,3,5.35,132,5.1834666068
1,3,5.35,133,5.17456648871
1,3,5.35,134,5.165753433
1,3,5.35,135,5.16444569323
1,3,5.35,136,5.16378069711
1,3,5.35,137,5.16626854713
1,3,5.35,138,5.16761932353
1,3,5.35,139,5.17017799658
1,3,5.35,140,5.17687228294
1,3,5.35,141,5.18500122225
1,3,5.35,142,5.19198040217
1,3,5.35,143,5.19621537006
1,3,5.35,144,5.19668813973
1,3,5.35,145,5.19687100968
1,3,5.35,146,5.19706962441
1,3,5.35,147,5.18953718358
1,3,5.35,148,5.18361544187
1,3,5.35,149,5.18220948497
1,3,5.35,150,5.1854748216
1,3,5.35,151,5.19546621247
1,3,5.35,152,5.2104561059
1,3,5.35,153,5.21667738355
1,3,5.35,154,5.22412810049
1,3,5.35,155,5.23356951632
1,3,5.35,156,5.23999282682
1,3,5.35,157,5.23709609847
1,3,5.35,158,5.22697049538
1,3,5.35,159,5.21560890884
1,3,5.35,160,5.1996446662
1,3,5.35,161,5.18225277892
1,3,5.35,162,5.1602703323
1,3,5.35,163,5.13886437736
1,3,5.35,164,5.11411394351
1,3,5.35,165,5.0903398603
1,3,5.35,166,5.06586974255
1,3,5.35,167,5.04019072008
1,3,5.35,168,5.01378958012
1,3,5.35,169,4.98921337368
1,3,5.35,170,4.96141318997
1,3,5.35,171,4.93447101142
1,3,5.35,172,4.90542938162
1,3,5.35,173,4.87956529644
1,3,5.35,174,4.85486968595
1,3,5.35,175,4.82937897027
1,3,5.35,176,4.79897708512
1,3,5.35,177,4.76286990227
1,3,5.35,178,4.72729646796
1,3,5.35,179,4.69791911871
1,3,5.35,180,4.6723770765
1,3,5.35,181,4.64239232076
1,3,5.35,182,4.607410136
1,3,5.35,183,4.57161105863
1,3,5.35,184,4.53493927589
1,3,5.35,185,4.49550726032
1,3,5.35,186,4.45740106925
1,3,5.35,187,4.41467654263
1,3,5.35,188,4.36838188392
1,3,5.35,189,4.32286189007
1,3,5.35,190,4.28033449686
1,3,5.35,191,4.24280880209
1,3,5.35,192,4.20761336421
1,3,5.35,193,4.16989437557
1,3,5.35,194,4.13150504564
1,3,5.35,195,4.10105811687
1,3,5.35,196,4.077634353
1,3,5.35,197,4.06058498309
1,3,5.35,198,4.04355621657
1,3,5.35,199,4.02294292819
1,3,5.35,200,4.00102353473
1,3,5.35,201,3.97911943267
1,3,5.35,202,3.96064856489
1,3,5.35,203,3.94655720809
1,3,5.35,204,3.93141480373
1,3,5.35,205,3.91197586364
1,3,5.35,206,3.89306632531
1,3,5.35,207,3.87318199349
1,3,5.35,208,3.85440118472
1,3,5.35,209,3.83092334556
1,3,5.35,210,3.81011166411
1,3,5.35,211,3.78947549774
1,3,5.35,212,3.76473510855
1,3,5.35,213,3.73973843963
1,3,5.35,214,3.71374253373
1,3,5.35,215,3.69261036723
1,3,5.35,216,3.67012347851
1,3,5.35,217,3.65205488098
1,3,5.35,218,3.63983105193
1,3,5.35,219,3.62926292288
1,3,5.35,220,3.62424148662
1,3,5.35,221,3.61000810223
1,3,5.35,222,3.59758575
1,3,5.35,223,3.58065272358
1,3,5.35,224,3.56577754144
1,3,5.35,225,3.55071981501
1,3,5.35,226,3.53991197237
1,3,5.35,227,3.52990849336
1,3,5.35,228,3.51960417475
1,3,5.35,229,3.51687320262
1,3,5.35,230,3.51936356109
1,3,5.35,231,3.52706767542
1,3,5.35,232,3.54043644548
1,3,5.35,233,3.55372764211
1,3,5.35,234,3.5731862248
1,3,5.35,235,3.59564137724
1,3,5.35,236,3.61968128306
1,3,5.35,237,3.6485367951
1,3,5.35,238,3.67416621902
1,3,5.35,239,3.70392881814
1,3,5.35,240,3.73710843145
1,3,5.35,241,3.76708826742
1,3,5.35,242,3.79789672175
1,3,5.35,243,3.83016170967
1,3,5.35,244,3.86974343962
1,3,5.35,245,3.90951705161
1,3,5.35,246,3.94732544717
1,3,5.35,247,3.98136508906
1,3,5.35,248,4.01527831755
1,3,5.35,249,4.0548488287
1,3,5.35,250,4.09737661207
1,3,5.35,251,4.13794157617
1,3,5.35,252,4.17378603355
1,3,5.35,253,4.20996146494
1,3,5.35,254,4.24583703115
1,3,5.35,255,4.28250125244
1,3,5.35,256,4.31641188443
1,3,5.35,257,4.34625887683
1,3,5.35,258,4.3766054953
1,3,5.35,259,4.40914240403
1,3,5.35,260,4.44202247167
1,3,5.35,261,4.47078034883
1,3,5.35,262,4.49736228349
1,3,5.35,263,4.52535395297
1,3,5.35,264,4.55536794353
1,3,5.35,265,4.58389355239
1,3,5.35,266,4.60977764867
1,3,5.35,267,4.63453971687
1,3,5.35,268,4.66222572251
1,3,5.35,269,4.69221964107
1,3,5.35,270,4.7232947253
1,3,5.35,271,4.75786893294
1,3,5.35,272,4.79551213307
1,3,5.35,273,4.8371201332
1,3,5.35,274,4.87936867712
1,3,5.35,275,4.91970853945
1,3,5.35,276,4.95176133399
1,3,5.35,277,4.98006906296
1,3,5.35,278,5.01303072107
1,3,5.35,279,5.04530066847
1,3,5.35,280,5.07853914187
1,3,5.35,281,5.1064423696
1,3,5.35,282,5.13085165601
1,3,5.35,283,5.15234849774
1,3,5.35,284,5.17081790942
1,3,5.35,285,5.18726954979
1,3,5.35,286,5.20345801919
1,3,5.35,287,5.22098832244
1,3,5.35,288,5.2388521903
1,3,5.35,289,5.24976389802
1,3,5.35,290,5.25821688656
1,3,5.35,291,5.26983550858
1,3,5.35,292,5.27577998747
1,3,5.35,293,5.27877431858
1,3,5.35,294,5.28691498259
1,3,5.35,295,5.29866919489
1,3,5.35,296,5.31353679262
1,3,5.35,297,5.32999457073
1,3,5.35,298,5.34659786358
1,3,5.35,299,5.36661595504
1,3,5.35,300,5.38454047592
1,3,5.35,301,5.40347617986
1,3,5.35,302,5.41994916302
1,3,5.35,303,5.43604813547
1,3,5.35,304,5.44650375085
1,3,5.35,305,5.45404431619
1,3,5.35,306,5.45749255363
1,3,5.35,307,5.46463952374
1,3,5.35,308,5.47503804135
1,3,5.35,309,5.48557365526
1,3,5.35,310,5.49415368331
1,3,5.35,311,5.50091324327
1,3,5.35,312,5.50948972573
1,3,5.35,313,5.51511383324
1,3,5.35,314,5.52295259574
1,3,5.35,315,5.52949213119
1,3,5.35,316,5.53844688376
1,3,5.35,317,5.55143543596
1,3,5.35,318,5.56383014902
1,3,5.35,319,5.57931191228
1,3,5.35,320,5.60232950679
1,3,5.35,321,5.62412257701
1,3,5.35,322,5.64788217612
1,3,5.35,323,5.67127390195
1,3,5.35,324,5.69934425323
1,3,5.35,325,5.72681152152
1,3,5.35,326,5.7551428443
1,3,5.35,327,5.77714684471
1,3,5.35,328,5.79541958556
1,3,5.35,329,5.80739581941
1,3,5.35,330,5.81684105344
1,3,5.35,331,5.83209774233
1,3,5.35,332,5.85705689287
1,3,5.35,333,5.88145356912
1,3,5.35,334,5.90258329448
1,3,5.35,335,5.926685793
1,3,5.35,336,5.94535752811
1,3,5.35,337,5.96256555855
1,3,5.35,338,5.9807049679
1,3,5.35,339,6.00120520003
1,3,5.35,340,6.02027531191
1,3,5.35,341,6.03612918615
1,3,5.35,342,6.04767100435
1,3,5.35,343,6.06102612354
1,3,5.35,344,6.06758196146
1,3,5.35,345,6.06891695659
1,3,5.35,346,6.07351837619
1,3,5.35,347,6.07722469406
1,3,5.35,348,6.0836388308
1,3,5.35,349,6.09468110138
1,3,5.35,350,6.10295870937
1,3,5.35,351,6.10881554991
1,3,5.35,352,6.10832050302
1,3,5.35,353,6.10418791675
1,3,5.35,354,6.10018124406
1,3,5.35,355,6.09105321603
1,3,5.35,356,6.08086569216
1,3,5.35,357,6.07588599561
1,3,5.35,358,6.07555925819
1,3,5.35,359,6.07463991818
1,3,5.35,360,6.07174998691
1,3,5.35,361,6.06229072736
1,3,5.35,362,6.0533780839
1,3,5.35,363,6.03436685754
1,3,5.35,364,6.01199991938
1,3,5.35,365,5.9861860406
1,3,5.35,366,5.9578152018
1,3,5.35,367,5.92416411844
1,3,5.35,368,5.88961998007
1,3,5.35,369,5.860496344
1,3,5.35,370,5.83370878649
1,3,5.35,371,5.80996105262
1,3,5.35,372,5.79660705519
1,3,5.35,373,5.78550113602
1,3,5.35,374,5.77603024177
1,3,5.35,375,5.76251806143
1,3,5.35,376,5.74528375417
1,3,5.35,377,5.73013519994
1,3,5.35,378,5.71632112975
1,3,5.35,379,5.70021815342
1,3,5.35,380,5.68121314693
1,3,5.35,381,5.66113627949
1,3,5.35,382,5.64036034822
1,3,5.35,383,5.61982833206
1,3,5.35,384,5.6003488206
1,3,5.35,385,5.58177252363
1,3,5.35,386,5.56679190905
1,3,5.35,387,5.54904809628
1,3,5.35,388,5.53316712743
1,3,5.35,389,5.52182491832
1,3,5.35,390,5.51304274956
1,3,5.35,391,5.50492317322
1,3,5.35,392,5.4966822282
1,3,5.35,393,5.48998053212
1,3,5.35,394,5.47810558711
1,3,5.35,395,5.4661159223
1,3,5.35,396,5.45222483467
1,3,5.35,397,5.4376189732
1,3,5.35,398,5.42912062483
1,3,5.35,399,5.42528386223
1,3,5.35,400,5.42059070158
1,3,5.35,401,5.41882443669
1,3,5.35,402,5.42145582747
1,3,5.35,403,5.42637117766
1,3,5.35,404,5.43060351678
1,3,5.35,405,5.43559185421
1,3,5.35,406,5.43913916998
1,3,5.35,407,5.44327171616
1,3,5.35,408,5.44957210402
1,3,5.35,409,5.45932309106
1,3,5.35,410,5.46579052017
1,3,5.35,411,5.4692611058
1,3,5.35,412,5.47594323599
1,3,5.35,413,5.48345561647
1,3,5.35,414,5.48918130321
1,3,5.35,415,5.49593615348
1,3,5.35,416,5.50178850966
1,3,5.35,417,5.50511433961
1,3,5.35,418,5.50743564202
1,3,5.35,419,5.51244913369
1,3,5.35,420,5.51966997017
1,3,5.35,421,5.52629754287
1,3,5.35,422,5.53198400252
1,3,5.35,423,5.53759599952
1,3,5.35,424,5.53998640941
1,3,5.35,425,5.540906474
1,3,5.35,426,5.5378006636
1,3,5.35,427,5.53360456203
1,3,5.35,428,5.52578959315
1,3,5.35,429,5.5099429056
1,3,5.35,430,5.49132168005
1,3,5.35,431,5.47715248172
1,3,5.35,432,5.46954688633
1,3,5.35,433,5.46271307963
1,3,5.35,434,5.45542329907
1,3,5.35,435,5.44617759631
1,3,5.35,436,5.43273949365
1,3,5.35,437,5.42201461642
1,3,5.35,438,5.41455925297
1,3,5.35,439,5.40705237525
1,3,5.35,440,5.40128476568
1,3,5.35,441,5.39927878736
1,3,5.35,442,5.40272506299
1,3,5.35,443,5.41096125952
1,3,5.35,444,5.42753758215
1,3,5.35,445,5.44480671977
1,3,5.35,446,5.46621750947
1,3,5.35,447,5.4899491808
1,3,5.35,448,5.51245847157
1,3,5.35,449,5.53481329356
1,3,5.35,450,5.55200250689
1,3,5.35,451,5.56399739722
1,3,5.35,452,5.57328306545
1,3,5.35,453,5.58800141916
1,3,5.35,454,5.60759089222
1,3,5.35,455,5.626876335
1,3,5.35,456,5.64325037647
1,3,5.35,457,5.65587922288
1,3,5.35,458,5.66842271252
1,3,5.35,459,5.67492104523
1,3,5.35,460,5.67962140211
1,3,5.35,461,5.67997898397
1,3,5.35,462,5.6789106024
1,3,5.35,463,5.67428232528
1,3,5.35,464,5.67049840346
1,3,5.35,465,5.66599369204
1,3,5.35,466,5.6562901992
1,3,5.35,467,5.64599994812
1,3,5.35,468,5.63845367103
1,3,5.35,469,5.63254370139
1,3,5.35,470,5.62853312351
1,3,5.35,471,5.63098075581
1,3,5.35,472,5.64027685106
1,3,5.35,473,5.6500874509
1,3,5.35,474,5.65393405977
1,3,5.35,475,5.66123308266
1,3,5.35,476,5.66530483315
1,3,5.35,477,5.66809720134
1,3,5.35,478,5.67271211593
1,3,5.35,479,5.6774222899
1,3,5.35,480,5.68305492647
1,3,5.35,481,5.69084734707
1,3,5.35,482,5.70034018007
1,3,5.35,483,5.71047086476
1,3,5.35,484,5.72361128229
1,3,5.35,485,5.73538003884
1,3,5.35,486,5.75232072688
1,3,5.35,487,5.77339891458
1,3,5.35,488,5.80420124028
1,3,5.35,489,5.82979553163
1,3,5.35,490,5.85560449512
1,3,5.35,491,5.88154807376
1,3,5.35,492,5.904933937
1,3,5.35,493,5.92829384775
1,3,5.35,494,5.95542727533
1,3,5.35,495,5.98239433536
1,3,5.35,496,6.00470720346
1,3,5.35,497,6.02368304479
1,3,5.35,498,6.03750477515
1,3,5.35,499,6.05188003363
1,3,5.35,500,6.06731842369
1,3,5.35,501,6.07993516619
1,3,5.35,502,6.09183344071
1,3,5.35,503,6.1025879157
1,3,5.35,504,6.1157525091
1,3,5.35,505,6.12624325361
1,3,5.35,506,6.14110722422
1,3,5.35,507,6.15286564394
1,3,5.35,508,6.16421470797
1,3,5.35,509,6.1725692856
1,3,5.35,510,6.17770230536
1,3,5.35,511,6.17823255477
1,3,5.35,512,6.18016947844
1,3,5.35,513,6.17955652713
1,3,5.35,514,6.17395043267
1,3,5.35,515,6.16764080849
1,3,5.35,516,6.15876588201
1,3,5.35,517,6.15101338751
1,3,5.35,518,6.13760161654
1,3,5.35,519,6.12128016458
1,3,5.35,520,6.1054200078
1,3,5.35,521,6.09129942281
1,3,5.35,522,6.07803521568
1,3,5.35,523,6.05679071221
1,3,5.35,524,6.02803677373
1,3,5.35,525,5.99623238034
1,3,5.35,526,5.95904509294
1,3,5.35,527,5.92078119285
1,3,5.35,528,5.88231850257
1,3,5.35,529,5.84449463938
1,3,5.35,530,5.80464467542
1,3,5.35,531,5.768966286
1,3,5.35,532,5.7287205423
1,3,5.35,533,5.68129602368
1,3,5.35,534,5.63616912206
1,3,5.35,535,5.59305457175
1,3,5.35,536,5.54629034149
1,3,5.35,537,5.50207259608
1,3,5.35,538,5.45757762109
1,3,5.35,539,5.41179743594
1,3,5.35,540,5.36487599905
1,3,5.35,541,5.32008011222
1,3,5.35,542,5.26762229243
1,3,5.35,543,5.212630807
1,3,5.35,544,5.16127787582
1,3,5.35,545,5.11703030642
1,3,5.35,546,5.07621420802
1,3,5.35,547,5.03113443946
1,3,5.35,548,4.98509698142
1,3,5.35,549,4.93973894607
1,3,5.35,550,4.89271691117
1,3,5.35,551,4.84603649556
1,3,5.35,552,4.79661762167
1,3,5.35,553,4.7523062137
1,3,5.35,554,4.71265016497
1,3,5.35,555,4.67220360332
1,3,5.35,556,4.63760578787
1,3,5.35,557,4.60204539243
1,3,5.35,558,4.56985524218
1,3,5.35,559,4.54011300665
1,3,5.35,560,4.5129349014
1,3,5.35,561,4.48556548101
1,3,5.35,562,4.45747985722
1,3,5.35,563,4.4324929062
1,3,5.35,564,4.40842497339
1,3,5.35,565,4.38635008883
1,3,5.35,566,4.36775961571
1,3,5.35,567,4.35005605158
1,3,5.35,568,4.33415891653
1,3,5.35,569,4.31763293012
1,3,5.35,570,4.30334919773
1,3,5.35,571,4.28869694476
1,3,5.35,572,4.27619414504
1,3,5.35,573,4.25911698196
1,3,5.35,574,4.23942244505
1,3,5.35,575,4.22224007889
1,3,5.35,576,4.20892441241
1,3,5.35,577,4.19382256113
1,3,5.35,578,4.18145452378
1,3,5.35,579,4.17078949663
1,3,5.35,580,4.16180669271
1,3,5.35,581,4.15451836038
1,3,5.35,582,4.14488600809
1,3,5.35,583,4.13312509883
1,3,5.35,584,4.12636148359
1,3,5.35,585,4.12575112683
1,3,5.35,586,4.12655993371
1,3,5.35,587,4.12818913744
1,3,5.35,588,4.13060705336
1,3,5.35,589,4.12850317782
1,3,5.35,590,4.12723553499
1,3,5.35,591,4.12744525105
1,3,5.35,592,4.13079089982
1,3,5.35,593,4.13485972983
1,3,5.35,594,4.14377734744
1,3,5.35,595,4.15355010697
1,3,5.35,596,4.16382381071
1,3,5.35,597,4.16736396051
1,3,5.35,598,4.17427388891
1,3,5.35,599,4.18202697059
1,3,5.35,600,4.18778103637
1,3,5.35,601,4.19467353353
1,3,5.35,602,4.20062678079
1,3,5.35,603,4.20224042931
1,3,5.35,604,4.20699731541
1,3,5.35,605,4.21537390994
1,3,5.35,606,4.22509179762
1,3,5.35,607,4.23013172135
1,3,5.35,608,4.23165637192
1,3,5.35,609,4.23553716565
1,3,5.35,610,4.24359150283
1,3,5.35,611,4.25310355702
1,3,5.35,612,4.2626637805
1,3,5.35,613,4.2693117478
1,3,5.35,614,4.2737790429
1,3,5.35,615,4.27968969907
1,3,5.35,616,4.283893824
1,3,5.35,617,4.29555461972
1,3,5.35,618,4.31437849983
1,3,5.35,619,4.33619273125
1,3,5.35,620,4.35522143466
1,3,5.35,621,4.36429239944
1,3,5.35,622,4.3728885905
1,3,5.35,623,4.38409799202
1,3,5.35,624,4.3976443459
1,3,5.35,625,4.40703510073
1,3,5.35,626,4.41574016148
1,3,5.35,627,4.42833796821
1,3,5.35,628,4.44014654866
1,3,5.35,629,4.44911699436
1,3,5.35,630,4.45940584879
1,3,5.35,631,4.47004856167
1,3,5.35,632,4.48135119026
1,3,5.35,633,4.49060928636
1,3,5.35,634,4.50169717789
1,3,5.35,635,4.51269673259
1,3,5.35,636,4.52145975317
1,3,5.35,637,4.53267613733
1,3,5.35,638,4.54712529
1,3,5.35,639,4.55968779689
1,3,5.35,640,4.57604925559
1,3,5.35,641,4.5865937347
1,3,5.35,642,4.59005181611
1,3,5.35,643,4.58953965157
1,3,5.35,644,4.58799457706
1,3,5.35,645,4.58680583517
1,3,5.35,646,4.5829761255
1,3,5.35,647,4.5752472274
1,3,5.35,648,4.56810604567
1,3,5.35,649,4.55991189693
1,3,5.35,650,4.55632901657
1,3,5.35,651,4.55392541298
1,3,5.35,652,4.54111166414
1,3,5.35,653,4.52535064687
1,3,5.35,654,4.5061739399
1,3,5.35,655,4.49343969837
1,3,5.35,656,4.48219522321
1,3,5.35,657,4.47501159465
1,3,5.35,658,4.46615806595
1,3,5.35,659,4.45380229439
1,3,5.35,660,4.44304496231
1,3,5.35,661,4.43599741324
1,3,5.35,662,4.43203211467
1,3,5.35,663,4.42520501919
1,3,5.35,664,4.41211052205
1,3,5.35,665,4.39771203073
1,3,5.35,666,4.37956871624
1,3,5.35,667,4.36055227098
1,3,5.35,668,4.34396007199
1,3,5.35,669,4.33056274074
1,3,5.35,670,4.32132034617
1,3,5.35,671,4.31549219345
1,3,5.35,672,4.30913251209
1,3,5.35,673,4.30372531407
1,3,5.35,674,4.30444540844
1,3,5.35,675,4.30493920322
1,3,5.35,676,4.30548638888
1,3,5.35,677,4.30843370562
1,3,5.35,678,4.31284240428
1,3,5.35,679,4.31959122183
1,3,5.35,680,4.32412320898
1,3,5.35,681,4.32756698679
1,3,5.35,682,4.3309675143
1,3,5.35,683,4.33535229957
1,3,5.35,684,4.33830993767
1,3,5.35,685,4.34256503267
1,3,5.35,686,4.34969546652
1,3,5.35,687,4.35655303424
1,3,5.35,688,4.36874345382
1,3,5.35,689,4.38619446453
1,3,5.35,690,4.40377408119
1,3,5.35,691,4.41932706311
1,3,5.35,692,4.43200768545
1,3,5.35,693,4.44950417759
1,3,5.35,694,4.47377385264
1,3,5.35,695,4.50048572388
1,3,5.35,696,4.53176297707
1,3,5.35,697,4.56324549445
1,3,5.35,698,4.59412974167
1,3,5.35,699,4.62597392579
1,3,5.35,700,4.65959747788
1,3,5.35,701,4.69562149054
1,3,5.35,702,4.73210832722
1,3,5.35,703,4.76839384253
1,3,5.35,704,4.8129080388
1,3,5.35,705,4.85802573345
1,3,5.35,706,4.89941601901
1,3,5.35,707,4.94312684393
1,3,5.35,708,4.99180909457
1,3,5.35,709,5.04423214528
1,3,5.35,710,5.09652550467
1,3,5.35,711,5.14910804571
1,3,5.35,712,5.19900024528
1,3,5.35,713,5.24710893777
1,3,5.35,714,5.29142553388
1,3,5.35,715,5.33371075144
1,3,5.35,716,5.37680310343
1,3,5.35,717,5.4183291001
1,3,5.35,718,5.46087022547
1,3,5.35,719,5.49967836057
1,3,5.35,720,5.53843820575
1,3,5.35,721,5.57499458639
1,3,5.35,722,5.60940978447
1,3,5.35,723,5.6436012938
1,3,5.35,724,5.67684865816
1,3,5.35,725,5.711862222
1,3,5.35,726,5.74373786923
1,3,5.35,727,5.77309282052
1,3,5.35,728,5.80418932817
1,3,5.35,729,5.83158584785
1,3,5.35,730,5.85110610743
1,3,5.35,731,5.86966799051
1,3,5.35,732,5.89178773474
1,3,5.35,733,5.91235919386
1,3,5.35,734,5.92562770622
1,3,5.35,735,5.93380457061
1,3,5.35,736,5.93984743395
1,3,5.35,737,5.94255280805
1,3,5.35,738,5.94626273518
1,3,5.35,739,5.94633895589
1,3,5.35,740,5.94009599951
1,3,5.35,741,5.93047546616
1,3,5.35,742,5.9209301797
1,3,5.35,743,5.91173161918
1,3,5.35,744,5.90139510358
1,3,5.35,745,5.89459258285
1,3,5.35,746,5.89249209571
1,3,5.35,747,5.89144487415
1,3,5.35,748,5.89114947543
1,3,5.35,749,5.887476807
1,3,5.35,750,5.8778726869
1,3,5.35,751,5.86680032052
1,3,5.35,752,5.85412758423
1,3,5.35,753,5.84078751561
1,3,5.35,754,5.82759267863
1,3,5.35,755,5.81213143412
1,3,5.35,756,5.79554118965
1,3,5.35,757,5.78064141912
1,3,5.35,758,5.75907024589
1,3,5.35,759,5.73390635423
1,3,5.35,760,5.7087521167
1,3,5.35,761,5.68694854126
1,3,5.35,762,5.67038104846
1,3,5.35,763,5.65563962677
1,3,5.35,764,5.63878951936
1,3,5.35,765,5.61593805952
1,3,5.35,766,5.59240275015
1,3,5.35,767,5.57136492805
1,3,5.35,768,5.55534936472
1,3,5.35,769,5.54162467955
1,3,5.35,770,5.52873537294
1,3,5.35,771,5.51000010295
1,3,5.35,772,5.49260350507
1,3,5.35,773,5.47858947192
1,3,5.35,774,5.46410095848
1,3,5.35,775,5.44267666115
1,3,5.35,776,5.4099762802
1,3,5.35,777,5.37595376477
1,3,5.35,778,5.34322149335
1,3,5.35,779,5.31437035047
1,3,5.35,780,5.28482756347
1,3,5.35,781,5.2555761384
1,3,5.35,782,5.2221435382
1,3,5.35,783,5.18406883238
1,3,5.35,784,5.14763074426
1,3,5.35,785,5.1118421606
1,3,5.35,786,5.07717693789
1,3,5.35,787,5.03900576826
1,3,5.35,788,5.00330786193
1,3,5.35,789,4.97398100881
1,3,5.35,790,4.9490920045
1,3,5.35,791,4.92698636961
1,3,5.35,792,4.90435400895
1,3,5.35,793,4.88522338633
1,3,5.35,794,4.86925349045
1,3,5.35,795,4.86547565214
1,3,5.35,796,4.86654053984
1,3,5.35,797,4.86555635225
1,3,5.35,798,4.85697949257
1,3,5.35,799,4.84437081354
1,4,6,0,5.95529082774
1,4,6,1,5.95213597008
1,4,6,2,5.95051367689
1,4,6,3,5.94856802618
1,4,6,4,5.94814321053
1,4,6,5,5.94920840041
1,4,6,6,5.95210175561
1,4,6,7,5.95646417338
1,4,6,8,5.96304137399
1,4,6,9,5.96980573021
1,4,6,10,5.97323544533
1,4,6,11,5.97991009155
1,4,6,12,5.9886670025
1,4,6,13,5.99654119775
1,4,6,14,6.00833661063
1,4,6,15,6.02406880141
1,4,6,16,6.04127693555
1,4,6,17,6.06253637837
1,4,6,18,6.08272572471
1,4,6,19,6.1045578474
1,4,6,20,6.12389555549
1,4,6,21,6.14703547079
1,4,6,22,6.17297564241
1,4,6,23,6.20328619397
1,4,6,24,6.23378289842
1,4,6,25,6.26454073577
1,4,6,26,6.29744822419
1,4,6,27,6.3351146601
1,4,6,28,6.37517007241
1,4,6,29,6.41435951623
1,4,6,30,6.45268950385
1,4,6,31,6.48910060546
1,4,6,32,6.52327036054
1,4,6,33,6.56036980778
1,4,6,34,6.59702588861
1,4,6,35,6.63180500159
1,4,6,36,6.66705733599
1,4,6,37,6.70338072161
1,4,6,38,6.73539349736
1,4,6,39,6.76087197754
1,4,6,40,6.78814471671
1,4,6,41,6.81277790082
1,4,6,42,6.83320160802
1,4,6,43,6.8497983326
1,4,6,44,6.86386847663
1,4,6,45,6.87548334537
1,4,6,46,6.88786530503
1,4,6,47,6.89866266229
1,4,6,48,6.90460046886
1,4,6,49,6.90589554282
1,4,6,50,6.90672731851
1,4,6,51,6.90567620462
1,4,6,52,6.90153845422
1,4,6,53,6.89363001529
1,4,6,54,6.88726485404
1,4,6,55,6.87740845077
1,4,6,56,6.86570841686
1,4,6,57,6.85377902057
1,4,6,58,6.83730623014
1,4,6,59,6.82118841089
1,4,6,60,6.80267933284
1,4,6,61,6.78324581188
1,4,6,62,6.76410819905
1,4,6,63,6.74509034362
1,4,6,64,6.72955217408
1,4,6,65,6.71165226802
1,4,6,66,6.69326702654
1,4,6,67,6.67499646964
1,4,6,68,6.65645427025
1,4,6,69,6.63792503891
1,4,6,70,6.62072636723
1,4,6,71,6.59907039595
1,4,6,72,6.57362157142
1,4,6,73,6.55206415475
1,4,6,74,6.52628370499
1,4,6,75,6.49249229617
1,4,6,76,6.45479157584
1,4,6,77,6.41532529361
1,4,6,78,6.3744432912
1,4,6,79,6.33505031695
1,4,6,80,6.30039503921
1,4,6,81,6.26841417489
1,4,6,82,6.2338506547
1,4,6,83,6.19783956342
1,4,6,84,6.16432139451
1,4,6,85,6.1320617554
1,4,6,86,6.09995138818
1,4,6,87,6.06672009523
1,4,6,88,6.03150978291
1,4,6,89,5.99670604907
1,4,6,90,5.96205822866
1,4,6,91,5.9281606128
1,4,6,92,5.88799554208
1,4,6,93,5.84475793092
1,4,6,94,5.79767822428
1,4,6,95,5.75094377149
1,4,6,96,5.70709003903
1,4,6,97,5.665855897
1,4,6,98,5.6285175843
1,4,6,99,5.58980852701
1,4,6,100,5.54886071011
1,4,6,101,5.50618768052
1,4,6,102,5.46463985316
1,4,6,103,5.42533146842
1,4,6,104,5.38615077264
1,4,6,105,5.35251838261
1,4,6,106,5.32062026004
1,4,6,107,5.29158381081
1,4,6,108,5.26236324564
1,4,6,109,5.22961376197
1,4,6,110,5.20225081152
1,4,6,111,5.17261052005
1,4,6,112,5.14121610282
1,4,6,113,5.11382405699
1,4,6,114,5.08939324549
1,4,6,115,5.06714685814
1,4,6,116,5.04586430953
1,4,6,117,5.0209723412
1,4,6,118,4.99206648892
1,4,6,119,4.96038446952
1,4,6,120,4.92618112292
1,4,6,121,4.89472979917
1,4,6,122,4.86591623564
1,4,6,123,4.84017918189
1,4,6,124,4.81550643563
1,4,6,125,4.79514861327
1,4,6,126,4.77645430374
1,4,6,127,4.76368528024
1,4,6,128,4.75587707429
1,4,6,129,4.74390754843
1,4,6,130,4.73259788044
1,4,6,131,4.71790431275
1,4,6,132,4.70679591186
1,4,6,133,4.69782440738
1,4,6,134,4.69119274088
1,4,6,135,4.68448581994
1,4,6,136,4.67963281622
1,4,6,137,4.68100908963
1,4,6,138,4.68817884199
1,4,6,139,4.70560430622
1,4,6,140,4.72587446779
1,4,6,141,4.74067808677
1,4,6,142,4.74876632704
1,4,6,143,4.76322424018
1,4,6,144,4.78439840709
1,4,6,145,4.80342802709
1,4,6,146,4.82452681236
1,4,6,147,4.84744763439
1,4,6,148,4.86810042859
1,4,6,149,4.88552621914
1,4,6,150,4.90563812513
1,4,6,151,4.92892396322
1,4,6,152,4.95566506595
1,4,6,153,4.98563290683
1,4,6,154,5.01589912419
1,4,6,155,5.04829738231
1,4,6,156,5.08592211196
1,4,6,157,5.12443966006
1,4,6,158,5.16211468446
1,4,6,159,5.20318811477
1,4,6,160,5.24980711483
1,4,6,161,5.29923815587
1,4,6,162,5.3510885843
1,4,6,163,5.39855117543
1,4,6,164,5.44453454167
1,4,6,165,5.48687847887
1,4,6,166,5.52688811891
1,4,6,167,5.56530495775
1,4,6,168,5.60311069161
1,4,6,169,5.6403461936
1,4,6,170,5.67864225887
1,4,6,171,5.71917184989
1,4,6,172,5.7642339609
1,4,6,173,5.80419114217
1,4,6,174,5.83891285942
1,4,6,175,5.87265428865
1,4,6,176,5.90411655278
1,4,6,177,5.93515966914
1,4,6,178,5.96280520802
1,4,6,179,5.98709006611
1,4,6,180,6.00479524825
1,4,6,181,6.02579307758
1,4,6,182,6.05251474353
1,4,6,183,6.07807293357
1,4,6,184,6.10110027423
1,4,6,185,6.121169498
1,4,6,186,6.13591332062
1,4,6,187,6.14873223859
1,4,6,188,6.16288483817
1,4,6,189,6.1799386172
1,4,6,190,6.19994466547
1,4,6,191,6.2220396663
1,4,6,192,6.23834688298
1,4,6,193,6.25628986042
1,4,6,194,6.26927264553
1,4,6,195,6.2830297271
1,4,6,196,6.29913913681
1,4,6,197,6.31666532419
1,4,6,198,6.33273948242
1,4,6,199,6.34528471863
1,4,6,200,6.35381984654
1,4,6,201,6.35698678925
1,4,6,202,6.35428913584
1,4,6,203,6.35051475604
1,4,6,204,6.35104709819
1,4,6,205,6.35386091748
1,4,6,206,6.35655244129
1,4,6,207,6.35282258019
1,4,6,208,6.34840321801
1,4,6,209,6.3405582466
1,4,6,210,6.33108044006
1,4,6,211,6.31913290998
1,4,6,212,6.30272724903
1,4,6,213,6.28320083053
1,4,6,214,6.26646879143
1,4,6,215,6.2508453313
1,4,6,216,6.23225044344
1,4,6,217,6.2174411499
1,4,6,218,6.20072365752
1,4,6,219,6.18399794486
1,4,6,220,6.16417494097
1,4,6,221,6.14134465463
1,4,6,222,6.11740434051
1,4,6,223,6.09345416667
1,4,6,224,6.07280156929
1,4,6,225,6.05399317035
1,4,6,226,6.03570098223
1,4,6,227,6.02252403437
1,4,6,228,6.01092554445
1,4,6,229,5.99582648763
1,4,6,230,5.9835997054
1,4,6,231,5.97289905953
1,4,6,232,5.96174726166
1,4,6,233,5.95655731768
1,4,6,234,5.95262685134
1,4,6,235,5.95303681824
1,4,6,236,5.95400434593
1,4,6,237,5.95774804325
1,4,6,238,5.9596395895
1,4,6,239,5.96383764428
1,4,6,240,5.96181126329
1,4,6,241,5.95237156987
1,4,6,242,5.94314067165
1,4,6,243,5.93006652491
1,4,6,244,5.9144675431
1,4,6,245,5.89950265606
1,4,6,246,5.88813327174
1,4,6,247,5.88399531372
1,4,6,248,5.88040610295
1,4,6,249,5.87462047488
1,4,6,250,5.86819500302
1,4,6,251,5.86325761047
1,4,6,252,5.85806961874
1,4,6,253,5.85243014928
1,4,6,254,5.85298696488
1,4,6,255,5.85283908789
1,4,6,256,5.84940074206
1,4,6,257,5.85234600433
1,4,6,258,5.85438667508
1,4,6,259,5.85521953588
1,4,6,260,5.85578653632
1,4,6,261,5.85378662933
1,4,6,262,5.84916668356
1,4,6,263,5.84319180801
1,4,6,264,5.83280592183
1,4,6,265,5.81682281093
1,4,6,266,5.79972340126
1,4,6,267,5.78543495335
1,4,6,268,5.76913893709
1,4,6,269,5.75069067712
1,4,6,270,5.73199029242
1,4,6,271,5.71582702332
1,4,6,272,5.70026145259
1,4,6,273,5.68808149226
1,4,6,274,5.68225570689
1,4,6,275,5.67461145728
1,4,6,276,5.66855510323
1,4,6,277,5.6680851361
1,4,6,278,5.67209510413
1,4,6,279,5.68092090029
1,4,6,280,5.69127757664
1,4,6,281,5.70483925275
1,4,6,282,5.71964277454
1,4,6,283,5.7360140642
1,4,6,284,5.75094393888
1,4,6,285,5.7647291961
1,4,6,286,5.77640333037
1,4,6,287,5.78606487973
1,4,6,288,5.79395542131
1,4,6,289,5.80138462838
1,4,6,290,5.8061953455
1,4,6,291,5.81219241923
1,4,6,292,5.8181887027
1,4,6,293,5.82607928208
1,4,6,294,5.83024744279
1,4,6,295,5.83099588683
1,4,6,296,5.83651478516
1,4,6,297,5.84328638436
1,4,6,298,5.85351170577
1,4,6,299,5.86555584715
1,4,6,300,5.88093298797
1,4,6,301,5.89662347353
1,4,6,302,5.91294492534
1,4,6,303,5.92965762556
1,4,6,304,5.94619927311
1,4,6,305,5.95906858111
1,4,6,306,5.96974058652
1,4,6,307,5.98079275779
1,4,6,308,5.99485713644
1,4,6,309,6.01377329402
1,4,6,310,6.02942483821
1,4,6,311,6.05203665133
1,4,6,312,6.07467768661
1,4,6,313,6.09886232586
1,4,6,314,6.11732916293
1,4,6,315,6.13448427913
1,4,6,316,6.14948859836
1,4,6,317,6.16456632124
1,4,6,318,6.18730681514
1,4,6,319,6.21243311622
1,4,6,320,6.23530150756
1,4,6,321,6.25843064537
1,4,6,322,6.27796071483
1,4,6,323,6.29622616643
1,4,6,324,6.31490659002
1,4,6,325,6.33315093902
1,4,6,326,6.34979004304
1,4,6,327,6.36918795357
1,4,6,328,6.38890371304
1,4,6,329,6.40460989452
1,4,6,330,6.41841733328
1,4,6,331,6.43116000759
1,4,6,332,6.44244986224
1,4,6,333,6.45108104287
1,4,6,334,6.4595571992
1,4,6,335,6.47212838745
1,4,6,336,6.48930854215
1,4,6,337,6.50559718847
1,4,6,338,6.51759490142
1,4,6,339,6.52698665979
1,4,6,340,6.53955152032
1,4,6,341,6.55342868929
1,4,6,342,6.5731446193
1,4,6,343,6.59218667884
1,4,6,344,6.62000452177
1,4,6,345,6.65017938449
1,4,6,346,6.67991068498
1,4,6,347,6.70991788322
1,4,6,348,6.7410531318
1,4,6,349,6.77330621159
1,4,6,350,6.81148807182
1,4,6,351,6.84854824193
1,4,6,352,6.89055553978
1,4,6,353,6.93076967389
1,4,6,354,6.96315984912
1,4,6,355,6.9910469984
1,4,6,356,7.01508799579
1,4,6,357,7.03692827052
1,4,6,358,7.05543066976
1,4,6,359,7.07580942269
1,4,6,360,7.09782253923
1,4,6,361,7.1199941051
1,4,6,362,7.14138522311
1,4,6,363,7.16239637647
1,4,6,364,7.18183210113
1,4,6,365,7.19760889469
1,4,6,366,7.20565371039
1,4,6,367,7.21269546929
1,4,6,368,7.22050981477
1,4,6,369,7.22495026482
1,4,6,370,7.22869429287
1,4,6,371,7.23549858217
1,4,6,372,7.24584849548
1,4,6,373,7.25744822903
1,4,6,374,7.27016114002
1,4,6,375,7.28017762231
1,4,6,376,7.29102662967
1,4,6,377,7.30076128759
1,4,6,378,7.30952118987
1,4,6,379,7.31769116381
1,4,6,380,7.32574440157
1,4,6,381,7.32929858598
1,4,6,382,7.3299340482
1,4,6,383,7.3330701103
1,4,6,384,7.33776749811
1,4,6,385,7.34654771193
1,4,6,386,7.35930737871
1,4,6,387,7.37657878534
1,4,6,388,7.39715103315
1,4,6,389,7.4145837627
1,4,6,390,7.42730577847
1,4,6,391,7.44269537888
1,4,6,392,7.45872736472
1,4,6,393,7.47709031063
1,4,6,394,7.50236324569
1,4,6,395,7.52537105373
1,4,6,396,7.5449590574
1,4,6,397,7.56596441244
1,4,6,398,7.58644390718
1,4,6,399,7.60150523366
1,4,6,400,7.60914458034
1,4,6,401,7.61597633661
1,4,6,402,7.62221859543
1,4,6,403,7.62961261403
1,4,6,404,7.63932376924
1,4,6,405,7.6510397471
1,4,6,406,7.65643486747
1,4,6,407,7.65873304848
1,4,6,408,7.66179846474
1,4,6,409,7.66122177152
1,4,6,410,7.66536789749
1,4,6,411,7.66687372411
1,4,6,412,7.66707827366
1,4,6,413,7.67148431343
1,4,6,414,7.67706259693
1,4,6,415,7.683495186
1,4,6,416,7.68742656658
1,4,6,417,7.69103094829
1,4,6,418,7.6914317041
1,4,6,419,7.68877388169
1,4,6,420,7.68100724289
1,4,6,421,7.67856871054
1,4,6,422,7.6731914219
1,4,6,423,7.66739383996
1,4,6,424,7.66392017592
1,4,6,425,7.66745059989
1,4,6,426,7.67085101695
1,4,6,427,7.67585512839
1,4,6,428,7.68062645424
1,4,6,429,7.68268124273
1,4,6,430,7.68142121124
1,4,6,431,7.68318897435
1,4,6,432,7.68880780949
1,4,6,433,7.69350065326
1,4,6,434,7.69902989807
1,4,6,435,7.70526667031
1,4,6,436,7.71180119902
1,4,6,437,7.72048431237
1,4,6,438,7.72923340115
1,4,6,439,7.73310543661
1,4,6,440,7.73369015498
1,4,6,441,7.73347637196
1,4,6,442,7.73347697341
1,4,6,443,7.74052412562
1,4,6,444,7.74657948955
1,4,6,445,7.7499941225
1,4,6,446,7.74835048883
1,4,6,447,7.74236438362
1,4,6,448,7.73482331492
1,4,6,449,7.72533370765
1,4,6,450,7.71035718382
1,4,6,451,7.69090937607
1,4,6,452,7.66346215194
1,4,6,453,7.63446066955
1,4,6,454,7.60371292045
1,4,6,455,7.57658781597
1,4,6,456,7.5480230354
1,4,6,457,7.51789573798
1,4,6,458,7.48666265706
1,4,6,459,7.44985944579
1,4,6,460,7.41146983923
1,4,6,461,7.37389244176
1,4,6,462,7.33713200304
1,4,6,463,7.30456172662
1,4,6,464,7.27663965569
1,4,6,465,7.25041749848
1,4,6,466,7.22293403878
1,4,6,467,7.19791564732
1,4,6,468,7.17404452913
1,4,6,469,7.14829275343
1,4,6,470,7.12508094697
1,4,6,471,7.10333502395
1,4,6,472,7.0863205735
1,4,6,473,7.07086466001
1,4,6,474,7.0579566654
1,4,6,475,7.04052401059
1,4,6,476,7.0210882109
1,4,6,477,7.0051132391
1,4,6,478,6.994321188
1,4,6,479,6.98812617738
1,4,6,480,6.98425892395
1,4,6,481,6.98209675976
1,4,6,482,6.97584188714
1,4,6,483,6.96844889455
1,4,6,484,6.96404617541
1,4,6,485,6.95740657825
1,4,6,486,6.95079420183
1,4,6,487,6.94081982136
1,4,6,488,6.92912347063
1,4,6,489,6.92378421026
1,4,6,490,6.92412795756
1,4,6,491,6.92524671301
1,4,6,492,6.92945595517
1,4,6,493,6.93725339341
1,4,6,494,6.94742746877
1,4,6,495,6.95945429024
1,4,6,496,6.97843574754
1,4,6,497,6.99682894192
1,4,6,498,7.01184470104
1,4,6,499,7.02342605506
1,4,6,500,7.03154971503
1,4,6,501,7.0340126371
1,4,6,502,7.03464382439
1,4,6,503,7.03920516418
1,4,6,504,7.04420408141
1,4,6,505,7.04353500258
1,4,6,506,7.04163691673
1,4,6,507,7.04114586096
1,4,6,508,7.03697705307
1,4,6,509,7.03453785504
1,4,6,510,7.028650615
1,4,6,511,7.01849472244
1,4,6,512,7.00766665029
1,4,6,513,6.99587422557
1,4,6,514,6.99041002621
1,4,6,515,6.98787439848
1,4,6,516,6.98595481694
1,4,6,517,6.98524293755
1,4,6,518,6.98522262361
1,4,6,519,6.98621767478
1,4,6,520,6.98665988356
1,4,6,521,6.98813152853
1,4,6,522,6.98656285435
1,4,6,523,6.98372960879
1,4,6,524,6.98040015953
1,4,6,525,6.97846494622
1,4,6,526,6.98189702871
1,4,6,527,6.98258014385
1,4,6,528,6.98228263388
1,4,6,529,6.97881601225
1,4,6,530,6.97338866493
1,4,6,531,6.9699126929
1,4,6,532,6.97208852922
1,4,6,533,6.97237939899
1,4,6,534,6.97383110409
1,4,6,535,6.97991296586
1,4,6,536,6.98332448408
1,4,6,537,6.983889202
1,4,6,538,6.98046010974
1,4,6,539,6.97906745553
1,4,6,540,6.98228766604
1,4,6,541,6.98548617924
1,4,6,542,6.98698541193
1,4,6,543,6.98864475072
1,4,6,544,6.98868098052
1,4,6,545,6.98819136435
1,4,6,546,6.98819575097
1,4,6,547,6.98545620237
1,4,6,548,6.97946955724
1,4,6,549,6.96991236478
1,4,6,550,6.95672412524
1,4,6,551,6.95072262603
1,4,6,552,6.94635627329
1,4,6,553,6.93813936634
1,4,6,554,6.93269599489
1,4,6,555,6.92906073389
1,4,6,556,6.92083859819
1,4,6,557,6.90931546028
1,4,6,558,6.89950304096
1,4,6,559,6.88939500537
1,4,6,560,6.87489435861
1,4,6,561,6.86015960228
1,4,6,562,6.84736228633
1,4,6,563,6.83127117262
1,4,6,564,6.81542247811
1,4,6,565,6.80124913693
1,4,6,566,6.79280763002
1,4,6,567,6.78695469323
1,4,6,568,6.78039573651
1,4,6,569,6.77454122699
1,4,6,570,6.76621440082
1,4,6,571,6.76210517984
1,4,6,572,6.76002556367
1,4,6,573,6.75688085423
1,4,6,574,6.75623959063
1,4,6,575,6.75262582406
1,4,6,576,6.73836861374
1,4,6,577,6.71879256702
1,4,6,578,6.69852921358
1,4,6,579,6.67516918778
1,4,6,580,6.64869262388
1,4,6,581,6.62403034637
1,4,6,582,6.60317430931
1,4,6,583,6.5811900494
1,4,6,584,6.55573875779
1,4,6,585,6.52807577158
1,4,6,586,6.50449295017
1,4,6,587,6.47718519674
1,4,6,588,6.44795522886
1,4,6,589,6.415345889
1,4,6,590,6.37870837709
1,4,6,591,6.34496420393
1,4,6,592,6.31168865863
1,4,6,593,6.27698411393
1,4,6,594,6.24486316219
1,4,6,595,6.21193574532
1,4,6,596,6.18154891039
1,4,6,597,6.14910011322
1,4,6,598,6.11630932054
1,4,6,599,6.08270628699
1,4,6,600,6.05159013859
1,4,6,601,6.01732181469
1,4,6,602,5.98557692196
1,4,6,603,5.95469292291
1,4,6,604,5.92046211609
1,4,6,605,5.8874764834
1,4,6,606,5.85659814934
1,4,6,607,5.82467966502
1,4,6,608,5.79394582757
1,4,6,609,5.76309141546
1,4,6,610,5.72286616476
1,4,6,611,5.68369988603
1,4,6,612,5.64423303588
1,4,6,613,5.60471170962
1,4,6,614,5.5655357697
1,4,6,615,5.53008835113
1,4,6,616,5.49591073944
1,4,6,617,5.46260897346
1,4,6,618,5.42883814906
1,4,6,619,5.39456036797
1,4,6,620,5.35935730209
1,4,6,621,5.32396200367
1,4,6,622,5.28350265691
1,4,6,623,5.24338456657
1,4,6,624,5.20807429455
1,4,6,625,5.16909655746
1,4,6,626,5.13217984048
1,4,6,627,5.0955229071
1,4,6,628,5.05775179016
1,4,6,629,5.02224907986
1,4,6,630,4.9878353172
1,4,6,631,4.95980199198
1,4,6,632,4.93402870898
1,4,6,633,4.91210112647
1,4,6,634,4.89454723506
1,4,6,635,4.87820411717
1,4,6,636,4.8643826597
1,4,6,637,4.85016371657
1,4,6,638,4.83972150161
1,4,6,639,4.8307223057
1,4,6,640,4.82415972812
1,4,6,641,4.82170195311
1,4,6,642,4.8212798486
1,4,6,643,4.81796541526
1,4,6,644,4.81142787124
1,4,6,645,4.80640395074
1,4,6,646,4.80324846103
1,4,6,647,4.80098996558
1,4,6,648,4.79624626886
1,4,6,649,4.79660322482
1,4,6,650,4.80019280056
1,4,6,651,4.8026561503
1,4,6,652,4.80160180766
1,4,6,653,4.7988963932
1,4,6,654,4.79296709133
1,4,6,655,4.78869932662
1,4,6,656,4.78954491879
1,4,6,657,4.7920683239
1,4,6,658,4.79639558273
1,4,6,659,4.80393449795
1,4,6,660,4.81632100065
1,4,6,661,4.83263298804
1,4,6,662,4.8436871675
1,4,6,663,4.8509105188
1,4,6,664,4.8620520959
1,4,6,665,4.87852659707
1,4,6,666,4.89810423854
1,4,6,667,4.91762200132
1,4,6,668,4.94393727271
1,4,6,669,4.9720814569
1,4,6,670,5.00097957887
1,4,6,671,5.03247856518
1,4,6,672,5.06329334134
1,4,6,673,5.09792196379
1,4,6,674,5.13409382497
1,4,6,675,5.16374990829
1,4,6,676,5.18956589191
1,4,6,677,5.21296817684
1,4,6,678,5.23814333164
1,4,6,679,5.25837447824
1,4,6,680,5.27787629393
1,4,6,681,5.29707015712
1,4,6,682,5.31605968148
1,4,6,683,5.33391626251
1,4,6,684,5.349643548
1,4,6,685,5.37019087512
1,4,6,686,5.39530501092
1,4,6,687,5.42569455538
1,4,6,688,5.45051498577
1,4,6,689,5.47421984
1,4,6,690,5.49640187769
1,4,6,691,5.51476937568
1,4,6,692,5.53101751245
1,4,6,693,5.54679603944
1,4,6,694,5.56257267831
1,4,6,695,5.5762859744
1,4,6,696,5.59298516202
1,4,6,697,5.60432395715
1,4,6,698,5.6115632342
1,4,6,699,5.62049405304
1,4,6,700,5.62928164471
1,4,6,701,5.64166532973
1,4,6,702,5.65704673545
1,4,6,703,5.67365620452
1,4,6,704,5.69373577521
1,4,6,705,5.71034385688
1,4,6,706,5.73034324584
1,4,6,707,5.75177793829
1,4,6,708,5.77652511094
1,4,6,709,5.80246352366
1,4,6,710,5.8261193826
1,4,6,711,5.84578329826
1,4,6,712,5.86225862751
1,4,6,713,5.87457220524
1,4,6,714,5.88952412789
1,4,6,715,5.90668818338
1,4,6,716,5.92139991606
1,4,6,717,5.93807889243
1,4,6,718,5.95257399447
1,4,6,719,5.96467814475
1,4,6,720,5.9738106756
1,4,6,721,5.98339990378
1,4,6,722,5.9931011031
1,4,6,723,6.00325979727
1,4,6,724,6.011416878
1,4,6,725,6.01534982574
1,4,6,726,6.01992457027
1,4,6,727,6.03205702846
1,4,6,728,6.04811692045
1,4,6,729,6.06399202679
1,4,6,730,6.07441396135
1,4,6,731,6.08583750636
1,4,6,732,6.09805488274
1,4,6,733,6.1137248463
1,4,6,734,6.1260990027
1,4,6,735,6.13983127167
1,4,6,736,6.15039711509
1,4,6,737,6.16489971344
1,4,6,738,6.17720560284
1,4,6,739,6.19369844348
1,4,6,740,6.21058668504
1,4,6,741,6.22778385333
1,4,6,742,6.24529191131
1,4,6,743,6.26329683923
1,4,6,744,6.28882825458
1,4,6,745,6.3097817929
1,4,6,746,6.33243741605
1,4,6,747,6.35841104967
1,4,6,748,6.3805438267
1,4,6,749,6.40316172991
1,4,6,750,6.42536521727
1,4,6,751,6.44553897207
1,4,6,752,6.46311349545
1,4,6,753,6.47641013112
1,4,6,754,6.4849892881
1,4,6,755,6.48927354476
1,4,6,756,6.48987416669
1,4,6,757,6.49282492148
1,4,6,758,6.50022773601
1,4,6,759,6.50754177975
1,4,6,760,6.50406827984
1,4,6,761,6.4984279293
1,4,6,762,6.48069022927
1,4,6,763,6.46082283031
1,4,6,764,6.43780795205
1,4,6,765,6.41424358446
1,4,6,766,6.3956183633
1,4,6,767,6.37940995274
1,4,6,768,6.35916663236
1,4,6,769,6.33837829542
1,4,6,770,6.31882637093
1,4,6,771,6.30050793976
1,4,6,772,6.28275602419
1,4,6,773,6.26150227233
1,4,6,774,6.2387489709
1,4,6,775,6.2225562964
1,4,6,776,6.20862560613
1,4,6,777,6.20135636337
1,4,6,778,6.19669893118
1,4,6,779,6.19281631277
1,4,6,780,6.18806164246
1,4,6,781,6.18417206515
1,4,6,782,6.18186517365
1,4,6,783,6.17587279122
1,4,6,784,6.16726710918
1,4,6,785,6.15964956603
1,4,6,786,6.1485201182
1,4,6,787,6.13814865578
1,4,6,788,6.130424267
1,4,6,789,6.12381526216
1,4,6,790,6.1149632398
1,4,6,791,6.10749740923
1,4,6,792,6.10117526316
1,4,6,793,6.09365265209
1,4,6,794,6.08789404583
1,4,6,795,6.08133490477
1,4,6,796,6.07818381996
1,4,6,797,6.07406856118
1,4,6,798,6.06717304823
1,4,6,799,6.06345064146
1,5,6.65,0,5.23820208645
1,5,6.65,1,5.23626537118
1,5,6.65,2,5.23432379066
1,5,6.65,3,5.23894380895
1,5,6.65,4,5.24305935118
1,5,6.65,5,5.24546770048
1,5,6.65,6,5.24875565734
1,5,6.65,7,5.25482087393
1,5,6.65,8,5.26177069839
1,5,6.65,9,5.26976226246
1,5,6.65,10,5.27837740135
1,5,6.65,11,5.28901133239
1,5,6.65,12,5.29993189465
1,5,6.65,13,5.30906779505
1,5,6.65,14,5.31706424572
1,5,6.65,15,5.32893179116
1,5,6.65,16,5.34018858596
1,5,6.65,17,5.35055904986
1,5,6.65,18,5.36273345806
1,5,6.65,19,5.37599877703
1,5,6.65,20,5.3936425542
1,5,6.65,21,5.41086803553
1,5,6.65,22,5.42715034497
1,5,6.65,23,5.44569013205
1,5,6.65,24,5.46780578204
1,5,6.65,25,5.49004630314
1,5,6.65,26,5.51138823526
1,5,6.65,27,5.54032335677
1,5,6.65,28,5.56984014205
1,5,6.65,29,5.60179130128
1,5,6.65,30,5.64033510903
1,5,6.65,31,5.67879693438
1,5,6.65,32,5.71923020971
1,5,6.65,33,5.75656201401
1,5,6.65,34,5.79535054906
1,5,6.65,35,5.83725218388
1,5,6.65,36,5.88080657981
1,5,6.65,37,5.92324237062
1,5,6.65,38,5.9611621053
1,5,6.65,39,6.00070245699
1,5,6.65,40,6.04037294642
1,5,6.65,41,6.07868652153
1,5,6.65,42,6.11720972625
1,5,6.65,43,6.15669631515
1,5,6.65,44,6.19417842312
1,5,6.65,45,6.23156189811
1,5,6.65,46,6.27060463874
1,5,6.65,47,6.3087921966
1,5,6.65,48,6.34793793528
1,5,6.65,49,6.38419621457
1,5,6.65,50,6.42178501428
1,5,6.65,51,6.45739929854
1,5,6.65,52,6.48623498594
1,5,6.65,53,6.51431933963
1,5,6.65,54,6.543833403
1,5,6.65,55,6.57630124356
1,5,6.65,56,6.61111581329
1,5,6.65,57,6.64971649394
1,5,6.65,58,6.69074984058
1,5,6.65,59,6.7336520526
1,5,6.65,60,6.77735887541
1,5,6.65,61,6.82027558098
1,5,6.65,62,6.86044867034
1,5,6.65,63,6.89734226658
1,5,6.65,64,6.92768222323
1,5,6.65,65,6.95425477946
1,5,6.65,66,6.98388566623
1,5,6.65,67,7.01225239935
1,5,6.65,68,7.03773715427
1,5,6.65,69,7.05881756367
1,5,6.65,70,7.07944230881
1,5,6.65,71,7.10012982087
1,5,6.65,72,7.12643595603
1,5,6.65,73,7.15537477834
1,5,6.65,74,7.1857341627
1,5,6.65,75,7.2225059157
1,5,6.65,76,7.26236600615
1,5,6.65,77,7.30575621805
1,5,6.65,78,7.34714965047
1,5,6.65,79,7.38406153019
1,5,6.65,80,7.41392863366
1,5,6.65,81,7.44122412618
1,5,6.65,82,7.46540577936
1,5,6.65,83,7.48589448693
1,5,6.65,84,7.5102154043
1,5,6.65,85,7.53729897135
1,5,6.65,86,7.56602065242
1,5,6.65,87,7.59884393323
1,5,6.65,88,7.63527580854
1,5,6.65,89,7.66915336878
1,5,6.65,90,7.70687553674
1,5,6.65,91,7.7413255048
1,5,6.65,92,7.76869613499
1,5,6.65,93,7.79794773734
1,5,6.65,94,7.82864013822
1,5,6.65,95,7.86179279136
1,5,6.65,96,7.89069147952
1,5,6.65,97,7.91981541461
1,5,6.65,98,7.94738198212
1,5,6.65,99,7.97493925705
1,5,6.65,100,8.0009816289
1,5,6.65,101,8.02587418329
1,5,6.65,102,8.05021747037
1,5,6.65,103,8.07657155298
1,5,6.65,104,8.10480448998
1,5,6.65,105,8.13227636169
1,5,6.65,106,8.1602553827
1,5,6.65,107,8.186264032
1,5,6.65,108,8.21039808907
1,5,6.65,109,8.23006453854
1,5,6.65,110,8.24490021453
1,5,6.65,111,8.26286520018
1,5,6.65,112,8.28088781206
1,5,6.65,113,8.29403045137
1,5,6.65,114,8.30843655668
1,5,6.65,115,8.32155745657
1,5,6.65,116,8.3301417986
1,5,6.65,117,8.33053494362
1,5,6.65,118,8.32235370677
1,5,6.65,119,8.31339106648
1,5,6.65,120,8.30328520429
1,5,6.65,121,8.29459512098
1,5,6.65,122,8.28378150381
1,5,6.65,123,8.26481826614
1,5,6.65,124,8.24561648717
1,5,6.65,125,8.22254618478
1,5,6.65,126,8.20266759486
1,5,6.65,127,8.18471744223
1,5,6.65,128,8.16217204743
1,5,6.65,129,8.14028277684
1,5,6.65,130,8.11451293894
1,5,6.65,131,8.08431265924
1,5,6.65,132,8.06203480995
1,5,6.65,133,8.03854826111
1,5,6.65,134,8.01791947329
1,5,6.65,135,7.99541132672
1,5,6.65,136,7.97530273118
1,5,6.65,137,7.95617317997
1,5,6.65,138,7.94217806898
1,5,6.65,139,7.92737354183
1,5,6.65,140,7.91366299916
1,5,6.65,141,7.89905472213
1,5,6.65,142,7.88142389401
1,5,6.65,143,7.86274511482
1,5,6.65,144,7.84101367499
1,5,6.65,145,7.81683642846
1,5,6.65,146,7.79518129483
1,5,6.65,147,7.77701461493
1,5,6.65,148,7.76640671791
1,5,6.65,149,7.75404032185
1,5,6.65,150,7.74061244541
1,5,6.65,151,7.7273554531
1,5,6.65,152,7.71946095093
1,5,6.65,153,7.71571224258
1,5,6.65,154,7.71215170056
1,5,6.65,155,7.70713645573
1,5,6.65,156,7.69825242919
1,5,6.65,157,7.68367307651
1,5,6.65,158,7.66451400067
1,5,6.65,159,7.64335890907
1,5,6.65,160,7.62365161377
1,5,6.65,161,7.59940470486
1,5,6.65,162,7.57468223162
1,5,6.65,163,7.54901422239
1,5,6.65,164,7.51918948779
1,5,6.65,165,7.4886395034
1,5,6.65,166,7.46134171871
1,5,6.65,167,7.4364305659
1,5,6.65,168,7.41316648361
1,5,6.65,169,7.38524657274
1,5,6.65,170,7.35891077014
1,5,6.65,171,7.3310018985
1,5,6.65,172,7.30544897228
1,5,6.65,173,7.28156031666
1,5,6.65,174,7.2623218583
1,5,6.65,175,7.2455078736
1,5,6.65,176,7.23128008277
1,5,6.65,177,7.21576353681
1,5,6.65,178,7.20017419343
1,5,6.65,179,7.19000594499
1,5,6.65,180,7.1799074851
1,5,6.65,181,7.16739923043
1,5,6.65,182,7.1548071951
1,5,6.65,183,7.13831309026
1,5,6.65,184,7.11994187237
1,5,6.65,185,7.09925561205
1,5,6.65,186,7.07459069621
1,5,6.65,187,7.04429977473
1,5,6.65,188,7.01056404749
1,5,6.65,189,6.97462353284
1,5,6.65,190,6.94077277381
1,5,6.65,191,6.90325800256
1,5,6.65,192,6.86622026598
1,5,6.65,193,6.82792719901
1,5,6.65,194,6.78827694332
1,5,6.65,195,6.74689120311
1,5,6.65,196,6.70937055417
1,5,6.65,197,6.67012678241
1,5,6.65,198,6.63136778877
1,5,6.65,199,6.59374822966
1,5,6.65,200,6.55702630781
1,5,6.65,201,6.52644963411
1,5,6.65,202,6.49772135002
1,5,6.65,203,6.47718831169
1,5,6.65,204,6.45391993628
1,5,6.65,205,6.42609903904
1,5,6.65,206,6.39902248368
1,5,6.65,207,6.37774855596
1,5,6.65,208,6.3569729573
1,5,6.65,209,6.34310214739
1,5,6.65,210,6.33273354872
1,5,6.65,211,6.32133430153
1,5,6.65,212,6.30575748399
1,5,6.65,213,6.29254501899
1,5,6.65,214,6.28619888009
1,5,6.65,215,6.27921989839
1,5,6.65,216,6.27139052114
1,5,6.65,217,6.26108019578
1,5,6.65,218,6.24401285389
1,5,6.65,219,6.22454220456
1,5,6.65,220,6.20424036654
1,5,6.65,221,6.18287439579
1,5,6.65,222,6.16019219307
1,5,6.65,223,6.13973129451
1,5,6.65,224,6.11954009302
1,5,6.65,225,6.1021513147
1,5,6.65,226,6.08756263925
1,5,6.65,227,6.07236713274
1,5,6.65,228,6.05669242204
1,5,6.65,229,6.04100597625
1,5,6.65,230,6.0275216571
1,5,6.65,231,6.0191565668
1,5,6.65,232,6.00909999894
1,5,6.65,233,5.99957537804
1,5,6.65,234,5.99146805545
1,5,6.65,235,5.98543070525
1,5,6.65,236,5.97797669143
1,5,6.65,237,5.96355524298
1,5,6.65,238,5.94936824535
1,5,6.65,239,5.93532363284
1,5,6.65,240,5.91813132187
1,5,6.65,241,5.90474664437
1,5,6.65,242,5.89263960094
1,5,6.65,243,5.88427240655
1,5,6.65,244,5.87696134034
1,5,6.65,245,5.87533837022
1,5,6.65,246,5.87123779541
1,5,6.65,247,5.86803740881
1,5,6.65,248,5.86210789822
1,5,6.65,249,5.85418404338
1,5,6.65,250,5.84617130204
1,5,6.65,251,5.84001894343
1,5,6.65,252,5.83783546313
1,5,6.65,253,5.8399092918
1,5,6.65,254,5.84615923512
1,5,6.65,255,5.85260462157
1,5,6.65,256,5.8562184174
1,5,6.65,257,5.86212018913
1,5,6.65,258,5.86573557313
1,5,6.65,259,5.86367981774
1,5,6.65,260,5.85878110933
1,5,6.65,261,5.85008870018
1,5,6.65,262,5.84322111639
1,5,6.65,263,5.83649530341
1,5,6.65,264,5.83083009388
1,5,6.65,265,5.82058451456
1,5,6.65,266,5.80539269636
1,5,6.65,267,5.7876223364
1,5,6.65,268,5.77344450062
1,5,6.65,269,5.75863664902
1,5,6.65,270,5.74642574609
1,5,6.65,271,5.73209509
1,5,6.65,272,5.71616312026
1,5,6.65,273,5.69703136451
1,5,6.65,274,5.67666190753
1,5,6.65,275,5.65518792992
1,5,6.65,276,5.6375487425
1,5,6.65,277,5.62484594975
1,5,6.65,278,5.61572961945
1,5,6.65,279,5.60654941385
1,5,6.65,280,5.60103414537
1,5,6.65,281,5.59648083603
1,5,6.65,282,5.59469889222
1,5,6.65,283,5.59593798174
1,5,6.65,284,5.59668977663
1,5,6.65,285,5.59541036119
1,5,6.65,286,5.6014989533
1,5,6.65,287,5.60981716431
1,5,6.65,288,5.61814014052
1,5,6.65,289,5.62617272484
1,5,6.65,290,5.63179001102
1,5,6.65,291,5.64306635394
1,5,6.65,292,5.65995765556
1,5,6.65,293,5.68001813345
1,5,6.65,294,5.70104207797
1,5,6.65,295,5.71933465409
1,5,6.65,296,5.73367364993
1,5,6.65,297,5.74601793985
1,5,6.65,298,5.76094903856
1,5,6.65,299,5.77665029155
1,5,6.65,300,5.79621560551
1,5,6.65,301,5.81858603736
1,5,6.65,302,5.84850350633
1,5,6.65,303,5.88198713599
1,5,6.65,304,5.91757982737
1,5,6.65,305,5.95386718919
1,5,6.65,306,5.98836602099
1,5,6.65,307,6.02500995093
1,5,6.65,308,6.06844351488
1,5,6.65,309,6.1131132948
1,5,6.65,310,6.1604113181
1,5,6.65,311,6.20228129376
1,5,6.65,312,6.24338576276
1,5,6.65,313,6.28764354807
1,5,6.65,314,6.32827928781
1,5,6.65,315,6.3697392025
1,5,6.65,316,6.41098463554
1,5,6.65,317,6.45043893635
1,5,6.65,318,6.48410484437
1,5,6.65,319,6.52285454921
1,5,6.65,320,6.56459335571
1,5,6.65,321,6.60959070425
1,5,6.65,322,6.65541063125
1,5,6.65,323,6.69534078954
1,5,6.65,324,6.73866678839
1,5,6.65,325,6.78138198216
1,5,6.65,326,6.82302736446
1,5,6.65,327,6.86615848766
1,5,6.65,328,6.91230348977
1,5,6.65,329,6.9594864662
1,5,6.65,330,7.01148872847
1,5,6.65,331,7.06079492783
1,5,6.65,332,7.10991479215
1,5,6.65,333,7.15779264123
1,5,6.65,334,7.20190841036
1,5,6.65,335,7.24499704637
1,5,6.65,336,7.2876203031
1,5,6.65,337,7.33059814257
1,5,6.65,338,7.36859081869
1,5,6.65,339,7.4017486429
1,5,6.65,340,7.43872020143
1,5,6.65,341,7.47325360023
1,5,6.65,342,7.49828024098
1,5,6.65,343,7.52225413628
1,5,6.65,344,7.54427357242
1,5,6.65,345,7.56787707132
1,5,6.65,346,7.58878132592
1,5,6.65,347,7.60654520022
1,5,6.65,348,7.62321750516
1,5,6.65,349,7.63772511271
1,5,6.65,350,7.64848807614
1,5,6.65,351,7.66173408751
1,5,6.65,352,7.68049401245
1,5,6.65,353,7.69500226403
1,5,6.65,354,7.71244927562
1,5,6.65,355,7.73607388002
1,5,6.65,356,7.76101513091
1,5,6.65,357,7.78408331267
1,5,6.65,358,7.80573896626
1,5,6.65,359,7.82325575879
1,5,6.65,360,7.83984067981
1,5,6.65,361,7.85931193966
1,5,6.65,362,7.87714308675
1,5,6.65,363,7.89833814972
1,5,6.65,364,7.92246959103
1,5,6.65,365,7.94180788151
1,5,6.65,366,7.96009512101
1,5,6.65,367,7.97715585075
1,5,6.65,368,7.99570926671
1,5,6.65,369,8.01730381437
1,5,6.65,370,8.03856687689
1,5,6.65,371,8.05841538531
1,5,6.65,372,8.07650918821
1,5,6.65,373,8.09301372135
1,5,6.65,374,8.10933815152
1,5,6.65,375,8.11891662752
1,5,6.65,376,8.12898981341
1,5,6.65,377,8.14150058604
1,5,6.65,378,8.15245100629
1,5,6.65,379,8.16794155919
1,5,6.65,380,8.18365208117
1,5,6.65,381,8.19319093812
1,5,6.65,382,8.20347937912
1,5,6.65,383,8.20731275426
1,5,6.65,384,8.21321351752
1,5,6.65,385,8.21900103909
1,5,6.65,386,8.2194238489
1,5,6.65,387,8.2143544362
1,5,6.65,388,8.2082456267
1,5,6.65,389,8.20136295494
1,5,6.65,390,8.2009175871
1,5,6.65,391,8.19983619673
1,5,6.65,392,8.19627047087
1,5,6.65,393,8.19176983882
1,5,6.65,394,8.18602169422
1,5,6.65,395,8.18413167626
1,5,6.65,396,8.19280176409
1,5,6.65,397,8.20104721096
1,5,6.65,398,8.21355107313
1,5,6.65,399,8.22435269376
1,5,6.65,400,8.23546136873
1,5,6.65,401,8.24304053433
1,5,6.65,402,8.25212246969
1,5,6.65,403,8.26203505162
1,5,6.65,404,8.27293846088
1,5,6.65,405,8.28444303816
1,5,6.65,406,8.29784605886
1,5,6.65,407,8.31114090873
1,5,6.65,408,8.31938818238
1,5,6.65,409,8.32480873648
1,5,6.65,410,8.32837827633
1,5,6.65,411,8.33075947854
1,5,6.65,412,8.32967634643
1,5,6.65,413,8.32480882296
1,5,6.65,414,8.31727278574
1,5,6.65,415,8.31131234377
1,5,6.65,416,8.30295118776
1,5,6.65,417,8.29368433379
1,5,6.65,418,8.28051834553
1,5,6.65,419,8.26586086498
1,5,6.65,420,8.25023412209
1,5,6.65,421,8.22704075541
1,5,6.65,422,8.20296409771
1,5,6.65,423,8.17923559216
1,5,6.65,424,8.15628154
1,5,6.65,425,8.13382548729
1,5,6.65,426,8.10992592517
1,5,6.65,427,8.0856173993
1,5,6.65,428,8.06420765512
1,5,6.65,429,8.04589966448
1,5,6.65,430,8.02951146907
1,5,6.65,431,8.01751769657
1,5,6.65,432,8.00814676302
1,5,6.65,433,7.99698984527
1,5,6.65,434,7.98684175155
1,5,6.65,435,7.97437570536
1,5,6.65,436,7.95901951741
1,5,6.65,437,7.93961914074
1,5,6.65,438,7.91494784568
1,5,6.65,439,7.88420225581
1,5,6.65,440,7.84898779407
1,5,6.65,441,7.80999709856
1,5,6.65,442,7.76567670719
1,5,6.65,443,7.7149927108
1,5,6.65,444,7.66418077056
1,5,6.65,445,7.62059168048
1,5,6.65,446,7.58690006327
1,5,6.65,447,7.55243043811
1,5,6.65,448,7.52099835084
1,5,6.65,449,7.49449217842
1,5,6.65,450,7.47273971792
1,5,6.65,451,7.45181905405
1,5,6.65,452,7.42795151328
1,5,6.65,453,7.40180039761
1,5,6.65,454,7.38122737197
1,5,6.65,455,7.3612240816
1,5,6.65,456,7.33798831603
1,5,6.65,457,7.31617719775
1,5,6.65,458,7.29748603201
1,5,6.65,459,7.28498054954
1,5,6.65,460,7.27276164869
1,5,6.65,461,7.26087163726
1,5,6.65,462,7.25256320008
1,5,6.65,463,7.24232859752
1,5,6.65,464,7.234795468
1,5,6.65,465,7.2240757933
1,5,6.65,466,7.21808826753
1,5,6.65,467,7.2174710535
1,5,6.65,468,7.21451948063
1,5,6.65,469,7.21077014936
1,5,6.65,470,7.21019029336
1,5,6.65,471,7.21346097173
1,5,6.65,472,7.21666710867
1,5,6.65,473,7.22078231611
1,5,6.65,474,7.23237564153
1,5,6.65,475,7.23981296175
1,5,6.65,476,7.24534535889
1,5,6.65,477,7.24764327935
1,5,6.65,478,7.24823889813
1,5,6.65,479,7.24824134
1,5,6.65,480,7.25274433905
1,5,6.65,481,7.26099293542
1,5,6.65,482,7.27249911611
1,5,6.65,483,7.28063505357
1,5,6.65,484,7.28630851477
1,5,6.65,485,7.28836718654
1,5,6.65,486,7.28271087373
1,5,6.65,487,7.27627546226
1,5,6.65,488,7.26324435356
1,5,6.65,489,7.24815114747
1,5,6.65,490,7.23060628752
1,5,6.65,491,7.21581880357
1,5,6.65,492,7.20247853634
1,5,6.65,493,7.18715907798
1,5,6.65,494,7.17160820054
1,5,6.65,495,7.14964118816
1,5,6.65,496,7.12431786478
1,5,6.65,497,7.0983025928
1,5,6.65,498,7.07276841935
1,5,6.65,499,7.04282634199
1,5,6.65,500,7.0113057523
1,5,6.65,501,6.97673548973
1,5,6.65,502,6.9432011578
1,5,6.65,503,6.91349193976
1,5,6.65,504,6.89135512372
1,5,6.65,505,6.86632627868
1,5,6.65,506,6.83962242283
1,5,6.65,507,6.81277923455
1,5,6.65,508,6.78768170644
1,5,6.65,509,6.76617251125
1,5,6.65,510,6.74521319446
1,5,6.65,511,6.72721099344
1,5,6.65,512,6.7128456457
1,5,6.65,513,6.69674284982
1,5,6.65,514,6.67450325892
1,5,6.65,515,6.64850192318
1,5,6.65,516,6.62044776565
1,5,6.65,517,6.58743535502
1,5,6.65,518,6.55366899821
1,5,6.65,519,6.51867121239
1,5,6.65,520,6.48442618687
1,5,6.65,521,6.45471480231
1,5,6.65,522,6.43016330227
1,5,6.65,523,6.40684001883
1,5,6.65,524,6.37794603186
1,5,6.65,525,6.34917969307
1,5,6.65,526,6.32259159294
1,5,6.65,527,6.29650680114
1,5,6.65,528,6.27386635204
1,5,6.65,529,6.25234046086
1,5,6.65,530,6.23279118595
1,5,6.65,531,6.21049124381
1,5,6.65,532,6.18939461613
1,5,6.65,533,6.17144422959
1,5,6.65,534,6.15701470738
1,5,6.65,535,6.14167116945
1,5,6.65,536,6.12494235396
1,5,6.65,537,6.10699437953
1,5,6.65,538,6.08531363486
1,5,6.65,539,6.06660365705
1,5,6.65,540,6.05413499111
1,5,6.65,541,6.03934660117
1,5,6.65,542,6.02408715347
1,5,6.65,543,6.00995196642
1,5,6.65,544,5.99336635786
1,5,6.65,545,5.97464506123
1,5,6.65,546,5.95997117821
1,5,6.65,547,5.94698036434
1,5,6.65,548,5.93309954071
1,5,6.65,549,5.91723446766
1,5,6.65,550,5.90011479348
1,5,6.65,551,5.88556606461
1,5,6.65,552,5.87184126556
1,5,6.65,553,5.85883639624
1,5,6.65,554,5.85014414152
1,5,6.65,555,5.84078070879
1,5,6.65,556,5.83379287353
1,5,6.65,557,5.82569990068
1,5,6.65,558,5.81890834082
1,5,6.65,559,5.8071303291
1,5,6.65,560,5.78919001821
1,5,6.65,561,5.77619271734
1,5,6.65,562,5.76467222546
1,5,6.65,563,5.75848155822
1,5,6.65,564,5.75915032706
1,5,6.65,565,5.76341100766
1,5,6.65,566,5.77174538394
1,5,6.65,567,5.7865238043
1,5,6.65,568,5.80062444053
1,5,6.65,569,5.81326834733
1,5,6.65,570,5.82933119838
1,5,6.65,571,5.84552913994
1,5,6.65,572,5.85997270506
1,5,6.65,573,5.87698243144
1,5,6.65,574,5.89744508953
1,5,6.65,575,5.92222372114
1,5,6.65,576,5.94853159679
1,5,6.65,577,5.97388660748
1,5,6.65,578,5.99683771632
1,5,6.65,579,6.01852344206
1,5,6.65,580,6.03649277092
1,5,6.65,581,6.05969942453
1,5,6.65,582,6.08279861372
1,5,6.65,583,6.10226912571
1,5,6.65,584,6.12282062786
1,5,6.65,585,6.14512906177
1,5,6.65,586,6.1658710642
1,5,6.65,587,6.18107626896
1,5,6.65,588,6.19440879857
1,5,6.65,589,6.20763625995
1,5,6.65,590,6.22307012423
1,5,6.65,591,6.24036373914
1,5,6.65,592,6.25257468887
1,5,6.65,593,6.26920512851
1,5,6.65,594,6.28647349361
1,5,6.65,595,6.30612064309
1,5,6.65,596,6.32962586512
1,5,6.65,597,6.3535755847
1,5,6.65,598,6.37464138697
1,5,6.65,599,6.39551019059
1,5,6.65,600,6.41732518696
1,5,6.65,601,6.44198567007
1,5,6.65,602,6.46849681024
1,5,6.65,603,6.49762290205
1,5,6.65,604,6.5257782865
1,5,6.65,605,6.55829637756
1,5,6.65,606,6.59098854547
1,5,6.65,607,6.62225785046
1,5,6.65,608,6.65762647975
1,5,6.65,609,6.692573771
1,5,6.65,610,6.72698747509
1,5,6.65,611,6.75982683957
1,5,6.65,612,6.78922155871
1,5,6.65,613,6.81453909096
1,5,6.65,614,6.83176373912
1,5,6.65,615,6.84681911098
1,5,6.65,616,6.85936431619
1,5,6.65,617,6.8701417803
1,5,6.65,618,6.87974838597
1,5,6.65,619,6.89349445017
1,5,6.65,620,6.90377664983
1,5,6.65,621,6.90564933117
1,5,6.65,622,6.90324357169
1,5,6.65,623,6.90311241888
1,5,6.65,624,6.89736067277
1,5,6.65,625,6.89091794117
1,5,6.65,626,6.89007517991
1,5,6.65,627,6.89220301533
1,5,6.65,628,6.89050295356
1,5,6.65,629,6.89061255098
1,5,6.65,630,6.88766606926
1,5,6.65,631,6.8781076207
1,5,6.65,632,6.8697596058
1,5,6.65,633,6.86154119991
1,5,6.65,634,6.85435104914
1,5,6.65,635,6.8474045386
1,5,6.65,636,6.84197230301
1,5,6.65,637,6.83289410881
1,5,6.65,638,6.82292457292
1,5,6.65,639,6.81086992711
1,5,6.65,640,6.80104155624
1,5,6.65,641,6.79171552511
1,5,6.65,642,6.77961749957
1,5,6.65,643,6.76800074877
1,5,6.65,644,6.75817699541
1,5,6.65,645,6.75157125799
1,5,6.65,646,6.74116994508
1,5,6.65,647,6.72577966091
1,5,6.65,648,6.71033173139
1,5,6.65,649,6.69146792215
1,5,6.65,650,6.6725587048
1,5,6.65,651,6.65561308232
1,5,6.65,652,6.63993771627
1,5,6.65,653,6.62488904107
1,5,6.65,654,6.60836070105
1,5,6.65,655,6.59698953126
1,5,6.65,656,6.58420001463
1,5,6.65,657,6.57112165318
1,5,6.65,658,6.55889470164
1,5,6.65,659,6.54654526049
1,5,6.65,660,6.53540559343
1,5,6.65,661,6.52825130505
1,5,6.65,662,6.52845060063
1,5,6.65,663,6.52266364685
1,5,6.65,664,6.51524832566
1,5,6.65,665,6.51198040164
1,5,6.65,666,6.51233445304
1,5,6.65,667,6.51527979192
1,5,6.65,668,6.51944065789
1,5,6.65,669,6.5221946292
1,5,6.65,670,6.52627079178
1,5,6.65,671,6.53032524743
1,5,6.65,672,6.53479070202
1,5,6.65,673,6.53862849093
1,5,6.65,674,6.54661664725
1,5,6.65,675,6.55478595375
1,5,6.65,676,6.56221228603
1,5,6.65,677,6.57507253894
1,5,6.65,678,6.58941744439
1,5,6.65,679,6.60834026033
1,5,6.65,680,6.62843413894
1,5,6.65,681,6.64740064356
1,5,6.65,682,6.65916999555
1,5,6.65,683,6.66943844937
1,5,6.65,684,6.68260127796
1,5,6.65,685,6.70246277589
1,5,6.65,686,6.72259961035
1,5,6.65,687,6.73890379068
1,5,6.65,688,6.75166554315
1,5,6.65,689,6.76533931146
1,5,6.65,690,6.77919438213
1,5,6.65,691,6.79423913208
1,5,6.65,692,6.80564074404
1,5,6.65,693,6.81558291382
1,5,6.65,694,6.82853430637
1,5,6.65,695,6.83791648726
1,5,6.65,696,6.8407444974
1,5,6.65,697,6.84357743279
1,5,6.65,698,6.84981053506
1,5,6.65,699,6.85328783807
1,5,6.65,700,6.85570291811
1,5,6.65,701,6.85676902338
1,5,6.65,702,6.853941255
1,5,6.65,703,6.850838698
1,5,6.65,704,6.84204717513
1,5,6.65,705,6.83606924073
1,5,6.65,706,6.83400009957
1,5,6.65,707,6.83431170999
1,5,6.65,708,6.83649325726
1,5,6.65,709,6.83186025332
1,5,6.65,710,6.82473715611
1,5,6.65,711,6.81820182727
1,5,6.65,712,6.81074488567
1,5,6.65,713,6.79802808953
1,5,6.65,714,6.78906507227
1,5,6.65,715,6.78008132014
1,5,6.65,716,6.77752153152
1,5,6.65,717,6.77450885914
1,5,6.65,718,6.76439060541
1,5,6.65,719,6.7502756864
1,5,6.65,720,6.73634966995
1,5,6.65,721,6.72354239725
1,5,6.65,722,6.70965335295
1,5,6.65,723,6.69855503829
1,5,6.65,724,6.6908852173
1,5,6.65,725,6.68515308012
1,5,6.65,726,6.68235902374
1,5,6.65,727,6.68156706288
1,5,6.65,728,6.67687787865
1,5,6.65,729,6.67290941355
1,5,6.65,730,6.67073137467
1,5,6.65,731,6.66481932154
1,5,6.65,732,6.65496301344
1,5,6.65,733,6.64645122053
1,5,6.65,734,6.64214171113
1,5,6.65,735,6.64169242566
1,5,6.65,736,6.64331893917
1,5,6.65,737,6.64081405551
1,5,6.65,738,6.64073291471
1,5,6.65,739,6.6452650678
1,5,6.65,740,6.65277349661
1,5,6.65,741,6.66678317402
1,5,6.65,742,6.68625375794
1,5,6.65,743,6.70422791179
1,5,6.65,744,6.71500654163
1,5,6.65,745,6.72126038611
1,5,6.65,746,6.72424015211
1,5,6.65,747,6.72690720933
1,5,6.65,748,6.72964495485
1,5,6.65,749,6.72656350483
1,5,6.65,750,6.71965694522
1,5,6.65,751,6.71171650711
1,5,6.65,752,6.70180647461
1,5,6.65,753,6.69001726947
1,5,6.65,754,6.67612182069
1,5,6.65,755,6.66882868055
1,5,6.65,756,6.66580508822
1,5,6.65,757,6.66057288389
1,5,6.65,758,6.6511470616
1,5,6.65,759,6.63752569464
1,5,6.65,760,6.61929102765
1,5,6.65,761,6.60303111352
1,5,6.65,762,6.59107621391
1,5,6.65,763,6.58419292675
1,5,6.65,764,6.57245386873
1,5,6.65,765,6.55883938662
1,5,6.65,766,6.54384755742
1,5,6.65,767,6.53061419581
1,5,6.65,768,6.51760009515
1,5,6.65,769,6.50758484618
1,5,6.65,770,6.50357156815
1,5,6.65,771,6.50293237044
1,5,6.65,772,6.50137419332
1,5,6.65,773,6.50117799949
1,5,6.65,774,6.49758839705
1,5,6.65,775,6.491922696
1,5,6.65,776,6.48806587807
1,5,6.65,777,6.48876786321
1,5,6.65,778,6.48955936879
1,5,6.65,779,6.49179664134
1,5,6.65,780,6.49483572568
1,5,6.65,781,6.49496363837
1,5,6.65,782,6.49725737471
1,5,6.65,783,6.50155042966
1,5,6.65,784,6.50676577173
1,5,6.65,785,6.50848802471
1,5,6.65,786,6.51160550717
1,5,6.65,787,6.51573237163
1,5,6.65,788,6.5207046189
1,5,6.65,789,6.52614855947
1,5,6.65,790,6.52995995568
1,5,6.65,791,6.53044842273
1,5,6.65,792,6.53235910385
1,5,6.65,793,6.53816423869
1,5,6.65,794,6.54819655596
1,5,6.65,795,6.56320206918
1,5,6.65,796,6.57261180732
1,5,6.65,797,6.57690901656
1,5,6.65,798,6.57967800625
1,5,6.65,799,6.5832453811
1,6,7.3,0,7.92948428205
1,6,7.3,1,7.91714708762
1,6,7.3,2,7.89792623387
1,6,7.3,3,7.87660071866
1,6,7.3,4,7.85523484249
1,6,7.3,5,7.83257126017
1,6,7.3,6,7.80789491543
1,6,7.3,7,7.77862464491
1,6,7.3,8,7.75209359578
1,6,7.3,9,7.72690879105
1,6,7.3,10,7.702169258
1,6,7.3,11,7.68431744919
1,6,7.3,12,7.67052601515
1,6,7.3,13,7.65705270942
1,6,7.3,14,7.64588868753
1,6,7.3,15,7.63883722906
1,6,7.3,16,7.63750507677
1,6,7.3,17,7.63791960527
1,6,7.3,18,7.63954196049
1,6,7.3,19,7.64251993465
1,6,7.3,20,7.64851257029
1,6,7.3,21,7.65338484084
1,6,7.3,22,7.6601879426
1,6,7.3,23,7.66860151239
1,6,7.3,24,7.67556199399
1,6,7.3,25,7.68265513675
1,6,7.3,26,7.69217370163
1,6,7.3,27,7.70059754301
1,6,7.3,28,7.70870809026
1,6,7.3,29,7.71602516027
1,6,7.3,30,7.72572747275
1,6,7.3,31,7.74079366033
1,6,7.3,32,7.75784197981
1,6,7.3,33,7.77581659933
1,6,7.3,34,7.79625872647
1,6,7.3,35,7.81914188416
1,6,7.3,36,7.83637065089
1,6,7.3,37,7.85195416361
1,6,7.3,38,7.86453509569
1,6,7.3,39,7.88003044182
1,6,7.3,40,7.8937692152
1,6,7.3,41,7.90931709253
1,6,7.3,42,7.9291374084
1,6,7.3,43,7.94745387248
1,6,7.3,44,7.96098513528
1,6,7.3,45,7.97780640341
1,6,7.3,46,7.99520938707
1,6,7.3,47,8.01286577487
1,6,7.3,48,8.03444192177
1,6,7.3,49,8.06050850908
1,6,7.3,50,8.08228896474
1,6,7.3,51,8.10528163903
1,6,7.3,52,8.12404687171
1,6,7.3,53,8.13523991549
1,6,7.3,54,8.14586278403
1,6,7.3,55,8.15520455617
1,6,7.3,56,8.16509783944
1,6,7.3,57,8.17737292674
1,6,7.3,58,8.18952342224
1,6,7.3,59,8.19814313058
1,6,7.3,60,8.20486135743
1,6,7.3,61,8.20651436915
1,6,7.3,62,8.20451668881
1,6,7.3,63,8.20250992838
1,6,7.3,64,8.19818975993
1,6,7.3,65,8.19215062213
1,6,7.3,66,8.18063005078
1,6,7.3,67,8.16507121897
1,6,7.3,68,8.14509922191
1,6,7.3,69,8.12676254574
1,6,7.3,70,8.11174568672
1,6,7.3,71,8.0972550153
1,6,7.3,72,8.08426180859
1,6,7.3,73,8.06753591677
1,6,7.3,74,8.0540950391
1,6,7.3,75,8.04065174487
1,6,7.3,76,8.0257622447
1,6,7.3,77,8.00843695048
1,6,7.3,78,7.99038838825
1,6,7.3,79,7.96708502565
1,6,7.3,80,7.94549131658
1,6,7.3,81,7.92835731209
1,6,7.3,82,7.90901441618
1,6,7.3,83,7.88208686333
1,6,7.3,84,7.8522279289
1,6,7.3,85,7.82534043661
1,6,7.3,86,7.79699579509
1,6,7.3,87,7.76368789348
1,6,7.3,88,7.73299027824
1,6,7.3,89,7.69985877203
1,6,7.3,90,7.6697767928
1,6,7.3,91,7.64551906368
1,6,7.3,92,7.6238336327
1,6,7.3,93,7.60423925838
1,6,7.3,94,7.58586204934
1,6,7.3,95,7.56511202752
1,6,7.3,96,7.54567083155
1,6,7.3,97,7.52505857135
1,6,7.3,98,7.50411064761
1,6,7.3,99,7.48296909193
1,6,7.3,100,7.46244335555
1,6,7.3,101,7.44043391311
1,6,7.3,102,7.42098334957
1,6,7.3,103,7.40094547914
1,6,7.3,104,7.38506702994
1,6,7.3,105,7.37018508245
1,6,7.3,106,7.35260888432
1,6,7.3,107,7.33586603064
1,6,7.3,108,7.31760590884
1,6,7.3,109,7.29664354333
1,6,7.3,110,7.26938987333
1,6,7.3,111,7.23952814789
1,6,7.3,112,7.21331198739
1,6,7.3,113,7.18750060259
1,6,7.3,114,7.16109265125
1,6,7.3,115,7.13665998854
1,6,7.3,116,7.11347127631
1,6,7.3,117,7.09258530774
1,6,7.3,118,7.07624967677
1,6,7.3,119,7.059950944
1,6,7.3,120,7.03707728759
1,6,7.3,121,7.01416186119
1,6,7.3,122,6.99259397235
1,6,7.3,123,6.97257010566
1,6,7.3,124,6.96107969647
1,6,7.3,125,6.95280774848
1,6,7.3,126,6.94988415454
1,6,7.3,127,6.95307247043
1,6,7.3,128,6.95569350301
1,6,7.3,129,6.95905995459
1,6,7.3,130,6.96191192643
1,6,7.3,131,6.95750506219
1,6,7.3,132,6.95553750764
1,6,7.3,133,6.9556070341
1,6,7.3,134,6.95582734734
1,6,7.3,135,6.95631244564
1,6,7.3,136,6.95814679901
1,6,7.3,137,6.9581389407
1,6,7.3,138,6.95766885346
1,6,7.3,139,6.96322627357
1,6,7.3,140,6.96833849589
1,6,7.3,141,6.97145405569
1,6,7.3,142,6.97650635334
1,6,7.3,143,6.98361674886
1,6,7.3,144,6.98835623831
1,6,7.3,145,6.9879555481
1,6,7.3,146,6.98981719833
1,6,7.3,147,6.99567090334
1,6,7.3,148,7.00385192446
1,6,7.3,149,7.01058325245
1,6,7.3,150,7.02085462386
1,6,7.3,151,7.03411221384
1,6,7.3,152,7.04543025834
1,6,7.3,153,7.05668153707
1,6,7.3,154,7.06854670737
1,6,7.3,155,7.08013704073
1,6,7.3,156,7.08985019124
1,6,7.3,157,7.09993933895
1,6,7.3,158,7.11447901688
1,6,7.3,159,7.13172972506
1,6,7.3,160,7.15083138996
1,6,7.3,161,7.17264235997
1,6,7.3,162,7.20293751397
1,6,7.3,163,7.23437384672
1,6,7.3,164,7.26898082476
1,6,7.3,165,7.30644930989
1,6,7.3,166,7.34533983379
1,6,7.3,167,7.38282539385
1,6,7.3,168,7.42088928188
1,6,7.3,169,7.45492658438
1,6,7.3,170,7.49008793067
1,6,7.3,171,7.52945689421
1,6,7.3,172,7.57289757396
1,6,7.3,173,7.61827807948
1,6,7.3,174,7.66416232684
1,6,7.3,175,7.71593227403
1,6,7.3,176,7.76533987532
1,6,7.3,177,7.81127271005
1,6,7.3,178,7.85512732999
1,6,7.3,179,7.89355695466
1,6,7.3,180,7.92698841361
1,6,7.3,181,7.96352371416
1,6,7.3,182,8.00004977026
1,6,7.3,183,8.03105927599
1,6,7.3,184,8.05819650724
1,6,7.3,185,8.09111771038
1,6,7.3,186,8.12281383839
1,6,7.3,187,8.15424503096
1,6,7.3,188,8.19262118137
1,6,7.3,189,8.23166108984
1,6,7.3,190,8.26924812164
1,6,7.3,191,8.30465537529
1,6,7.3,192,8.33849005261
1,6,7.3,193,8.36986783962
1,6,7.3,194,8.39818858549
1,6,7.3,195,8.4234216918
1,6,7.3,196,8.44854471039
1,6,7.3,197,8.46935513763
1,6,7.3,198,8.48857444298
1,6,7.3,199,8.50365068666
1,6,7.3,200,8.51404993752
1,6,7.3,201,8.52164668453
1,6,7.3,202,8.52501488993
1,6,7.3,203,8.52896307339
1,6,7.3,204,8.53642112799
1,6,7.3,205,8.54188881925
1,6,7.3,206,8.54768299431
1,6,7.3,207,8.55062404068
1,6,7.3,208,8.55254895534
1,6,7.3,209,8.55143016941
1,6,7.3,210,8.54911575082
1,6,7.3,211,8.54760890777
1,6,7.3,212,8.54571724466
1,6,7.3,213,8.54249063439
1,6,7.3,214,8.53570972576
1,6,7.3,215,8.52969520366
1,6,7.3,216,8.52319313112
1,6,7.3,217,8.51399327737
1,6,7.3,218,8.50312733638
1,6,7.3,219,8.49305123225
1,6,7.3,220,8.47923666542
1,6,7.3,221,8.46108976118
1,6,7.3,222,8.44433687051
1,6,7.3,223,8.42522536773
1,6,7.3,224,8.40664469326
1,6,7.3,225,8.39258002546
1,6,7.3,226,8.37676203651
1,6,7.3,227,8.35992234702
1,6,7.3,228,8.34466028873
1,6,7.3,229,8.32310403459
1,6,7.3,230,8.29994878618
1,6,7.3,231,8.28347046236
1,6,7.3,232,8.26715782662
1,6,7.3,233,8.25123842894
1,6,7.3,234,8.24031461442
1,6,7.3,235,8.23232821598
1,6,7.3,236,8.22298691385
1,6,7.3,237,8.20995741085
1,6,7.3,238,8.2001372869
1,6,7.3,239,8.19391650104
1,6,7.3,240,8.18475857181
1,6,7.3,241,8.17188086913
1,6,7.3,242,8.15918845373
1,6,7.3,243,8.14599763093
1,6,7.3,244,8.13027591555
1,6,7.3,245,8.10889058884
1,6,7.3,246,8.08515043008
1,6,7.3,247,8.06357852625
1,6,7.3,248,8.03862104859
1,6,7.3,249,8.01064847921
1,6,7.3,250,7.97840082876
1,6,7.3,251,7.9389608359
1,6,7.3,252,7.8970928306
1,6,7.3,253,7.85331648374
1,6,7.3,254,7.81156741744
1,6,7.3,255,7.77397686578
1,6,7.3,256,7.73590073664
1,6,7.3,257,7.69681876568
1,6,7.3,258,7.66416188512
1,6,7.3,259,7.63318079606
1,6,7.3,260,7.59994034635
1,6,7.3,261,7.56601266837
1,6,7.3,262,7.53692999001
1,6,7.3,263,7.50779412224
1,6,7.3,264,7.47654019625
1,6,7.3,265,7.44712671344
1,6,7.3,266,7.42486988073
1,6,7.3,267,7.40192947016
1,6,7.3,268,7.37149372171
1,6,7.3,269,7.33769267075
1,6,7.3,270,7.30450980543
1,6,7.3,271,7.26988625805
1,6,7.3,272,7.24006873392
1,6,7.3,273,7.21558391959
1,6,7.3,274,7.19423650525
1,6,7.3,275,7.1756065051
1,6,7.3,276,7.16202855217
1,6,7.3,277,7.1503872878
1,6,7.3,278,7.14129274765
1,6,7.3,279,7.13455823383
1,6,7.3,280,7.12949674492
1,6,7.3,281,7.12605849807
1,6,7.3,282,7.11742152841
1,6,7.3,283,7.10606765354
1,6,7.3,284,7.09593709632
1,6,7.3,285,7.08528922267
1,6,7.3,286,7.07203239866
1,6,7.3,287,7.05577108497
1,6,7.3,288,7.04024570187
1,6,7.3,289,7.0263286684
1,6,7.3,290,7.00477151306
1,6,7.3,291,6.98606073764
1,6,7.3,292,6.96150456991
1,6,7.3,293,6.93683650065
1,6,7.3,294,6.91351738405
1,6,7.3,295,6.89880062054
1,6,7.3,296,6.88260655445
1,6,7.3,297,6.8669723317
1,6,7.3,298,6.85035125296
1,6,7.3,299,6.83829617446
1,6,7.3,300,6.82837429665
1,6,7.3,301,6.81764086943
1,6,7.3,302,6.81097557522
1,6,7.3,303,6.80616147892
1,6,7.3,304,6.79609088528
1,6,7.3,305,6.7818211467
1,6,7.3,306,6.76826196044
1,6,7.3,307,6.75493240452
1,6,7.3,308,6.74269283198
1,6,7.3,309,6.73381493029
1,6,7.3,310,6.72468561966
1,6,7.3,311,6.71433019987
1,6,7.3,312,6.69604024939
1,6,7.3,313,6.67479154231
1,6,7.3,314,6.64997272551
1,6,7.3,315,6.62464538207
1,6,7.3,316,6.60378940161
1,6,7.3,317,6.58259562545
1,6,7.3,318,6.56412012298
1,6,7.3,319,6.54504980641
1,6,7.3,320,6.52607467915
1,6,7.3,321,6.50957017287
1,6,7.3,322,6.49143679028
1,6,7.3,323,6.47563894009
1,6,7.3,324,6.45769696988
1,6,7.3,325,6.43906818543
1,6,7.3,326,6.41804590719
1,6,7.3,327,6.39559124946
1,6,7.3,328,6.37129880899
1,6,7.3,329,6.34932407619
1,6,7.3,330,6.32734398886
1,6,7.3,331,6.30234053656
1,6,7.3,332,6.27558328669
1,6,7.3,333,6.24436364394
1,6,7.3,334,6.21209825489
1,6,7.3,335,6.17703218655
1,6,7.3,336,6.14515662999
1,6,7.3,337,6.11570122361
1,6,7.3,338,6.08903536862
1,6,7.3,339,6.06690969562
1,6,7.3,340,6.0477782853
1,6,7.3,341,6.02944510801
1,6,7.3,342,6.0097882976
1,6,7.3,343,5.99777933205
1,6,7.3,344,5.99286198981
1,6,7.3,345,5.9943335538
1,6,7.3,346,6.00270353062
1,6,7.3,347,6.00915055907
1,6,7.3,348,6.01716171218
1,6,7.3,349,6.02828789056
1,6,7.3,350,6.03858936085
1,6,7.3,351,6.05030502599
1,6,7.3,352,6.0589295456
1,6,7.3,353,6.06294490417
1,6,7.3,354,6.07130924831
1,6,7.3,355,6.07915785775
1,6,7.3,356,6.08661628261
1,6,7.3,357,6.08970823897
1,6,7.3,358,6.09694120214
1,6,7.3,359,6.10789911896
1,6,7.3,360,6.1175768467
1,6,7.3,361,6.12599100124
1,6,7.3,362,6.13449149822
1,6,7.3,363,6.14123426447
1,6,7.3,364,6.14758746966
1,6,7.3,365,6.14991948304
1,6,7.3,366,6.15496301857
1,6,7.3,367,6.15649005379
1,6,7.3,368,6.16840129051
1,6,7.3,369,6.18997525751
1,6,7.3,370,6.2121564321
1,6,7.3,371,6.22963348577
1,6,7.3,372,6.24676914909
1,6,7.3,373,6.26905837479
1,6,7.3,374,6.29345654724
1,6,7.3,375,6.31564179247
1,6,7.3,376,6.33846185432
1,6,7.3,377,6.36161783818
1,6,7.3,378,6.37800388518
1,6,7.3,379,6.40068289732
1,6,7.3,380,6.41581498051
1,6,7.3,381,6.43041325723
1,6,7.3,382,6.44621390639
1,6,7.3,383,6.46155643214
1,6,7.3,384,6.47767101317
1,6,7.3,385,6.49635789191
1,6,7.3,386,6.51450026872
1,6,7.3,387,6.52684381225
1,6,7.3,388,6.54151317133
1,6,7.3,389,6.55432756464
1,6,7.3,390,6.56857415899
1,6,7.3,391,6.57620735735
1,6,7.3,392,6.58420838035
1,6,7.3,393,6.59439847583
1,6,7.3,394,6.60326477797
1,6,7.3,395,6.61477788497
1,6,7.3,396,6.62762869038
1,6,7.3,397,6.63745534051
1,6,7.3,398,6.65162962498
1,6,7.3,399,6.66461148939
1,6,7.3,400,6.67557003135
1,6,7.3,401,6.68681201266
1,6,7.3,402,6.69250626719
1,6,7.3,403,6.69450711806
1,6,7.3,404,6.70063200204
1,6,7.3,405,6.70769344636
1,6,7.3,406,6.71714378551
1,6,7.3,407,6.72517057273
1,6,7.3,408,6.72940577162
1,6,7.3,409,6.73376967829
1,6,7.3,410,6.73142950567
1,6,7.3,411,6.72349005172
1,6,7.3,412,6.71562918335
1,6,7.3,413,6.70831899694
1,6,7.3,414,6.70338833318
1,6,7.3,415,6.69218319354
1,6,7.3,416,6.67727274473
1,6,7.3,417,6.66387315172
1,6,7.3,418,6.65540693007
1,6,7.3,419,6.64911421004
1,6,7.3,420,6.64759844376
1,6,7.3,421,6.64330668192
1,6,7.3,422,6.63909999693
1,6,7.3,423,6.64061453355
1,6,7.3,424,6.64356760199
1,6,7.3,425,6.64864299431
1,6,7.3,426,6.65555933576
1,6,7.3,427,6.66316803241
1,6,7.3,428,6.6692361943
1,6,7.3,429,6.67579290601
1,6,7.3,430,6.68156357731
1,6,7.3,431,6.69092893856
1,6,7.3,432,6.69863629758
1,6,7.3,433,6.70079067762
1,6,7.3,434,6.70932648869
1,6,7.3,435,6.71907508021
1,6,7.3,436,6.72800273495
1,6,7.3,437,6.73225534555
1,6,7.3,438,6.73077784842
1,6,7.3,439,6.72043495877
1,6,7.3,440,6.70884714949
1,6,7.3,441,6.69659483675
1,6,7.3,442,6.68743375677
1,6,7.3,443,6.68341814962
1,6,7.3,444,6.6823448727
1,6,7.3,445,6.67722053413
1,6,7.3,446,6.66719177676
1,6,7.3,447,6.65350654231
1,6,7.3,448,6.63940783332
1,6,7.3,449,6.63084731732
1,6,7.3,450,6.62482639785
1,6,7.3,451,6.61952056081
1,6,7.3,452,6.61594647869
1,6,7.3,453,6.61388099054
1,6,7.3,454,6.61330442775
1,6,7.3,455,6.61349247772
1,6,7.3,456,6.61528478228
1,6,7.3,457,6.61805206719
1,6,7.3,458,6.62117518263
1,6,7.3,459,6.62354231174
1,6,7.3,460,6.63109221772
1,6,7.3,461,6.63986812217
1,6,7.3,462,6.65363960911
1,6,7.3,463,6.67121759695
1,6,7.3,464,6.68767423375
1,6,7.3,465,6.70125505373
1,6,7.3,466,6.71519827292
1,6,7.3,467,6.73116960081
1,6,7.3,468,6.750323942
1,6,7.3,469,6.77292988207
1,6,7.3,470,6.79184786017
1,6,7.3,471,6.80923191492
1,6,7.3,472,6.8205537889
1,6,7.3,473,6.82957818966
1,6,7.3,474,6.8405988282
1,6,7.3,475,6.85335891314
1,6,7.3,476,6.86605141532
1,6,7.3,477,6.88249455097
1,6,7.3,478,6.90379653533
1,6,7.3,479,6.92743269704
1,6,7.3,480,6.9538287267
1,6,7.3,481,6.98802325323
1,6,7.3,482,7.02454491487
1,6,7.3,483,7.0608377859
1,6,7.3,484,7.09545299966
1,6,7.3,485,7.13028816271
1,6,7.3,486,7.1643705219
1,6,7.3,487,7.19881179588
1,6,7.3,488,7.23573899709
1,6,7.3,489,7.2735295106
1,6,7.3,490,7.30866078628
1,6,7.3,491,7.34633146486
1,6,7.3,492,7.38178474117
1,6,7.3,493,7.41455987595
1,6,7.3,494,7.44497367148
1,6,7.3,495,7.47345288188
1,6,7.3,496,7.5000608381
1,6,7.3,497,7.52346631995
1,6,7.3,498,7.54959051311
1,6,7.3,499,7.57492665329
1,6,7.3,500,7.60008993166
1,6,7.3,501,7.62897015841
1,6,7.3,502,7.659404779
1,6,7.3,503,7.691518137
1,6,7.3,504,7.72325025236
1,6,7.3,505,7.75003888472
1,6,7.3,506,7.77782288125
1,6,7.3,507,7.8063669316
1,6,7.3,508,7.83211503361
1,6,7.3,509,7.85503889033
1,6,7.3,510,7.88455047613
1,6,7.3,511,7.91641885832
1,6,7.3,512,7.94737973104
1,6,7.3,513,7.97879955372
1,6,7.3,514,8.00947123888
1,6,7.3,515,8.03378197821
1,6,7.3,516,8.05074483333
1,6,7.3,517,8.06649018748
1,6,7.3,518,8.08549049677
1,6,7.3,519,8.10155680172
1,6,7.3,520,8.12325397124
1,6,7.3,521,8.14001512681
1,6,7.3,522,8.14727878783
1,6,7.3,523,8.1558099086
1,6,7.3,524,8.1628451643
1,6,7.3,525,8.16834739029
1,6,7.3,526,8.16924422679
1,6,7.3,527,8.1678998209
1,6,7.3,528,8.16114147647
1,6,7.3,529,8.15502473949
1,6,7.3,530,8.15089200781
1,6,7.3,531,8.14380035349
1,6,7.3,532,8.13545855021
1,6,7.3,533,8.12432324428
1,6,7.3,534,8.11327912053
1,6,7.3,535,8.10434803492
1,6,7.3,536,8.0962781686
1,6,7.3,537,8.08681383563
1,6,7.3,538,8.07375851726
1,6,7.3,539,8.05846847107
1,6,7.3,540,8.04189571508
1,6,7.3,541,8.02618398572
1,6,7.3,542,8.01582004335
1,6,7.3,543,8.00802487617
1,6,7.3,544,8.00187829941
1,6,7.3,545,7.99451617766
1,6,7.3,546,7.98761933882
1,6,7.3,547,7.98295952659
1,6,7.3,548,7.97577454768
1,6,7.3,549,7.96710219954
1,6,7.3,550,7.96122599258
1,6,7.3,551,7.95561180228
1,6,7.3,552,7.94744645067
1,6,7.3,553,7.9406308556
1,6,7.3,554,7.9363707485
1,6,7.3,555,7.93695662712
1,6,7.3,556,7.93430471208
1,6,7.3,557,7.93055778664
1,6,7.3,558,7.93237355065
1,6,7.3,559,7.93598533213
1,6,7.3,560,7.9427805374
1,6,7.3,561,7.94962451232
1,6,7.3,562,7.95341155763
1,6,7.3,563,7.95614081708
1,6,7.3,564,7.95991700133
1,6,7.3,565,7.95525265163
1,6,7.3,566,7.94895596258
1,6,7.3,567,7.94293074737
1,6,7.3,568,7.9296393543
1,6,7.3,569,7.91465767905
1,6,7.3,570,7.89619252055
1,6,7.3,571,7.87718868528
1,6,7.3,572,7.86142260774
1,6,7.3,573,7.85110533051
1,6,7.3,574,7.84429109083
1,6,7.3,575,7.84258365647
1,6,7.3,576,7.84227613241
1,6,7.3,577,7.83920052041
1,6,7.3,578,7.82949039942
1,6,7.3,579,7.82266560068
1,6,7.3,580,7.81856018362
1,6,7.3,581,7.81641474667
1,6,7.3,582,7.81682813008
1,6,7.3,583,7.81075633503
1,6,7.3,584,7.80244029785
1,6,7.3,585,7.79768806828
1,6,7.3,586,7.79651164672
1,6,7.3,587,7.79191446535
1,6,7.3,588,7.78875055101
1,6,7.3,589,7.79135320657
1,6,7.3,590,7.7901202325
1,6,7.3,591,7.78932081754
1,6,7.3,592,7.78777487467
1,6,7.3,593,7.78785924103
1,6,7.3,594,7.7909058165
1,6,7.3,595,7.79151162478
1,6,7.3,596,7.78678351207
1,6,7.3,597,7.78270913671
1,6,7.3,598,7.78383265696
1,6,7.3,599,7.78338466314
1,6,7.3,600,7.78009918225
1,6,7.3,601,7.77577266824
1,6,7.3,602,7.76470613266
1,6,7.3,603,7.75432553253
1,6,7.3,604,7.74771711672
1,6,7.3,605,7.73821999717
1,6,7.3,606,7.72700076047
1,6,7.3,607,7.71622367592
1,6,7.3,608,7.70368985444
1,6,7.3,609,7.69511892447
1,6,7.3,610,7.68558991096
1,6,7.3,611,7.67438607308
1,6,7.3,612,7.66315387196
1,6,7.3,613,7.65059639108
1,6,7.3,614,7.64388679548
1,6,7.3,615,7.64391740765
1,6,7.3,616,7.64148499736
1,6,7.3,617,7.6387946605
1,6,7.3,618,7.63517605616
1,6,7.3,619,7.63302143616
1,6,7.3,620,7.62840850681
1,6,7.3,621,7.62706751011
1,6,7.3,622,7.62920520647
1,6,7.3,623,7.63110505098
1,6,7.3,624,7.63199693647
1,6,7.3,625,7.63339774689
1,6,7.3,626,7.62995704265
1,6,7.3,627,7.62818795833
1,6,7.3,628,7.62863822495
1,6,7.3,629,7.6276236229
1,6,7.3,630,7.63310964607
1,6,7.3,631,7.63900946988
1,6,7.3,632,7.64480615754
1,6,7.3,633,7.64545077856
1,6,7.3,634,7.64480590375
1,6,7.3,635,7.64103176939
1,6,7.3,636,7.62971072159
1,6,7.3,637,7.61947386486
1,6,7.3,638,7.60982951431
1,6,7.3,639,7.59864948794
1,6,7.3,640,7.58711105348
1,6,7.3,641,7.57853278025
1,6,7.3,642,7.57383346154
1,6,7.3,643,7.57090124795
1,6,7.3,644,7.56362209864
1,6,7.3,645,7.55247783771
1,6,7.3,646,7.54522197538
1,6,7.3,647,7.5363167269
1,6,7.3,648,7.52700266619
1,6,7.3,649,7.52881332235
1,6,7.3,650,7.53377482466
1,6,7.3,651,7.53863847317
1,6,7.3,652,7.54470679324
1,6,7.3,653,7.54739848804
1,6,7.3,654,7.55203978838
1,6,7.3,655,7.55731830798
1,6,7.3,656,7.55675178397
1,6,7.3,657,7.55036474016
1,6,7.3,658,7.54385133984
1,6,7.3,659,7.54213330289
1,6,7.3,660,7.54532388354
1,6,7.3,661,7.54989863162
1,6,7.3,662,7.55482585175
1,6,7.3,663,7.56164580206
1,6,7.3,664,7.56997051074
1,6,7.3,665,7.5773947974
1,6,7.3,666,7.58354802322
1,6,7.3,667,7.58892838632
1,6,7.3,668,7.58624108409
1,6,7.3,669,7.58049164736
1,6,7.3,670,7.57454494689
1,6,7.3,671,7.57053877261
1,6,7.3,672,7.57433056324
1,6,7.3,673,7.58389133078
1,6,7.3,674,7.58833575964
1,6,7.3,675,7.58654874131
1,6,7.3,676,7.58146218469
1,6,7.3,677,7.57424671867
1,6,7.3,678,7.56553299478
1,6,7.3,679,7.56205888144
1,6,7.3,680,7.56144050123
1,6,7.3,681,7.56601019099
1,6,7.3,682,7.57238472733
1,6,7.3,683,7.57624224189
1,6,7.3,684,7.57749726845
1,6,7.3,685,7.57792947465
1,6,7.3,686,7.58178567185
1,6,7.3,687,7.57927555207
1,6,7.3,688,7.57309451169
1,6,7.3,689,7.56146459462
1,6,7.3,690,7.54870832923
1,6,7.3,691,7.53458543047
1,6,7.3,692,7.51671334008
1,6,7.3,693,7.50306225265
1,6,7.3,694,7.48834633203
1,6,7.3,695,7.47380416089
1,6,7.3,696,7.45869265972
1,6,7.3,697,7.44225749403
1,6,7.3,698,7.42742628076
1,6,7.3,699,7.41842898891
1,6,7.3,700,7.41752492932
1,6,7.3,701,7.41932574629
1,6,7.3,702,7.42119333727
1,6,7.3,703,7.4244009749
1,6,7.3,704,7.42415690793
1,6,7.3,705,7.42012202369
1,6,7.3,706,7.42055498656
1,6,7.3,707,7.42283945567
1,6,7.3,708,7.42076839581
1,6,7.3,709,7.4171770919
1,6,7.3,710,7.41007676558
1,6,7.3,711,7.40669516696
1,6,7.3,712,7.40290494162
1,6,7.3,713,7.39801667131
1,6,7.3,714,7.3986200523
1,6,7.3,715,7.40371465637
1,6,7.3,716,7.40598832897
1,6,7.3,717,7.40566951367
1,6,7.3,718,7.40598057326
1,6,7.3,719,7.41020567708
1,6,7.3,720,7.41651143073
1,6,7.3,721,7.42512313735
1,6,7.3,722,7.43040698249
1,6,7.3,723,7.43402970184
1,6,7.3,724,7.44191240165
1,6,7.3,725,7.45013414723
1,6,7.3,726,7.45061192756
1,6,7.3,727,7.45281768784
1,6,7.3,728,7.45892903482
1,6,7.3,729,7.46711289691
1,6,7.3,730,7.47928908219
1,6,7.3,731,7.48809358458
1,6,7.3,732,7.49655635339
1,6,7.3,733,7.50566321067
1,6,7.3,734,7.51009620845
1,6,7.3,735,7.51475948279
1,6,7.3,736,7.52017467514
1,6,7.3,737,7.52193279932
1,6,7.3,738,7.5209268481
1,6,7.3,739,7.51228152519
1,6,7.3,740,7.49560312592
1,6,7.3,741,7.48238434598
1,6,7.3,742,7.46790143195
1,6,7.3,743,7.45271639133
1,6,7.3,744,7.4382584352
1,6,7.3,745,7.42175707064
1,6,7.3,746,7.40449596674
1,6,7.3,747,7.38236272137
1,6,7.3,748,7.36062998751
1,6,7.3,749,7.33921489285
1,6,7.3,750,7.31508132246
1,6,7.3,751,7.28929472359
1,6,7.3,752,7.2603450042
1,6,7.3,753,7.2270765795
1,6,7.3,754,7.19416041082
1,6,7.3,755,7.15848533718
1,6,7.3,756,7.11728277297
1,6,7.3,757,7.07752788749
1,6,7.3,758,7.02818514471
1,6,7.3,759,6.97524557807
1,6,7.3,760,6.9264377698
1,6,7.3,761,6.87828740799
1,6,7.3,762,6.83400179658
1,6,7.3,763,6.79237925873
1,6,7.3,764,6.74790365393
1,6,7.3,765,6.70723063048
1,6,7.3,766,6.67319242367
1,6,7.3,767,6.63797861745
1,6,7.3,768,6.60617983145
1,6,7.3,769,6.57321640194
1,6,7.3,770,6.54517388465
1,6,7.3,771,6.5185996642
1,6,7.3,772,6.49402338995
1,6,7.3,773,6.46699494954
1,6,7.3,774,6.43895410364
1,6,7.3,775,6.41728817862
1,6,7.3,776,6.39916503661
1,6,7.3,777,6.38147038581
1,6,7.3,778,6.36265523461
1,6,7.3,779,6.34118575384
1,6,7.3,780,6.32211667092
1,6,7.3,781,6.30638759322
1,6,7.3,782,6.29790514361
1,6,7.3,783,6.29413998571
1,6,7.3,784,6.29022697307
1,6,7.3,785,6.28981265181
1,6,7.3,786,6.2883891425
1,6,7.3,787,6.28089559706
1,6,7.3,788,6.26704235856
1,6,7.3,789,6.25473045103
1,6,7.3,790,6.24750075398
1,6,7.3,791,6.23923488623
1,6,7.3,792,6.22793093981
1,6,7.3,793,6.21383752648
1,6,7.3,794,6.19682152576
1,6,7.3,795,6.18068892719
1,6,7.3,796,6.17322487388
1,6,7.3,797,6.1718104115
1,6,7.3,798,6.17002871279
1,6,7.3,799,6.16815377127
1,7,7.95,0,7.63850907186
1,7,7.95,1,7.5980793605
1,7,7.95,2,7.55805922711
1,7,7.95,3,7.52346255428
1,7,7.95,4,7.49516351463
1,7,7.95,5,7.47123296236
1,7,7.95,6,7.44652842451
1,7,7.95,7,7.41763476174
1,7,7.95,8,7.38461720468
1,7,7.95,9,7.35181126101
1,7,7.95,10,7.31889166426
1,7,7.95,11,7.28559916542
1,7,7.95,12,7.25539573182
1,7,7.95,13,7.22772877607
1,7,7.95,14,7.1989338629
1,7,7.95,15,7.17129556763
1,7,7.95,16,7.14152188711
1,7,7.95,17,7.1110305501
1,7,7.95,18,7.08159146416
1,7,7.95,19,7.0527461334
1,7,7.95,20,7.03165539075
1,7,7.95,21,7.01311723818
1,7,7.95,22,6.99651761292
1,7,7.95,23,6.98176595295
1,7,7.95,24,6.96625812897
1,7,7.95,25,6.9503259958
1,7,7.95,26,6.93752613748
1,7,7.95,27,6.93058868864
1,7,7.95,28,6.92575824314
1,7,7.95,29,6.92430608976
1,7,7.95,30,6.91735502638
1,7,7.95,31,6.90591716939
1,7,7.95,32,6.89095425014
1,7,7.95,33,6.88075819858
1,7,7.95,34,6.87200982517
1,7,7.95,35,6.8623424026
1,7,7.95,36,6.85440734618
1,7,7.95,37,6.84692269555
1,7,7.95,38,6.83783601766
1,7,7.95,39,6.82791837243
1,7,7.95,40,6.81760284089
1,7,7.95,41,6.80426462997
1,7,7.95,42,6.78957965288
1,7,7.95,43,6.77447596306
1,7,7.95,44,6.76594021663
1,7,7.95,45,6.76075011765
1,7,7.95,46,6.75883253781
1,7,7.95,47,6.75620777923
1,7,7.95,48,6.7502571433
1,7,7.95,49,6.74617212514
1,7,7.95,50,6.74315825583
1,7,7.95,51,6.74048479687
1,7,7.95,52,6.73888770761
1,7,7.95,53,6.73738184115
1,7,7.95,54,6.73603093734
1,7,7.95,55,6.73117930652
1,7,7.95,56,6.72669843847
1,7,7.95,57,6.72077352989
1,7,7.95,58,6.71533581319
1,7,7.95,59,6.70881882168
1,7,7.95,60,6.70318836698
1,7,7.95,61,6.70098008603
1,7,7.95,62,6.7009578399
1,7,7.95,63,6.70499893992
1,7,7.95,64,6.70671810695
1,7,7.95,65,6.70470555096
1,7,7.95,66,6.70762481217
1,7,7.95,67,6.71212903654
1,7,7.95,68,6.71251072161
1,7,7.95,69,6.70949170577
1,7,7.95,70,6.70378675545
1,7,7.95,71,6.69499143457
1,7,7.95,72,6.68417370939
1,7,7.95,73,6.67338297709
1,7,7.95,74,6.66366889965
1,7,7.95,75,6.64826629906
1,7,7.95,76,6.63656069409
1,7,7.95,77,6.62213566472
1,7,7.95,78,6.60734526525
1,7,7.95,79,6.59887960871
1,7,7.95,80,6.59149751251
1,7,7.95,81,6.58238587778
1,7,7.95,82,6.57095065603
1,7,7.95,83,6.56039928097
1,7,7.95,84,6.55026794744
1,7,7.95,85,6.54116214448
1,7,7.95,86,6.53090248944
1,7,7.95,87,6.51937016095
1,7,7.95,88,6.51003700272
1,7,7.95,89,6.5036722496
1,7,7.95,90,6.49445737073
1,7,7.95,91,6.48564937034
1,7,7.95,92,6.48154406566
1,7,7.95,93,6.47929367458
1,7,7.95,94,6.47768726927
1,7,7.95,95,6.47538194863
1,7,7.95,96,6.47495417517
1,7,7.95,97,6.47383157774
1,7,7.95,98,6.47496860352
1,7,7.95,99,6.47871041686
1,7,7.95,100,6.48274105395
1,7,7.95,101,6.49135051998
1,7,7.95,102,6.5027975332
1,7,7.95,103,6.5145713839
1,7,7.95,104,6.52191710975
1,7,7.95,105,6.53019760704
1,7,7.95,106,6.53734746991
1,7,7.95,107,6.54768999198
1,7,7.95,108,6.56404429212
1,7,7.95,109,6.58521188409
1,7,7.95,110,6.60876472838
1,7,7.95,111,6.63490481251
1,7,7.95,112,6.6552283316
1,7,7.95,113,6.6753520138
1,7,7.95,114,6.69504099361
1,7,7.95,115,6.71605230982
1,7,7.95,116,6.73307411756
1,7,7.95,117,6.74878636646
1,7,7.95,118,6.76226132323
1,7,7.95,119,6.77572364971
1,7,7.95,120,6.78577080383
1,7,7.95,121,6.79782304788
1,7,7.95,122,6.81157602542
1,7,7.95,123,6.82762890463
1,7,7.95,124,6.84246205681
1,7,7.95,125,6.85897378741
1,7,7.95,126,6.8737682999
1,7,7.95,127,6.88647695997
1,7,7.95,128,6.8994779272
1,7,7.95,129,6.90943981049
1,7,7.95,130,6.92053202788
1,7,7.95,131,6.93141702546
1,7,7.95,132,6.94488644432
1,7,7.95,133,6.96222093065
1,7,7.95,134,6.97892770008
1,7,7.95,135,6.99174227595
1,7,7.95,136,7.00052527368
1,7,7.95,137,7.00968152999
1,7,7.95,138,7.02413402247
1,7,7.95,139,7.03597207732
1,7,7.95,140,7.04908066213
1,7,7.95,141,7.05911847842
1,7,7.95,142,7.07026845145
1,7,7.95,143,7.08476127454
1,7,7.95,144,7.10351558494
1,7,7.95,145,7.12222877937
1,7,7.95,146,7.13670940423
1,7,7.95,147,7.15179669825
1,7,7.95,148,7.16580853058
1,7,7.95,149,7.18027235858
1,7,7.95,150,7.19920469012
1,7,7.95,151,7.22009283511
1,7,7.95,152,7.24367136003
1,7,7.95,153,7.2675091094
1,7,7.95,154,7.28913373933
1,7,7.95,155,7.31023647569
1,7,7.95,156,7.33858896865
1,7,7.95,157,7.3692787805
1,7,7.95,158,7.40212514208
1,7,7.95,159,7.43454905186
1,7,7.95,160,7.46071256018
1,7,7.95,161,7.48837217263
1,7,7.95,162,7.51881501867
1,7,7.95,163,7.55139699804
1,7,7.95,164,7.58113689259
1,7,7.95,165,7.61269527423
1,7,7.95,166,7.64594736924
1,7,7.95,167,7.68189062099
1,7,7.95,168,7.71773865156
1,7,7.95,169,7.74538902489
1,7,7.95,170,7.77132562092
1,7,7.95,171,7.80130244523
1,7,7.95,172,7.82812513277
1,7,7.95,173,7.85690230811
1,7,7.95,174,7.8871624509
1,7,7.95,175,7.91527589099
1,7,7.95,176,7.9371247193
1,7,7.95,177,7.96115358059
1,7,7.95,178,7.98568104578
1,7,7.95,179,8.00845721683
1,7,7.95,180,8.02924488604
1,7,7.95,181,8.05422536129
1,7,7.95,182,8.0762990841
1,7,7.95,183,8.10133451773
1,7,7.95,184,8.12962905792
1,7,7.95,185,8.16118042484
1,7,7.95,186,8.19142790184
1,7,7.95,187,8.22050911379
1,7,7.95,188,8.24679658822
1,7,7.95,189,8.27178516358
1,7,7.95,190,8.29765891255
1,7,7.95,191,8.32428218147
1,7,7.95,192,8.35515341406
1,7,7.95,193,8.38401834149
1,7,7.95,194,8.41673958474
1,7,7.95,195,8.4554049999
1,7,7.95,196,8.49514541166
1,7,7.95,197,8.52768162759
1,7,7.95,198,8.55930222814
1,7,7.95,199,8.59020743471
1,7,7.95,200,8.62357495771
1,7,7.95,201,8.65938996022
1,7,7.95,202,8.69441092173
1,7,7.95,203,8.73050015681
1,7,7.95,204,8.76888461322
1,7,7.95,205,8.80151778562
1,7,7.95,206,8.83132333836
1,7,7.95,207,8.86048315924
1,7,7.95,208,8.88394000066
1,7,7.95,209,8.90320776919
1,7,7.95,210,8.92265261432
1,7,7.95,211,8.94424909227
1,7,7.95,212,8.96436168418
1,7,7.95,213,8.9828640004
1,7,7.95,214,8.99835248041
1,7,7.95,215,9.0113125476
1,7,7.95,216,9.02741622537
1,7,7.95,217,9.04687885158
1,7,7.95,218,9.06003231436
1,7,7.95,219,9.06654508568
1,7,7.95,220,9.07005527372
1,7,7.95,221,9.0704764536
1,7,7.95,222,9.07128040985
1,7,7.95,223,9.06890794156
1,7,7.95,224,9.06269734588
1,7,7.95,225,9.05883386396
1,7,7.95,226,9.05536709369
1,7,7.95,227,9.05083525223
1,7,7.95,228,9.04510517789
1,7,7.95,229,9.03665150235
1,7,7.95,230,9.02509795834
1,7,7.95,231,9.01326475078
1,7,7.95,232,9.00005001412
1,7,7.95,233,8.98847256283
1,7,7.95,234,8.97509628143
1,7,7.95,235,8.96196609907
1,7,7.95,236,8.94711269791
1,7,7.95,237,8.93555376517
1,7,7.95,238,8.92687941251
1,7,7.95,239,8.91943490017
1,7,7.95,240,8.91659234046
1,7,7.95,241,8.91745153823
1,7,7.95,242,8.92049466638
1,7,7.95,243,8.92428451839
1,7,7.95,244,8.92784737397
1,7,7.95,245,8.93007123705
1,7,7.95,246,8.93580587016
1,7,7.95,247,8.94208319366
1,7,7.95,248,8.95285608905
1,7,7.95,249,8.95970445356
1,7,7.95,250,8.95958344955
1,7,7.95,251,8.95904692556
1,7,7.95,252,8.95850556026
1,7,7.95,253,8.95423710575
1,7,7.95,254,8.95059967144
1,7,7.95,255,8.9493257254
1,7,7.95,256,8.9486935914
1,7,7.95,257,8.95085729122
1,7,7.95,258,8.95725435304
1,7,7.95,259,8.9614574179
1,7,7.95,260,8.96847684111
1,7,7.95,261,8.97586420371
1,7,7.95,262,8.98331793723
1,7,7.95,263,8.98860555893
1,7,7.95,264,8.99442828098
1,7,7.95,265,8.99680100181
1,7,7.95,266,8.99999366818
1,7,7.95,267,8.99678434746
1,7,7.95,268,8.99158834259
1,7,7.95,269,8.98776236818
1,7,7.95,270,8.9854518439
1,7,7.95,271,8.98999606521
1,7,7.95,272,8.99501849719
1,7,7.95,273,9.00507837402
1,7,7.95,274,9.01793002153
1,7,7.95,275,9.02744474956
1,7,7.95,276,9.03163834876
1,7,7.95,277,9.03551610148
1,7,7.95,278,9.03230995831
1,7,7.95,279,9.02362294724
1,7,7.95,280,9.0111873637
1,7,7.95,281,8.99858043027
1,7,7.95,282,8.98823932469
1,7,7.95,283,8.97445709496
1,7,7.95,284,8.96050273899
1,7,7.95,285,8.95041158298
1,7,7.95,286,8.94193369706
1,7,7.95,287,8.92741736894
1,7,7.95,288,8.90911154162
1,7,7.95,289,8.88525926152
1,7,7.95,290,8.86405280514
1,7,7.95,291,8.84096868345
1,7,7.95,292,8.81343907307
1,7,7.95,293,8.7851603825
1,7,7.95,294,8.75880937381
1,7,7.95,295,8.72959138683
1,7,7.95,296,8.70324989662
1,7,7.95,297,8.68085724182
1,7,7.95,298,8.65584722104
1,7,7.95,299,8.6248642259
1,7,7.95,300,8.59277294203
1,7,7.95,301,8.56121672127
1,7,7.95,302,8.52531757907
1,7,7.95,303,8.4879046458
1,7,7.95,304,8.45196206404
1,7,7.95,305,8.41949099245
1,7,7.95,306,8.39033773017
1,7,7.95,307,8.36291915208
1,7,7.95,308,8.33774571129
1,7,7.95,309,8.31262211292
1,7,7.95,310,8.29452832162
1,7,7.95,311,8.27586465893
1,7,7.95,312,8.25829065116
1,7,7.95,313,8.24297861193
1,7,7.95,314,8.22389799344
1,7,7.95,315,8.2082024512
1,7,7.95,316,8.18963546318
1,7,7.95,317,8.16470964161
1,7,7.95,318,8.13955697805
1,7,7.95,319,8.11191390798
1,7,7.95,320,8.08489308027
1,7,7.95,321,8.05816876503
1,7,7.95,322,8.03036521335
1,7,7.95,323,8.00739894289
1,7,7.95,324,7.98299532951
1,7,7.95,325,7.9638579918
1,7,7.95,326,7.95210686872
1,7,7.95,327,7.94033326305
1,7,7.95,328,7.92731769874
1,7,7.95,329,7.91426162915
1,7,7.95,330,7.90566796689
1,7,7.95,331,7.90016095465
1,7,7.95,332,7.8912906536
1,7,7.95,333,7.88072692098
1,7,7.95,334,7.86558358401
1,7,7.95,335,7.8496653442
1,7,7.95,336,7.83031214499
1,7,7.95,337,7.80787618011
1,7,7.95,338,7.78871664116
1,7,7.95,339,7.77242210697
1,7,7.95,340,7.75947883774
1,7,7.95,341,7.75001493971
1,7,7.95,342,7.7411007344
1,7,7.95,343,7.72890566556
1,7,7.95,344,7.71947620568
1,7,7.95,345,7.70891861242
1,7,7.95,346,7.69984673208
1,7,7.95,347,7.68581068968
1,7,7.95,348,7.67291370629
1,7,7.95,349,7.66284477413
1,7,7.95,350,7.65365796285
1,7,7.95,351,7.64604942299
1,7,7.95,352,7.63834843935
1,7,7.95,353,7.63429811943
1,7,7.95,354,7.63368182831
1,7,7.95,355,7.63182059355
1,7,7.95,356,7.63270327294
1,7,7.95,357,7.63548661945
1,7,7.95,358,7.63807032059
1,7,7.95,359,7.63458139824
1,7,7.95,360,7.6304032215
1,7,7.95,361,7.62774480747
1,7,7.95,362,7.62292107018
1,7,7.95,363,7.61998040558
1,7,7.95,364,7.60915128291
1,7,7.95,365,7.60218793632
1,7,7.95,366,7.59469446283
1,7,7.95,367,7.59007475587
1,7,7.95,368,7.58790254801
1,7,7.95,369,7.58701515063
1,7,7.95,370,7.58743382109
1,7,7.95,371,7.58798063849
1,7,7.95,372,7.58627733255
1,7,7.95,373,7.57988883859
1,7,7.95,374,7.57020850575
1,7,7.95,375,7.55995069569
1,7,7.95,376,7.54572496972
1,7,7.95,377,7.53180600502
1,7,7.95,378,7.5177083159
1,7,7.95,379,7.51043423895
1,7,7.95,380,7.50038152084
1,7,7.95,381,7.49496611871
1,7,7.95,382,7.49515911344
1,7,7.95,383,7.4992821479
1,7,7.95,384,7.50196481083
1,7,7.95,385,7.50275398284
1,7,7.95,386,7.50652408726
1,7,7.95,387,7.50931778237
1,7,7.95,388,7.51162517211
1,7,7.95,389,7.50782513473
1,7,7.95,390,7.50120443639
1,7,7.95,391,7.49500037157
1,7,7.95,392,7.48931325071
1,7,7.95,393,7.48141516095
1,7,7.95,394,7.46994650242
1,7,7.95,395,7.45972497816
1,7,7.95,396,7.45067514109
1,7,7.95,397,7.45035645106
1,7,7.95,398,7.45164244147
1,7,7.95,399,7.44984855543
1,7,7.95,400,7.44834846471
1,7,7.95,401,7.4510728067
1,7,7.95,402,7.45656719545
1,7,7.95,403,7.46185349725
1,7,7.95,404,7.46683968321
1,7,7.95,405,7.47105534958
1,7,7.95,406,7.47266489004
1,7,7.95,407,7.47418914956
1,7,7.95,408,7.47013095766
1,7,7.95,409,7.46950680416
1,7,7.95,410,7.47285706052
1,7,7.95,411,7.47714490494
1,7,7.95,412,7.48415981623
1,7,7.95,413,7.49668675673
1,7,7.95,414,7.50494588996
1,7,7.95,415,7.51269498272
1,7,7.95,416,7.52392219801
1,7,7.95,417,7.53457610795
1,7,7.95,418,7.54517209661
1,7,7.95,419,7.56028781094
1,7,7.95,420,7.57397175742
1,7,7.95,421,7.58672484704
1,7,7.95,422,7.60168345267
1,7,7.95,423,7.62154686946
1,7,7.95,424,7.64541217286
1,7,7.95,425,7.67109531642
1,7,7.95,426,7.69413511918
1,7,7.95,427,7.71001649271
1,7,7.95,428,7.72376902275
1,7,7.95,429,7.73810497298
1,7,7.95,430,7.75217057672
1,7,7.95,431,7.76235507758
1,7,7.95,432,7.77137527718
1,7,7.95,433,7.77965284098
1,7,7.95,434,7.78764639775
1,7,7.95,435,7.79400185447
1,7,7.95,436,7.80068607334
1,7,7.95,437,7.80873600311
1,7,7.95,438,7.81824405114
1,7,7.95,439,7.82713067571
1,7,7.95,440,7.83643950306
1,7,7.95,441,7.84649103062
1,7,7.95,442,7.85648826685
1,7,7.95,443,7.86281689549
1,7,7.95,444,7.86316251334
1,7,7.95,445,7.86795286762
1,7,7.95,446,7.86931460169
1,7,7.95,447,7.8729585741
1,7,7.95,448,7.88291162793
1,7,7.95,449,7.89077986906
1,7,7.95,450,7.89457222083
1,7,7.95,451,7.8969285245
1,7,7.95,452,7.8976006711
1,7,7.95,453,7.8912762965
1,7,7.95,454,7.8891415433
1,7,7.95,455,7.89542968376
1,7,7.95,456,7.90418688493
1,7,7.95,457,7.91066363132
1,7,7.95,458,7.91861583493
1,7,7.95,459,7.92655288413
1,7,7.95,460,7.93165981019
1,7,7.95,461,7.93537188485
1,7,7.95,462,7.93700040181
1,7,7.95,463,7.93822871882
1,7,7.95,464,7.94508088166
1,7,7.95,465,7.95285558276
1,7,7.95,466,7.95699663243
1,7,7.95,467,7.96203941914
1,7,7.95,468,7.96694338251
1,7,7.95,469,7.97113225781
1,7,7.95,470,7.97721133331
1,7,7.95,471,7.98384528341
1,7,7.95,472,7.98973256774
1,7,7.95,473,7.99620677624
1,7,7.95,474,8.00745847375
1,7,7.95,475,8.01671668911
1,7,7.95,476,8.02407872075
1,7,7.95,477,8.03877161112
1,7,7.95,478,8.0589752194
1,7,7.95,479,8.07815100356
1,7,7.95,480,8.0906798169
1,7,7.95,481,8.1060595405
1,7,7.95,482,8.12044530454
1,7,7.95,483,8.13289044409
1,7,7.95,484,8.14767155354
1,7,7.95,485,8.15890900594
1,7,7.95,486,8.17033651487
1,7,7.95,487,8.18380168591
1,7,7.95,488,8.1954286187
1,7,7.95,489,8.2059441888
1,7,7.95,490,8.21553829655
1,7,7.95,491,8.22206995641
1,7,7.95,492,8.22730225242
1,7,7.95,493,8.22803853955
1,7,7.95,494,8.22130887881
1,7,7.95,495,8.21486579863
1,7,7.95,496,8.2082425479
1,7,7.95,497,8.20043700276
1,7,7.95,498,8.19220226745
1,7,7.95,499,8.18305578165
1,7,7.95,500,8.17435643922
1,7,7.95,501,8.16684445493
1,7,7.95,502,8.1593698719
1,7,7.95,503,8.15447812546
1,7,7.95,504,8.15423669892
1,7,7.95,505,8.16003164468
1,7,7.95,506,8.16790202805
1,7,7.95,507,8.17003365999
1,7,7.95,508,8.17124540135
1,7,7.95,509,8.17456686875
1,7,7.95,510,8.17715211227
1,7,7.95,511,8.17662956972
1,7,7.95,512,8.18063507563
1,7,7.95,513,8.1865207382
1,7,7.95,514,8.19252883945
1,7,7.95,515,8.19719835696
1,7,7.95,516,8.20055234244
1,7,7.95,517,8.20679408903
1,7,7.95,518,8.21621964515
1,7,7.95,519,8.22153626772
1,7,7.95,520,8.2240001201
1,7,7.95,521,8.22409876274
1,7,7.95,522,8.22486384451
1,7,7.95,523,8.22461434932
1,7,7.95,524,8.22426792288
1,7,7.95,525,8.22119855595
1,7,7.95,526,8.21394941143
1,7,7.95,527,8.20617037124
1,7,7.95,528,8.19772356506
1,7,7.95,529,8.19069341602
1,7,7.95,530,8.18647819574
1,7,7.95,531,8.18261910583
1,7,7.95,532,8.17885050371
1,7,7.95,533,8.16937070749
1,7,7.95,534,8.16082540295
1,7,7.95,535,8.15311962857
1,7,7.95,536,8.13867669522
1,7,7.95,537,8.12302122959
1,7,7.95,538,8.10898153707
1,7,7.95,539,8.09132347191
1,7,7.95,540,8.07157087641
1,7,7.95,541,8.05420402534
1,7,7.95,542,8.04026661615
1,7,7.95,543,8.02559615666
1,7,7.95,544,8.01157505713
1,7,7.95,545,7.99457947097
1,7,7.95,546,7.97527280133
1,7,7.95,547,7.95647349407
1,7,7.95,548,7.93926822473
1,7,7.95,549,7.91861675352
1,7,7.95,550,7.89530896872
1,7,7.95,551,7.86799144178
1,7,7.95,552,7.84508013526
1,7,7.95,553,7.81987583915
1,7,7.95,554,7.79465991184
1,7,7.95,555,7.77122088844
1,7,7.95,556,7.74907515588
1,7,7.95,557,7.73464206927
1,7,7.95,558,7.73001504334
1,7,7.95,559,7.72568422952
1,7,7.95,560,7.71767022998
1,7,7.95,561,7.70989793095
1,7,7.95,562,7.70230311887
1,7,7.95,563,7.69839297257
1,7,7.95,564,7.69590898326
1,7,7.95,565,7.69438697581
1,7,7.95,566,7.69665945138
1,7,7.95,567,7.69866980685
1,7,7.95,568,7.7005499922
1,7,7.95,569,7.70093543735
1,7,7.95,570,7.6992038322
1,7,7.95,571,7.69906350885
1,7,7.95,572,7.70034773061
1,7,7.95,573,7.69931518502
1,7,7.95,574,7.70130387511
1,7,7.95,575,7.70556375514
1,7,7.95,576,7.71568955365
1,7,7.95,577,7.72913509972
1,7,7.95,578,7.74425281055
1,7,7.95,579,7.76406731443
1,7,7.95,580,7.7830127229
1,7,7.95,581,7.79853338475
1,7,7.95,582,7.81321904028
1,7,7.95,583,7.8261186672
1,7,7.95,584,7.83567800084
1,7,7.95,585,7.84411000521
1,7,7.95,586,7.85355984951
1,7,7.95,587,7.86343821996
1,7,7.95,588,7.8727572608
1,7,7.95,589,7.88079725733
1,7,7.95,590,7.8870288011
1,7,7.95,591,7.88920635656
1,7,7.95,592,7.89332027159
1,7,7.95,593,7.89676093297
1,7,7.95,594,7.90072509337
1,7,7.95,595,7.90324715757
1,7,7.95,596,7.90646926903
1,7,7.95,597,7.91215335133
1,7,7.95,598,7.91728173253
1,7,7.95,599,7.92527085652
1,7,7.95,600,7.93303243895
1,7,7.95,601,7.93729727324
1,7,7.95,602,7.93586977269
1,7,7.95,603,7.93388934809
1,7,7.95,604,7.93165258532
1,7,7.95,605,7.92632012982
1,7,7.95,606,7.92247541765
1,7,7.95,607,7.92155428906
1,7,7.95,608,7.92206789086
1,7,7.95,609,7.91780713255
1,7,7.95,610,7.91261347792
1,7,7.95,611,7.91001881631
1,7,7.95,612,7.90512739849
1,7,7.95,613,7.89463450858
1,7,7.95,614,7.88301032853
1,7,7.95,615,7.8763136846
1,7,7.95,616,7.87684830517
1,7,7.95,617,7.88262760234
1,7,7.95,618,7.8889957595
1,7,7.95,619,7.89320835613
1,7,7.95,620,7.89958469097
1,7,7.95,621,7.90668834145
1,7,7.95,622,7.91170434868
1,7,7.95,623,7.91269768081
1,7,7.95,624,7.9125219233
1,7,7.95,625,7.91550086519
1,7,7.95,626,7.91847000875
1,7,7.95,627,7.91330951287
1,7,7.95,628,7.90858115727
1,7,7.95,629,7.90282230478
1,7,7.95,630,7.89379065879
1,7,7.95,631,7.88086294255
1,7,7.95,632,7.86479428944
1,7,7.95,633,7.8516588359
1,7,7.95,634,7.83818879616
1,7,7.95,635,7.8244092583
1,7,7.95,636,7.80486427504
1,7,7.95,637,7.78262357438
1,7,7.95,638,7.76129931126
1,7,7.95,639,7.73765071281
1,7,7.95,640,7.71431668006
1,7,7.95,641,7.69320160786
1,7,7.95,642,7.67354349814
1,7,7.95,643,7.65381777124
1,7,7.95,644,7.63108391638
1,7,7.95,645,7.61364685947
1,7,7.95,646,7.59599436387
1,7,7.95,647,7.58424341223
1,7,7.95,648,7.57679964978
1,7,7.95,649,7.57054002755
1,7,7.95,650,7.56795147696
1,7,7.95,651,7.57099426685
1,7,7.95,652,7.57119364193
1,7,7.95,653,7.57078297827
1,7,7.95,654,7.56860922613
1,7,7.95,655,7.56607160329
1,7,7.95,656,7.55972062651
1,7,7.95,657,7.55134659817
1,7,7.95,658,7.54239370638
1,7,7.95,659,7.53461880137
1,7,7.95,660,7.52415050652
1,7,7.95,661,7.5156238669
1,7,7.95,662,7.51137648652
1,7,7.95,663,7.50614913916
1,7,7.95,664,7.50171739161
1,7,7.95,665,7.49993787338
1,7,7.95,666,7.49896974631
1,7,7.95,667,7.4995674061
1,7,7.95,668,7.49582995651
1,7,7.95,669,7.49429578509
1,7,7.95,670,7.49493560864
1,7,7.95,671,7.4979271733
1,7,7.95,672,7.50160993469
1,7,7.95,673,7.51224555333
1,7,7.95,674,7.52924248338
1,7,7.95,675,7.55427226977
1,7,7.95,676,7.58683586029
1,7,7.95,677,7.61742324972
1,7,7.95,678,7.6511304305
1,7,7.95,679,7.68229117548
1,7,7.95,680,7.70862128245
1,7,7.95,681,7.73279770714
1,7,7.95,682,7.75363055615
1,7,7.95,683,7.76503510766
1,7,7.95,684,7.77906201773
1,7,7.95,685,7.79540406725
1,7,7.95,686,7.82198647989
1,7,7.95,687,7.85741005539
1,7,7.95,688,7.89393769647
1,7,7.95,689,7.92883221678
1,7,7.95,690,7.9670400604
1,7,7.95,691,8.00423142706
1,7,7.95,692,8.04050376609
1,7,7.95,693,8.07356706006
1,7,7.95,694,8.10551114085
1,7,7.95,695,8.1361526929
1,7,7.95,696,8.16994742081
1,7,7.95,697,8.20170051501
1,7,7.95,698,8.23046536328
1,7,7.95,699,8.25614210386
1,7,7.95,700,8.28882577282
1,7,7.95,701,8.32381771244
1,7,7.95,702,8.35295151441
1,7,7.95,703,8.38063175794
1,7,7.95,704,8.4074436949
1,7,7.95,705,8.43394984363
1,7,7.95,706,8.46078495883
1,7,7.95,707,8.48932305052
1,7,7.95,708,8.51889003166
1,7,7.95,709,8.55041407716
1,7,7.95,710,8.57789507647
1,7,7.95,711,8.60774130508
1,7,7.95,712,8.63983788217
1,7,7.95,713,8.66823126187
1,7,7.95,714,8.69495357728
1,7,7.95,715,8.72400448303
1,7,7.95,716,8.74976489569
1,7,7.95,717,8.77564401963
1,7,7.95,718,8.80035153752
1,7,7.95,719,8.82232815179
1,7,7.95,720,8.84013745657
1,7,7.95,721,8.85560840273
1,7,7.95,722,8.87391822038
1,7,7.95,723,8.89183314335
1,7,7.95,724,8.90574900288
1,7,7.95,725,8.91946072421
1,7,7.95,726,8.92996708146
1,7,7.95,727,8.94240048964
1,7,7.95,728,8.95527535682
1,7,7.95,729,8.96312433288
1,7,7.95,730,8.96689016808
1,7,7.95,731,8.97187317276
1,7,7.95,732,8.9742273141
1,7,7.95,733,8.98314943783
1,7,7.95,734,8.98798587449
1,7,7.95,735,8.99440887271
1,7,7.95,736,9.00116106243
1,7,7.95,737,9.01151719007
1,7,7.95,738,9.02088204513
1,7,7.95,739,9.02689380707
1,7,7.95,740,9.02879344492
1,7,7.95,741,9.02708138413
1,7,7.95,742,9.02403125338
1,7,7.95,743,9.01887915173
1,7,7.95,744,9.01013240505
1,7,7.95,745,9.0041646217
1,7,7.95,746,9.00210074424
1,7,7.95,747,8.9974964543
1,7,7.95,748,8.99159521523
1,7,7.95,749,8.97937158331
1,7,7.95,750,8.96714216592
1,7,7.95,751,8.95279294609
1,7,7.95,752,8.9381687495
1,7,7.95,753,8.91651267985
1,7,7.95,754,8.89287345126
1,7,7.95,755,8.87024058885
1,7,7.95,756,8.84963743424
1,7,7.95,757,8.83276229645
1,7,7.95,758,8.81483391835
1,7,7.95,759,8.79262182856
1,7,7.95,760,8.76961738941
1,7,7.95,761,8.74611980285
1,7,7.95,762,8.72154834181
1,7,7.95,763,8.69615636683
1,7,7.95,764,8.66980330391
1,7,7.95,765,8.64638372073
1,7,7.95,766,8.62176622428
1,7,7.95,767,8.5988890212
1,7,7.95,768,8.57610619716
1,7,7.95,769,8.55042958108
1,7,7.95,770,8.52225681574
1,7,7.95,771,8.48775182643
1,7,7.95,772,8.45380659154
1,7,7.95,773,8.42539827088
1,7,7.95,774,8.4009265886
1,7,7.95,775,8.37350307601
1,7,7.95,776,8.34783703319
1,7,7.95,777,8.32041041603
1,7,7.95,778,8.29257570114
1,7,7.95,779,8.26517285058
1,7,7.95,780,8.23511314759
1,7,7.95,781,8.20323228904
1,7,7.95,782,8.17589406318
1,7,7.95,783,8.14863398873
1,7,7.95,784,8.12397153433
1,7,7.95,785,8.10271197657
1,7,7.95,786,8.08880810103
1,7,7.95,787,8.07693695314
1,7,7.95,788,8.06909788468
1,7,7.95,789,8.0661573642
1,7,7.95,790,8.06429978199
1,7,7.95,791,8.06635360656
1,7,7.95,792,8.07119209131
1,7,7.95,793,8.07418894598
1,7,7.95,794,8.07519612792
1,7,7.95,795,8.07647372285
1,7,7.95,796,8.07448365033
1,7,7.95,797,8.07419722517
1,7,7.95,798,8.0673804335
1,7,7.95,799,8.05805719988
