{
  "config_sha256": "76d18d222650176601cd88e8633a1329565a25649635afbd44a2a36b95dde6a6",
  "mass": 1.0,
  "omega": 1.0,
  "post": "04",
  "profile": "full",
  "runs": [
    {
      "expected_kinetic_mean": 0.5,
      "expected_position_variance": 1.0,
      "expected_velocity_variance": 1.0,
      "gamma": 0.1,
      "kinetic_mean": 0.4724342341750319,
      "kinetic_mean_relative_error": -0.05513153164993623,
      "kinetic_variance": 0.3704328472249247,
      "method": "baoab_langevin",
      "position_effective_samples": 347.5524853583436,
      "position_integrated_autocorrelation_time": 10.07042143977572,
      "position_lag1_autocorrelation": 0.9794995830249427,
      "position_mean": -0.006742745091097653,
      "position_variance": 0.9209247661562039,
      "position_variance_relative_error": -0.07907523384379611,
      "samples": 3500,
      "thermostat": "weak_langevin",
      "velocity_lag1_autocorrelation": 0.9584973525375968,
      "velocity_mean": -0.0022900861106303623,
      "velocity_variance": 0.9451332619305071,
      "velocity_variance_relative_error": -0.05486673806949294
    },
    {
      "expected_kinetic_mean": 0.5,
      "expected_position_variance": 1.0,
      "expected_velocity_variance": 1.0,
      "gamma": 1.0,
      "kinetic_mean": 0.5357775054192346,
      "kinetic_mean_relative_error": 0.07155501083846927,
      "kinetic_variance": 0.5574552063427258,
      "method": "baoab_langevin",
      "position_effective_samples": 274.694963512559,
      "position_integrated_autocorrelation_time": 12.74140579515933,
      "position_lag1_autocorrelation": 0.9802486135836259,
      "position_mean": 0.044874939773893334,
      "position_variance": 1.0529013938614755,
      "position_variance_relative_error": 0.05290139386147552,
      "samples": 3500,
      "thermostat": "moderate_langevin",
      "velocity_lag1_autocorrelation": 0.8033450810018534,
      "velocity_mean": -0.009080508598371333,
      "velocity_variance": 1.0717787777099812,
      "velocity_variance_relative_error": 0.0717787777099812
    },
    {
      "expected_kinetic_mean": 0.5,
      "expected_position_variance": 1.0,
      "expected_velocity_variance": 1.0,
      "gamma": 5.0,
      "kinetic_mean": 0.5193491723147299,
      "kinetic_mean_relative_error": 0.03869834462945976,
      "kinetic_variance": 0.5301730114221735,
      "method": "baoab_langevin",
      "position_effective_samples": 66.38928597712906,
      "position_integrated_autocorrelation_time": 52.719349944594086,
      "position_lag1_autocorrelation": 0.9853110920069076,
      "position_mean": -0.0013675998220427671,
      "position_variance": 1.0424314507269592,
      "position_variance_relative_error": 0.0424314507269592,
      "samples": 3500,
      "thermostat": "strong_langevin",
      "velocity_lag1_autocorrelation": 0.3554775207398911,
      "velocity_mean": 0.006585182905804536,
      "velocity_variance": 1.0389518233736637,
      "velocity_variance_relative_error": 0.03895182337366365
    }
  ],
  "sample_every": 10,
  "seed": 2026071404,
  "temperature": 1.0,
  "time_step": 0.02
}
