{
  "cases": [
    {
      "bar_delta_f": 0.8003584703244873,
      "bar_error": 0.0003584703244872145,
      "case": "good_overlap",
      "forward_fep_delta_f": 0.7975496979393746,
      "forward_fep_error": -0.0024503020606254644,
      "forward_weight_ess_fraction": 0.7789869488894552,
      "forward_work_mean": 0.9231650915818149,
      "forward_work_std": 0.5017017324400157,
      "mean_shift": 0.5,
      "overlap_coefficient": 0.8025872114945649,
      "reverse_fep_delta_f": 0.8029449317895667,
      "reverse_fep_error": 0.002944931789566674,
      "reverse_weight_ess_fraction": 0.7784300873248043,
      "reverse_work_mean": -0.6777319773553677,
      "reverse_work_std": 0.5001971035372818,
      "true_delta_f": 0.8
    },
    {
      "bar_delta_f": 0.8081038900595516,
      "bar_error": 0.008103890059551588,
      "case": "marginal_overlap",
      "forward_fep_delta_f": 0.804583121699542,
      "forward_fep_error": 0.004583121699542003,
      "forward_weight_ess_fraction": 0.09664104223645467,
      "forward_work_mean": 1.9309229535703716,
      "forward_work_std": 1.4908584728745098,
      "mean_shift": 1.5,
      "overlap_coefficient": 0.453254344325638,
      "reverse_fep_delta_f": 0.8140655908772079,
      "reverse_fep_error": 0.014065590877207823,
      "reverse_weight_ess_fraction": 0.08621656195760317,
      "reverse_work_mean": 0.32015530865622294,
      "reverse_work_std": 1.5016745962567197,
      "true_delta_f": 0.8
    },
    {
      "bar_delta_f": 0.8325920689972015,
      "bar_error": 0.03259206899720146,
      "case": "poor_overlap",
      "forward_fep_delta_f": 0.8471801918493753,
      "forward_fep_error": 0.047180191849375275,
      "forward_weight_ess_fraction": 0.0027404865967440156,
      "forward_work_mean": 5.334066850755499,
      "forward_work_std": 2.9971109429950884,
      "mean_shift": 3.0,
      "overlap_coefficient": 0.1336140370747331,
      "reverse_fep_delta_f": 0.8200968631124201,
      "reverse_fep_error": 0.020096863112420094,
      "reverse_weight_ess_fraction": 0.001819959573163215,
      "reverse_work_mean": 3.6811692107083944,
      "reverse_work_std": 3.000483136125667,
      "true_delta_f": 0.8
    }
  ],
  "config_sha256": "54f9c7456965f1eb75ff0f47960d59c3eccd1c5dfa192c5298919e3fc04ed125",
  "multistate_protocols": [
    {
      "disconnected_edges": 0,
      "finite_pmf_bins": 95,
      "force_constant": 12.0,
      "max_pmf_abs_error": 5.410000000000015,
      "mean_adjacent_overlap": 0.2750230263157895,
      "min_adjacent_overlap": 0.18438815789473684,
      "pmf_rmse_vs_true": 1.3032160142560922,
      "protocol": "dense_bridge",
      "sample_count_per_window": 8000,
      "window_count": 7
    },
    {
      "disconnected_edges": 1,
      "finite_pmf_bins": 71,
      "force_constant": 12.0,
      "max_pmf_abs_error": 5.410000000000015,
      "mean_adjacent_overlap": 0.0,
      "min_adjacent_overlap": 0.0,
      "pmf_rmse_vs_true": 3.3139492628380727,
      "protocol": "sparse_bridge",
      "sample_count_per_window": 8000,
      "window_count": 2
    }
  ],
  "post": "09",
  "profile": "full",
  "sample_count": 50000,
  "seed": 2026071409,
  "temperature": 1.0
}
