{
  "checkpoints": [
    {
      "absolute_error": 0.09055618913581576,
      "autocorrelation_standard_error": 0.0858859053076095,
      "block_standard_error": 0.07312044194599776,
      "checkpoint_steps": 2000,
      "conservative_ci95_half_width": 0.3170148735355372,
      "conservative_standard_error": 0.1617422824160904,
      "effective_samples": 148.8875826925385,
      "integrated_autocorrelation_time": 10.074715250751213,
      "mean_estimate": 0.40944381086418424,
      "naive_standard_error": 0.0270586115323233,
      "replica_mean_max": 0.8862919550400664,
      "replica_mean_min": -0.03257373361672603,
      "replica_standard_error": 0.1617422824160904,
      "samples_per_replica": 250,
      "total_samples": 1500,
      "true_mean": 0.5,
      "z_score": 0.5598795057365104
    },
    {
      "absolute_error": 0.010817983117273666,
      "autocorrelation_standard_error": 0.04038715809707345,
      "block_standard_error": 0.0313134876020286,
      "checkpoint_steps": 6000,
      "conservative_ci95_half_width": 0.11195274181063987,
      "conservative_standard_error": 0.05711874582175504,
      "effective_samples": 580.7392517289122,
      "integrated_autocorrelation_time": 12.91457392912884,
      "mean_estimate": 0.5108179831172737,
      "naive_standard_error": 0.011238368107329364,
      "replica_mean_max": 0.7203587855270843,
      "replica_mean_min": 0.38043899252732133,
      "replica_standard_error": 0.05711874582175504,
      "samples_per_replica": 1250,
      "total_samples": 7500,
      "true_mean": 0.5,
      "z_score": 0.18939461925568715
    },
    {
      "absolute_error": 0.009944031233794837,
      "autocorrelation_standard_error": 0.03144146125316587,
      "block_standard_error": 0.023591083815115963,
      "checkpoint_steps": 12000,
      "conservative_ci95_half_width": 0.08274789236781159,
      "conservative_standard_error": 0.042218312432556936,
      "effective_samples": 996.75846567921,
      "integrated_autocorrelation_time": 16.553659254608476,
      "mean_estimate": 0.49005596876620516,
      "naive_standard_error": 0.007727797195971116,
      "replica_mean_max": 0.6276584016137612,
      "replica_mean_min": 0.3141949165278323,
      "replica_standard_error": 0.042218312432556936,
      "samples_per_replica": 2750,
      "total_samples": 16500,
      "true_mean": 0.5,
      "z_score": 0.23553834013806837
    },
    {
      "absolute_error": 0.006373744535871917,
      "autocorrelation_standard_error": 0.0208123862030374,
      "block_standard_error": 0.015708141165473255,
      "checkpoint_steps": 24000,
      "conservative_ci95_half_width": 0.04079227695795331,
      "conservative_standard_error": 0.0208123862030374,
      "effective_samples": 2295.6447720874557,
      "integrated_autocorrelation_time": 15.028457546865477,
      "mean_estimate": 0.4936262554641281,
      "naive_standard_error": 0.0053686448083393335,
      "replica_mean_max": 0.5255653025520169,
      "replica_mean_min": 0.46023212603887886,
      "replica_standard_error": 0.008729126401736684,
      "samples_per_replica": 5750,
      "total_samples": 34500,
      "true_mean": 0.5,
      "z_score": 0.3062476581825932
    }
  ],
  "config_sha256": "33cd5b29b5c89683f48a15e90bbf65d20c78ada80d80af80539f4645b02af34f",
  "correlation_time": 30.0,
  "equilibration_time": 120.0,
  "initial_bias": 2.5,
  "post": "06",
  "profile": "full",
  "replica_count": 6,
  "sample_every": 4,
  "seed": 2026071406,
  "stationary_variance": 1.0,
  "time_step": 1.0,
  "true_mean": 0.5,
  "warmup_steps": 1000
}
