{
  "argon_observable": {
    "atom_count": 108,
    "checkpoints": [
      {
        "autocorrelation_standard_error": 0.018649375068950834,
        "checkpoint_steps": 3000,
        "conservative_ci95_half_width": 0.059647376296765045,
        "conservative_standard_error": 0.03043233484528829,
        "effective_samples": 34.91754688643237,
        "integrated_autocorrelation_time": 14.462642568863387,
        "mean_potential_energy_per_atom": -5.483925095387533,
        "naive_standard_error": 0.004903887029700808,
        "replica_mean_max": -5.368447722851232,
        "replica_mean_min": -5.543898962321774,
        "replica_standard_error": 0.03043233484528829,
        "samples_per_replica": 101,
        "total_samples": 505
      },
      {
        "autocorrelation_standard_error": 0.013939628385225715,
        "checkpoint_steps": 6000,
        "conservative_ci95_half_width": 0.08141725821395754,
        "conservative_standard_error": 0.041539417456100784,
        "effective_samples": 70.80738719152158,
        "integrated_autocorrelation_time": 17.724139384008687,
        "mean_potential_energy_per_atom": -5.484083268628631,
        "naive_standard_error": 0.003311071947246591,
        "replica_mean_max": -5.318369328663545,
        "replica_mean_min": -5.534599244934553,
        "replica_standard_error": 0.041539417456100784,
        "samples_per_replica": 251,
        "total_samples": 1255
      },
      {
        "autocorrelation_standard_error": 0.01169870682209505,
        "checkpoint_steps": 12000,
        "conservative_ci95_half_width": 0.09385279908215753,
        "conservative_standard_error": 0.047884081164366085,
        "effective_samples": 114.7585550877395,
        "integrated_autocorrelation_time": 24.006924781282272,
        "mean_potential_energy_per_atom": -5.462084770105711,
        "naive_standard_error": 0.0023876440986980267,
        "replica_mean_max": -5.2708216973904936,
        "replica_mean_min": -5.515535620890377,
        "replica_standard_error": 0.047884081164366085,
        "samples_per_replica": 551,
        "total_samples": 2755
      }
    ],
    "gamma": 1.0,
    "number_density": 0.85,
    "observable": "potential_energy_per_atom",
    "replica_count": 5,
    "sample_every": 20,
    "temperature": 0.7,
    "time_step": 0.002,
    "warmup_steps": 1000
  },
  "checkpoints": [
    {
      "absolute_error": 0.09055618913581576,
      "autocorrelation_standard_error": 0.0858859053076095,
      "block_standard_error": 0.07312044194599776,
      "checkpoint_steps": 2000,
      "conservative_ci95_half_width": 0.3170148735355372,
      "conservative_standard_error": 0.1617422824160904,
      "effective_samples": 148.8875826925385,
      "integrated_autocorrelation_time": 10.074715250751213,
      "mean_estimate": 0.40944381086418424,
      "naive_standard_error": 0.0270586115323233,
      "replica_mean_max": 0.8862919550400664,
      "replica_mean_min": -0.03257373361672603,
      "replica_standard_error": 0.1617422824160904,
      "samples_per_replica": 250,
      "total_samples": 1500,
      "true_mean": 0.5,
      "z_score": 0.5598795057365104
    },
    {
      "absolute_error": 0.010817983117273666,
      "autocorrelation_standard_error": 0.04038715809707345,
      "block_standard_error": 0.0313134876020286,
      "checkpoint_steps": 6000,
      "conservative_ci95_half_width": 0.11195274181063987,
      "conservative_standard_error": 0.05711874582175504,
      "effective_samples": 580.7392517289122,
      "integrated_autocorrelation_time": 12.91457392912884,
      "mean_estimate": 0.5108179831172737,
      "naive_standard_error": 0.011238368107329364,
      "replica_mean_max": 0.7203587855270843,
      "replica_mean_min": 0.38043899252732133,
      "replica_standard_error": 0.05711874582175504,
      "samples_per_replica": 1250,
      "total_samples": 7500,
      "true_mean": 0.5,
      "z_score": 0.18939461925568715
    },
    {
      "absolute_error": 0.009944031233794837,
      "autocorrelation_standard_error": 0.03144146125316587,
      "block_standard_error": 0.023591083815115963,
      "checkpoint_steps": 12000,
      "conservative_ci95_half_width": 0.08274789236781159,
      "conservative_standard_error": 0.042218312432556936,
      "effective_samples": 996.75846567921,
      "integrated_autocorrelation_time": 16.553659254608476,
      "mean_estimate": 0.49005596876620516,
      "naive_standard_error": 0.007727797195971116,
      "replica_mean_max": 0.6276584016137612,
      "replica_mean_min": 0.3141949165278323,
      "replica_standard_error": 0.042218312432556936,
      "samples_per_replica": 2750,
      "total_samples": 16500,
      "true_mean": 0.5,
      "z_score": 0.23553834013806837
    },
    {
      "absolute_error": 0.006373744535871917,
      "autocorrelation_standard_error": 0.0208123862030374,
      "block_standard_error": 0.015708141165473255,
      "checkpoint_steps": 24000,
      "conservative_ci95_half_width": 0.04079227695795331,
      "conservative_standard_error": 0.0208123862030374,
      "effective_samples": 2295.6447720874557,
      "integrated_autocorrelation_time": 15.028457546865477,
      "mean_estimate": 0.4936262554641281,
      "naive_standard_error": 0.0053686448083393335,
      "replica_mean_max": 0.5255653025520169,
      "replica_mean_min": 0.46023212603887886,
      "replica_standard_error": 0.008729126401736684,
      "samples_per_replica": 5750,
      "total_samples": 34500,
      "true_mean": 0.5,
      "z_score": 0.3062476581825932
    }
  ],
  "config_sha256": "ecac9f6ecdb425afdce7320849badcbf4cc222178b75d21b9fc47debfa806076",
  "correlation_time": 30.0,
  "equilibration_time": 120.0,
  "initial_bias": 2.5,
  "post": "06",
  "profile": "full",
  "replica_count": 6,
  "sample_every": 4,
  "seed": 2026071406,
  "stationary_variance": 1.0,
  "time_step": 1.0,
  "true_mean": 0.5,
  "warmup_steps": 1000
}
