{
  "compressibility": 0.01,
  "config_sha256": "cc78ccac72341e718683ccef58ee73f3ba2418b8c8c188bb9442f63ee79857fa",
  "equilibrium_volume": 1000.0,
  "post": "05",
  "profile": "full",
  "runs": [
    {
      "barostat": "fast_barostat",
      "expected_pressure_mean": 1.0,
      "expected_pressure_variance": 0.1,
      "expected_volume_mean": 1000.0,
      "expected_volume_variance": 10.0,
      "pressure_mean": 1.0323968275263973,
      "pressure_variance": 0.09787584469846385,
      "pressure_variance_relative_error": -0.02124155301536157,
      "relaxation_time": 0.5,
      "samples": 2500,
      "volume_effective_samples": 1255.7211131776073,
      "volume_integrated_autocorrelation_time": 1.9908879238907913,
      "volume_lag1_autocorrelation": 0.33848275386135235,
      "volume_mean": 999.6760317247359,
      "volume_variance": 9.787584469846385,
      "volume_variance_relative_error": -0.02124155301536157
    },
    {
      "barostat": "moderate_barostat",
      "expected_pressure_mean": 1.0,
      "expected_pressure_variance": 0.1,
      "expected_volume_mean": 1000.0,
      "expected_volume_variance": 10.0,
      "pressure_mean": 0.9901030238564755,
      "pressure_variance": 0.08605542949057543,
      "pressure_variance_relative_error": -0.1394457050942457,
      "relaxation_time": 2.0,
      "samples": 2500,
      "volume_effective_samples": 344.9572772297935,
      "volume_integrated_autocorrelation_time": 7.24727427140093,
      "volume_lag1_autocorrelation": 0.7611702352643483,
      "volume_mean": 1000.0989697614353,
      "volume_variance": 8.605542949057543,
      "volume_variance_relative_error": -0.1394457050942457
    },
    {
      "barostat": "slow_barostat",
      "expected_pressure_mean": 1.0,
      "expected_pressure_variance": 0.1,
      "expected_volume_mean": 1000.0,
      "expected_volume_variance": 10.0,
      "pressure_mean": 0.9560525319441849,
      "pressure_variance": 0.08520368414882477,
      "pressure_variance_relative_error": -0.14796315851175235,
      "relaxation_time": 8.0,
      "samples": 2500,
      "volume_effective_samples": 110.9573838228405,
      "volume_integrated_autocorrelation_time": 22.53117290501019,
      "volume_lag1_autocorrelation": 0.9250422166292653,
      "volume_mean": 1000.4394746805582,
      "volume_variance": 8.520368414882478,
      "volume_variance_relative_error": -0.14796315851175224
    }
  ],
  "sample_every": 10,
  "seed": 2026071405,
  "target_pressure": 1.0,
  "temperature": 1.0,
  "time_step": 0.05
}
