{
  "config_sha256": "29f19850d439bb4d2f6e77752c0f30a4532b52fb459871b92f5d044406e82a06",
  "domain_max": 2.5,
  "domain_min": -2.5,
  "metadynamics": {
    "barrier_visit_fraction": 0.13466666666666666,
    "basin_visit_fraction_left": 0.3596666666666667,
    "basin_visit_fraction_right": 0.3616666666666667,
    "bias_factor": 10.0,
    "deposit_count": 3000,
    "final_bias_range": 6.533895225463827,
    "final_histogram_flatness": 0.6635071090047393,
    "hill_height": 0.03,
    "hill_width": 0.12,
    "initial_barrier_height": 0.9555062500000001,
    "reconstructed_barrier_error": 0.09221638638705165,
    "reconstructed_barrier_height": 1.0477226363870518
  },
  "pair_distance_steered": {
    "coordinate": "reduced pair distance r/sigma",
    "end_radius": 2.2,
    "fast_forward_mean_work": 6.300089173288219,
    "fast_hysteresis_gap": 11.720403939224367,
    "fast_hysteresis_gap_sem": 0.02633176640442049,
    "fast_path_steps": 90,
    "fast_reverse_mean_work": 5.420314765936148,
    "forward_ess_fraction": 0.36966788653889304,
    "forward_jarzynski_delta_f": 1.3533808583532618,
    "gpu_blocking_reason": "target device requests CUDA/GPU, but generated artifact runtime was jax:cpu;devices:cpu",
    "hysteresis_gap_ratio": 5.432097164505418,
    "jarzynski_spread": 1.4904786025906742,
    "path_count": 8000,
    "production_gpu_ready": false,
    "reverse_ess_fraction": 0.3912674048839245,
    "reverse_jarzynski_delta_f": -0.13709774423741233,
    "runtime_device": "jax:cpu;devices:cpu",
    "slow_forward_mean_work": 1.6821560204525867,
    "slow_hysteresis_gap": 2.1576204519698585,
    "slow_hysteresis_gap_sem": 0.010758192142287121,
    "slow_path_steps": 540,
    "slow_reverse_mean_work": 0.4754644315172718,
    "start_radius": 1.08,
    "target_device": "cuda_or_cpu_fallback",
    "target_requests_gpu": true,
    "trap_force_constant": 42.0,
    "true_delta_f": 0.6065423978343367
  },
  "post": "11",
  "profile": "full",
  "pulling": {
    "crooks_crossing_delta_f": -0.0006959031674557675,
    "end_center": 1.1,
    "forward_dissipated_work": 0.16990254339688352,
    "forward_ess_fraction": 0.7158601024697085,
    "forward_jarzynski_delta_f": 0.001144114118007522,
    "forward_mean_work": 0.1699025433968834,
    "forward_work_std": 0.581026607015418,
    "path_count": 20000,
    "path_steps": 260,
    "reverse_dissipated_work": 0.17337380079082518,
    "reverse_ess_fraction": 0.7215265256179567,
    "reverse_jarzynski_delta_f": -0.009001701511524463,
    "reverse_mean_work": 0.1733738007908253,
    "reverse_work_std": 0.5737331445702706,
    "start_center": -1.1,
    "trap_force_constant": 18.0,
    "true_delta_f": -1.1102230246251565e-16
  },
  "seed": 2026071411,
  "steered_hysteresis": {
    "fast_forward_mean_work": 16.59066866491843,
    "fast_hysteresis_gap": 33.74154211043462,
    "fast_hysteresis_gap_sem": 0.2533560641394403,
    "fast_path_steps": 65,
    "fast_reverse_mean_work": 17.150873445516194,
    "hysteresis_gap_ratio": 6.084231045668954,
    "slow_forward_mean_work": 2.76244953253641,
    "slow_hysteresis_gap": 5.545736487843186,
    "slow_hysteresis_gap_sem": 0.11161029206918914,
    "slow_path_steps": 520,
    "slow_reverse_mean_work": 2.7832869553067763,
    "trajectory_path_count": 6000
  },
  "temperature": 1.0
}
