speed,direction,replica_index,frame_index,center_angstrom,distance_angstrom,work_increment_ev,cumulative_work_ev
fast,forward,0,0,3.8,3.4038894484,0.000655225681012,0.000655225681012
fast,forward,0,1,3.87551020408,3.47947379308,0.000655113713568,0.00131033939458
fast,forward,0,2,3.95102040816,3.59422973577,0.000595844638937,0.00190618403352
fast,forward,0,3,4.02653061224,3.7367183905,0.000494693509397,0.00240087754291
fast,forward,0,4,4.10204081633,3.87638966333,0.000397797201481,0.0027986747444
fast,forward,0,5,4.17755102041,3.98982979471,0.000340515270464,0.00313919001486
fast,forward,0,6,4.25306122449,4.06558236863,0.000340149242543,0.0034793392574
fast,forward,0,7,4.32857142857,4.1496682143,0.00032719827362,0.00380653753102
fast,forward,0,8,4.40408163265,4.24349090019,0.000299542688843,0.00410608021986
fast,forward,0,9,4.47959183673,4.29638772115,0.000333693512334,0.0044397737322
fast,forward,0,10,4.55510204082,4.31809980092,0.000414939659249,0.00485471339145
fast,forward,0,11,4.6306122449,4.31194517933,0.000538270212308,0.00539298360376
fast,forward,0,12,4.70612244898,4.29288698934,0.000681087787025,0.00607407139078
fast,forward,0,13,4.78163265306,4.26970385676,0.000830134866878,0.00690420625766
fast,forward,0,14,4.85714285714,4.23186136616,0.00100132056905,0.00790552682671
fast,forward,0,15,4.93265306122,4.19380145932,0.00117283461412,0.00907836144083
fast,forward,0,16,5.00816326531,4.12218389413,0.0013950275718,0.0104733890126
fast,forward,0,17,5.08367346939,4.04762938397,0.00162165591576,0.0120950449284
fast,forward,0,18,5.15918367347,3.97622535166,0.0018435263952,0.0139385713236
fast,forward,0,19,5.23469387755,3.91409001715,0.0020513992494,0.015989970573
fast,forward,0,20,5.31020408163,3.874361577,0.00222543312028,0.0182154036933
fast,forward,0,21,5.38571428571,3.83241246712,0.00240282065565,0.0206182243489
fast,forward,0,22,5.4612244898,3.82450730664,0.00252879487969,0.0231470192286
fast,forward,0,23,5.53673469388,3.85299091097,0.00259981464258,0.0257468338712
fast,forward,0,24,5.61224489796,3.90607046042,0.00263368950875,0.0283805233799
fast,forward,0,25,5.68775510204,3.97387173355,0.00264533156774,0.0310258549477
fast,forward,0,26,5.76326530612,4.02247745412,0.00268596282856,0.0337118177762
fast,forward,0,27,5.8387755102,4.02363227318,0.0027982546345,0.0365100724107
fast,forward,0,28,5.91428571429,3.97173882448,0.00299066015095,0.0395007325617
fast,forward,0,29,5.98979591837,3.90163759962,0.00321056312527,0.042711295687
fast,forward,0,30,6.06530612245,3.85662889863,0.00339257126763,0.0461038669546
fast,forward,0,31,6.14081632653,3.81762992235,0.0035655034992,0.0496693704538
fast,forward,0,32,6.21632653061,3.84949957619,0.00363140963629,0.0533007800901
fast,forward,0,33,6.29183673469,3.94204715331,0.00360567972599,0.0569064598161
fast,forward,0,34,6.36734693878,4.06502556376,0.00353399304698,0.060440452863
fast,forward,0,35,6.44285714286,4.22189337159,0.00341112646173,0.0638515793248
fast,forward,0,36,6.51836734694,4.39998923531,0.00325620117983,0.0671077805046
fast,forward,0,37,6.59387755102,4.60287884885,0.00306383227575,0.0701716127804
fast,forward,0,38,6.6693877551,4.85402679654,0.00279858343847,0.0729701962188
fast,forward,0,39,6.74489795918,5.14260498555,0.00247680729796,0.0754470035168
fast,forward,0,40,6.82040816327,5.44816446926,0.00212938593688,0.0775763894537
fast,forward,0,41,6.89591836735,5.72227964236,0.00182945190204,0.0794058413557
fast,forward,0,42,6.97142857143,5.97023251027,0.00156902828728,0.080974869643
fast,forward,0,43,7.04693877551,6.21914450246,0.00130715619911,0.0822820258421
fast,forward,0,44,7.12244897959,6.4786867447,0.00102923026394,0.083311256106
fast,forward,0,45,7.19795918367,6.74147146538,0.000746407524589,0.0840576636306
fast,forward,0,46,7.27346938776,7.00600847272,0.000460938474762,0.0845186021054
fast,forward,0,47,7.34897959184,7.22753631697,0.000240422038591,0.084759024144
fast,forward,0,48,7.42448979592,7.42997791295,4.87297324638e-05,0.0848077538764
fast,forward,0,49,7.5,7.60225076739,0,0.0848077538764
fast,forward,1,0,3.8,4.20076963679,-0.000548226032077,-0.000548226032077
fast,forward,1,1,3.87551020408,4.16128824559,-0.000374565255526,-0.000922791287603
fast,forward,1,2,3.95102040816,4.09935002918,-0.000166990089876,-0.00108978137748
fast,forward,1,3,4.02653061224,4.02055017886,6.60495841074e-05,-0.00102373179337
fast,forward,1,4,4.10204081633,3.91851922034,0.000334172972536,-0.000689558820836
fast,forward,1,5,4.17755102041,3.83925521014,0.00056791362267,-0.000121645198166
fast,forward,1,6,4.25306122449,3.80550657717,0.000732916764339,0.000611271566172
fast,forward,1,7,4.32857142857,3.80529626416,0.000847270198312,0.00145854176448
fast,forward,1,8,4.40408163265,3.8318280878,0.000921237548373,0.00237977931286
fast,forward,1,9,4.47959183673,3.84316810557,0.00101814762566,0.00339792693852
fast,forward,1,10,4.55510204082,3.84372721655,0.00113133907238,0.0045292660109
fast,forward,1,11,4.6306122449,3.82846778042,0.00126841975351,0.00579768576441
fast,forward,1,12,4.70612244898,3.87011851691,0.00131955445968,0.00711724022409
fast,forward,1,13,4.78163265306,3.89723651223,0.00139263657087,0.00850987679497
fast,forward,1,14,4.85714285714,3.87534291311,0.00153973619203,0.010049612987
fast,forward,1,15,4.93265306122,3.88257481745,0.00164285035899,0.011692463346
fast,forward,1,16,5.00816326531,3.86975888142,0.0017762408563,0.0134687042023
fast,forward,1,17,5.08367346939,3.83825139454,0.00193785940999,0.0154065636123
fast,forward,1,18,5.15918367347,3.80907682388,0.0020959547841,0.0175025183964
fast,forward,1,19,5.23469387755,3.80556437184,0.00221529512191,0.0197178135183
fast,forward,1,20,5.31020408163,3.84867476793,0.00226422544419,0.0219820389625
fast,forward,1,21,5.38571428571,3.87549009824,0.00233776464131,0.0243198036038
fast,forward,1,22,5.4612244898,3.96382159714,0.00231840186955,0.0266382054733
fast,forward,1,23,5.53673469388,4.13356110668,0.00217609638783,0.0288143018612
fast,forward,1,24,5.61224489796,4.33734134757,0.0019823824547,0.0307966843159
fast,forward,1,25,5.68775510204,4.53850024531,0.00179262728468,0.0325893116005
fast,forward,1,26,5.76326530612,4.78052843078,0.00154115114952,0.0341304627501
fast,forward,1,27,5.8387755102,5.02242992031,0.00128986635108,0.0354203291011
fast,forward,1,28,5.91428571429,5.25075416713,0.00105908596001,0.0364794150611
fast,forward,1,29,5.98979591837,5.47753158124,0.000830641602005,0.0373100566631
fast,forward,1,30,6.06530612245,5.71214539864,0.000590362675774,0.0379004193389
fast,forward,1,31,6.14081632653,5.94866422412,0.000347206798563,0.0382476261375
fast,forward,1,32,6.21632653061,6.18383311915,0.000106089591824,0.0383537157293
fast,forward,1,33,6.29183673469,6.41619426914,-0.000130787346894,0.0382229283824
fast,forward,1,34,6.36734693878,6.64470034418,-0.000361842335689,0.0378610860467
fast,forward,1,35,6.44285714286,6.815207294,-0.000505306808849,0.0373557792379
fast,forward,1,36,6.51836734694,6.96470912149,-0.00061704926052,0.0367387299774
fast,forward,1,37,6.59387755102,7.1439007676,-0.000773629397459,0.0359651005799
fast,forward,1,38,6.6693877551,7.30078430207,-0.000896519733154,0.0350685808467
fast,forward,1,39,6.74489795918,7.44493435442,-0.00100017991217,0.0340684009346
fast,forward,1,40,6.82040816327,7.56832680928,-0.00107249188273,0.0329959090518
fast,forward,1,41,6.89591836735,7.67438102036,-0.00111861956677,0.0318772894851
fast,forward,1,42,6.97142857143,7.75885668264,-0.00113215923834,0.0307451302467
fast,forward,1,43,7.04693877551,7.85067791165,-0.00115679221477,0.029588338032
fast,forward,1,44,7.12244897959,7.96249605565,-0.00121162461382,0.0283767134181
fast,forward,1,45,7.19795918367,8.09797309255,-0.0013021867695,0.0270745266486
fast,forward,1,46,7.27346938776,8.27268840583,-0.00145200673034,0.0256225199183
fast,forward,1,47,7.34897959184,8.42929262148,-0.00157447523761,0.0240480446807
fast,forward,1,48,7.42448979592,8.54721550669,-0.00163852704175,0.0224095176389
fast,forward,1,49,7.5,8.61184105537,0,0.0224095176389
fast,forward,2,0,3.8,3.41938706424,0.000631821118308,0.000631821118308
fast,forward,2,1,3.87551020408,3.51885883243,0.000595634266393,0.0012274553847
fast,forward,2,2,3.95102040816,3.63192988476,0.000538909720054,0.00176636510475
fast,forward,2,3,4.02653061224,3.79681900534,0.000403929315556,0.00217029442031
fast,forward,2,4,4.10204081633,3.97216035275,0.000253163915416,0.00242345833573
fast,forward,2,5,4.17755102041,4.16276319145,7.93505488485e-05,0.00250280888458
fast,forward,2,6,4.25306122449,4.37410435175,-0.000125781915635,0.00237702696894
fast,forward,2,7,4.32857142857,4.58081404752,-0.000323919923495,0.00205310704545
fast,forward,2,8,4.40408163265,4.76713209795,-0.000491262385327,0.00156184466012
fast,forward,2,9,4.47959183673,4.97548668209,-0.000691884510308,0.000869960149811
fast,forward,2,10,4.55510204082,5.17691388391,-0.000882044874243,-1.20847244317e-05
fast,forward,2,11,4.6306122449,5.3699962632,-0.00105960285313,-0.00107168757756
fast,forward,2,12,4.70612244898,5.53930595896,-0.00120125922831,-0.00227294680588
fast,forward,2,13,4.78163265306,5.69284724396,-0.00131910208522,-0.0035920488911
fast,forward,2,14,4.85714285714,5.8201233745,-0.00139727919864,-0.00498932808974
fast,forward,2,15,4.93265306122,5.92480769924,-0.00144133807474,-0.00643066616448
fast,forward,2,16,5.00816326531,6.02632874069,-0.0014806197475,-0.00791128591198
fast,forward,2,17,5.08367346939,6.10730614426,-0.00148887633448,-0.00940016224646
fast,forward,2,18,5.15918367347,6.17291059998,-0.00147391663287,-0.0108740788793
fast,forward,2,19,5.23469387755,6.22744096125,-0.00144223278863,-0.012316311668
fast,forward,2,20,5.31020408163,6.26940818054,-0.00139157603608,-0.013707887704
fast,forward,2,21,5.38571428571,6.28036689139,-0.00129409010753,-0.0150019778116
fast,forward,2,22,5.4612244898,6.25853735858,-0.00114708723957,-0.0161490650511
fast,forward,2,23,5.53673469388,6.24044035482,-0.00100572125222,-0.0171547863034
fast,forward,2,24,5.61224489796,6.27265940883,-0.000940342780689,-0.018095129084
fast,forward,2,25,5.68775510204,6.32805678286,-0.000909968302644,-0.0190050973867
fast,forward,2,26,5.76326530612,6.42108427617,-0.000936422984343,-0.019941520371
fast,forward,2,27,5.8387755102,6.50406352558,-0.000947702767073,-0.0208892231381
fast,forward,2,28,5.91428571429,6.52859075565,-0.000870708071635,-0.0217599312097
fast,forward,2,29,5.98979591837,6.55124809059,-0.000790889452921,-0.0225508206627
fast,forward,2,30,6.06530612245,6.571512753,-0.000707457410402,-0.0232582780731
fast,forward,2,31,6.14081632653,6.61691133335,-0.000661982713335,-0.0239202607864
fast,forward,2,32,6.21632653061,6.66184528786,-0.000615806336431,-0.0245360671228
fast,forward,2,33,6.29183673469,6.66765446759,-0.000510543564969,-0.0250466106878
fast,forward,2,34,6.36734693878,6.61212323753,-0.000312644256258,-0.0253592549441
fast,forward,2,35,6.44285714286,6.58879237493,-0.000163374073932,-0.025522629018
fast,forward,2,36,6.51836734694,6.59637297389,-6.07865070058e-05,-0.025583415525
fast,forward,2,37,6.59387755102,6.64437911031,-1.92497517619e-05,-0.0256026652768
fast,forward,2,38,6.6693877551,6.69873668645,1.2695033296e-05,-0.0255899702435
fast,forward,2,39,6.74489795918,6.73897580882,6.59615648535e-05,-0.0255240086786
fast,forward,2,40,6.82040816327,6.7871990208,0.000107170491702,-0.0254168381869
fast,forward,2,41,6.89591836735,6.82784199062,0.000159827131207,-0.0252570110557
fast,forward,2,42,6.97142857143,6.81322510255,0.000295937433629,-0.0249610736221
fast,forward,2,43,7.04693877551,6.76032754987,0.000489859352015,-0.0244712142701
fast,forward,2,44,7.12244897959,6.75542660364,0.000611296599425,-0.0238599176706
fast,forward,2,45,7.19795918367,6.7857039084,0.000679607508595,-0.023180310162
fast,forward,2,46,7.27346938776,6.79900448308,0.000773556744842,-0.0224067534172
fast,forward,2,47,7.34897959184,6.79664019241,0.000891163124665,-0.0215155902925
fast,forward,2,48,7.42448979592,6.78816132832,0.00101800375824,-0.0204975865343
fast,forward,2,49,7.5,6.78444320163,0,-0.0204975865343
fast,forward,3,0,3.8,4.40750118524,-0.000860432860342,-0.000860432860342
fast,forward,3,1,3.87551020408,4.46016625134,-0.000825932039718,-0.00168636490006
fast,forward,3,2,3.95102040816,4.52111665164,-0.00080394376461,-0.00249030866467
fast,forward,3,3,4.02653061224,4.55627095471,-0.000742998118196,-0.00323330678287
fast,forward,3,4,4.10204081633,4.55086641602,-0.000620800343387,-0.00385410712625
fast,forward,3,5,4.17755102041,4.51979185178,-0.000459835591241,-0.00431394271749
fast,forward,3,6,4.25306122449,4.47135501264,-0.000272650260659,-0.00458659297815
fast,forward,3,7,4.32857142857,4.44124554154,-0.000113142996096,-0.00469973597425
fast,forward,3,8,4.40408163265,4.42030516664,3.25170619604e-05,-0.00466721891229
fast,forward,3,9,4.47959183673,4.37683966305,0.000212194661293,-0.00445502425099
fast,forward,3,10,4.55510204082,4.3747345162,0.000329409681074,-0.00412561456992
fast,forward,3,11,4.6306122449,4.3195670597,0.000526759617457,-0.00359885495246
fast,forward,3,12,4.70612244898,4.29266395501,0.000681424614378,-0.00291743033809
fast,forward,3,13,4.78163265306,4.26574964567,0.00083610653261,-0.00208132380548
fast,forward,3,14,4.85714285714,4.27035563737,0.000943186363549,-0.00113813744193
fast,forward,3,15,4.93265306122,4.2693550206,0.00105873331749,-7.94041244341e-05
fast,forward,3,16,5.00816326531,4.28419605297,0.00115035614824,0.00107095202381
fast,forward,3,17,5.08367346939,4.29868976169,0.00124250350859,0.00231345553239
fast,forward,3,18,5.15918367347,4.32078693304,0.00132316808863,0.00363662362102
fast,forward,3,19,5.23469387755,4.37981068147,0.00134806600124,0.00498468962226
fast,forward,3,20,5.31020408163,4.48833201468,0.0012982124593,0.00628290208156
fast,forward,3,21,5.38571428571,4.59020592533,0.00125839788202,0.00754129996358
fast,forward,3,22,5.4612244898,4.67097884539,0.00125045010688,0.00879175007047
fast,forward,3,23,5.53673469388,4.77615520338,0.00120564816015,0.00999739823062
fast,forward,3,24,5.61224489796,4.91958427266,0.00110307681272,0.0111004750433
fast,forward,3,25,5.68775510204,5.07464868239,0.000982933726629,0.01208340877
fast,forward,3,26,5.76326530612,5.21721852707,0.000881659983686,0.0129650687537
fast,forward,3,27,5.8387755102,5.36818065479,0.00076771218064,0.0137327809343
fast,forward,3,28,5.91428571429,5.49777039021,0.000686041051685,0.014418821986
fast,forward,3,29,5.98979591837,5.61576538311,0.000621880350206,0.0150407023362
fast,forward,3,30,6.06530612245,5.75865480541,0.000520123979834,0.015560826316
fast,forward,3,31,6.14081632653,5.93717661721,0.000364555429396,0.0159253817454
fast,forward,3,32,6.21632653061,6.1117241017,0.0002149889243,0.0161403706697
fast,forward,3,33,6.29183673469,6.31645411366,1.9840643016e-05,0.0161602113127
fast,forward,3,34,6.36734693878,6.54107140989,-0.000205341496148,0.0159548698166
fast,forward,3,35,6.44285714286,6.77144908032,-0.000439222975937,0.0155156468406
fast,forward,3,36,6.51836734694,7.00309227606,-0.000675015657226,0.0148406311834
fast,forward,3,37,6.59387755102,7.21271616463,-0.000877554690939,0.0139630764925
fast,forward,3,38,6.6693877551,7.45308091613,-0.00112651870132,0.0128365577912
fast,forward,3,39,6.74489795918,7.66622460879,-0.00133437335754,0.0115021844336
fast,forward,3,40,6.82040816327,7.81493012414,-0.00144491321539,0.0100572712182
fast,forward,3,41,6.89591836735,7.95430823614,-0.00154136679061,0.00851590442763
fast,forward,3,42,6.97142857143,8.06206485096,-0.00159006545173,0.0069258389759
fast,forward,3,43,7.04693877551,8.15218459892,-0.00161212884452,0.00531371013138
fast,forward,3,44,7.12244897959,8.22228167771,-0.00160395392061,0.00370975621077
fast,forward,3,45,7.19795918367,8.28569177477,-0.0015856802896,0.00212407592117
fast,forward,3,46,7.27346938776,8.3207038433,-0.00152451983999,0.000599556081182
fast,forward,3,47,7.34897959184,8.32092971705,-0.00141082513704,-0.000811269055858
fast,forward,3,48,7.42448979592,8.36651510501,-0.00136563255758,-0.00217690161344
fast,forward,3,49,7.5,8.40684860179,0,-0.00217690161344
fast,reverse,0,0,7.5,7.48299543379,3.13375439078e-05,3.13375439078e-05
fast,reverse,0,1,7.42448979592,7.50654665081,0.000180940506392,0.0002122780503
fast,reverse,0,2,7.34897959184,7.51160829724,0.000302620443891,0.000514898494191
fast,reverse,0,3,7.27346938776,7.58301128864,0.000524489351356,0.00103938784555
fast,reverse,0,4,7.19795918367,7.62506991925,0.000702042285386,0.00174143013093
fast,reverse,0,5,7.12244897959,7.69304858196,0.000918739757686,0.00266016988862
fast,reverse,0,6,7.04693877551,7.76529442389,0.00114188154145,0.00380205143007
fast,reverse,0,7,6.97142857143,7.84791135149,0.00138068578114,0.00518273721121
fast,reverse,0,8,6.89591836735,7.88791416504,0.00155513401185,0.00673787122306
fast,reverse,0,9,6.82040816327,7.9236553456,0.00172314630702,0.00846101753008
fast,reverse,0,10,6.74489795918,7.93385809438,0.00185259035827,0.0103136078883
fast,reverse,0,11,6.6693877551,7.93212996157,0.00196401634347,0.0122776242318
fast,reverse,0,12,6.59387755102,7.94990175245,0.002104891193,0.0143825154248
fast,reverse,0,13,6.51836734694,7.96816316573,0.00224650547228,0.0166290208971
fast,reverse,0,14,6.44285714286,7.92413759774,0.00229405369822,0.0189230745953
fast,reverse,0,15,6.36734693878,7.87246318451,0.00233005060685,0.0212531252022
fast,reverse,0,16,6.29183673469,7.80840825018,0.00234735040197,0.0236004756041
fast,reverse,0,17,6.21632653061,7.76365558672,0.00239380056537,0.0259942761695
fast,reverse,0,18,6.14081632653,7.67855253473,0.00237931340731,0.0283735895768
fast,reverse,0,19,6.06530612245,7.5147528218,0.00224597823067,0.0306195678075
fast,reverse,0,20,5.98979591837,7.32391344315,0.00207180764051,0.032691375448
fast,reverse,0,21,5.91428571429,7.13124451433,0.00189487405621,0.0345862495042
fast,reverse,0,22,5.8387755102,6.93276828896,0.00170917026896,0.0362954197732
fast,reverse,0,23,5.76326530612,6.76502343187,0.00156987711952,0.0378652968927
fast,reverse,0,24,5.68775510204,6.58576087892,0.00141318989877,0.0392784867914
fast,reverse,0,25,5.61224489796,6.46692080239,0.00134775294855,0.04062623974
fast,reverse,0,26,5.53673469388,6.3769601045,0.00132592975381,0.0419521694938
fast,reverse,0,27,5.4612244898,6.27139015811,0.0012805334083,0.0432327029021
fast,reverse,0,28,5.38571428571,6.15663494291,0.00122126543231,0.0444539683344
fast,reverse,0,29,5.31020408163,6.03088841899,0.00114539833706,0.0455993666715
fast,reverse,0,30,5.23469387755,5.90115215543,0.0010635059207,0.0466628725922
fast,reverse,0,31,5.15918367347,5.7547761192,0.000956484051737,0.0476193566439
fast,reverse,0,32,5.08367346939,5.61204323125,0.000854964080176,0.0484743207241
fast,reverse,0,33,5.00816326531,5.44750383949,0.000720511837562,0.0491948325616
fast,reverse,0,34,4.93265306122,5.26616565421,0.000560689988404,0.04975552255
fast,reverse,0,35,4.85714285714,5.09187812902,0.000411516074894,0.0501670386249
fast,reverse,0,36,4.78163265306,4.9077029628,0.000247409805545,0.0504144484305
fast,reverse,0,37,4.70612244898,4.7538856682,0.000129150117824,0.0505435985483
fast,reverse,0,38,4.6306122449,4.57226116453,-3.11041305382e-05,0.0505124944178
fast,reverse,0,39,4.55510204082,4.39521457134,-0.000184444799795,0.050328049618
fast,reverse,0,40,4.47959183673,4.20338457263,-0.000360111428424,0.0499679381895
fast,reverse,0,41,4.40408163265,4.02669218903,-0.00051291716892,0.0494550210206
fast,reverse,0,42,4.32857142857,3.88292906292,-0.000615993010357,0.0488390280103
fast,reverse,0,43,4.25306122449,3.72017286254,-0.000747752270061,0.0480912757402
fast,reverse,0,44,4.17755102041,3.6030777432,-0.00081055397883,0.0472807217614
fast,reverse,0,45,4.10204081633,3.51495725138,-0.000829598086837,0.0464511236745
fast,reverse,0,46,4.02653061224,3.46972770169,-0.000783868118981,0.0456672555556
fast,reverse,0,47,3.95102040816,3.5048026742,-0.000616861933928,0.0450503936216
fast,reverse,0,48,3.87551020408,3.5947983792,-0.000366914234494,0.0446834793871
fast,reverse,0,49,3.8,3.74851590254,0,0.0446834793871
fast,reverse,1,0,7.5,8.66994710924,0.00182387680887,0.00182387680887
fast,reverse,1,1,7.42448979592,8.72980413445,0.00202830895107,0.00385218575994
fast,reverse,1,2,7.34897959184,8.78734927183,0.00222924967082,0.00608143543076
fast,reverse,1,3,7.27346938776,8.85276910293,0.00244208278519,0.00852351821595
fast,reverse,1,4,7.19795918367,8.87706847652,0.00259281561676,0.0111163338327
fast,reverse,1,5,7.12244897959,8.80641558072,0.00260015114357,0.0137164849763
fast,reverse,1,6,7.04693877551,8.73964044676,0.00261334288212,0.0163298278584
fast,reverse,1,7,6.97142857143,8.67726491732,0.00263317892136,0.0189630067798
fast,reverse,1,8,6.89591836735,8.60417879676,0.00263683978219,0.0215998465619
fast,reverse,1,9,6.82040816327,8.48328609249,0.00256830294517,0.0241681495071
fast,reverse,1,10,6.74489795918,8.32394964557,0.00244170821109,0.0266098577182
fast,reverse,1,11,6.6693877551,8.16748039188,0.00231944352393,0.0289293012421
fast,reverse,1,12,6.59387755102,7.96648503479,0.00212993533367,0.0310592365758
fast,reverse,1,13,6.51836734694,7.77702232658,0.00195784379682,0.0330170803726
fast,reverse,1,14,6.44285714286,7.58413655908,0.00178058274187,0.0347976631145
fast,reverse,1,15,6.36734693878,7.38357223292,0.00159172549627,0.0363893886108
fast,reverse,1,16,6.29183673469,7.16630806193,0.00137764807687,0.0377670366876
fast,reverse,1,17,6.21632653061,6.92598478721,0.00112874670488,0.0388957833925
fast,reverse,1,18,6.14081632653,6.71689959413,0.000927021211287,0.0398228046038
fast,reverse,1,19,6.06530612245,6.5206443938,0.000744671625127,0.0405674762289
fast,reverse,1,20,5.98979591837,6.33053760435,0.000571607394159,0.0411390836231
fast,reverse,1,21,5.91428571429,6.1582921372,0.00042551740503,0.0415646010281
fast,reverse,1,22,5.8387755102,5.99356344398,0.000290779278576,0.0418553803067
fast,reverse,1,23,5.76326530612,5.86415718248,0.000209385232681,0.0420647655394
fast,reverse,1,24,5.68775510204,5.73605150615,0.000129955335817,0.0421947208752
fast,reverse,1,25,5.61224489796,5.63517150147,9.16417594034e-05,0.0422863626346
fast,reverse,1,26,5.53673469388,5.54534837165,7.0026320529e-05,0.0423563889551
fast,reverse,1,27,5.4612244898,5.45676647419,5.02853958469e-05,0.042406674351
fast,reverse,1,28,5.38571428571,5.36806152109,3.03586320133e-05,0.042437032983
fast,reverse,1,29,5.31020408163,5.31133593707,5.87272419056e-05,0.0424957602249
fast,reverse,1,30,5.23469387755,5.2790683981,0.000124032491255,0.0426197927162
fast,reverse,1,31,5.15918367347,5.25347779271,0.000199421272962,0.0428192139891
fast,reverse,1,32,5.08367346939,5.22155715814,0.000265250418749,0.0430844644079
fast,reverse,1,33,5.00816326531,5.20507455825,0.00035439414753,0.0434388585554
fast,reverse,1,34,4.93265306122,5.21899642522,0.000489454826255,0.0439283133817
fast,reverse,1,35,4.85714285714,5.25269176754,0.000654377488177,0.0445826908698
fast,reverse,1,36,4.78163265306,5.22340200996,0.000724179795127,0.045306870665
fast,reverse,1,37,4.70612244898,5.17043546262,0.000758225317567,0.0460650959825
fast,reverse,1,38,4.6306122449,5.11452775038,0.000787829080751,0.0468529250633
fast,reverse,1,39,4.55510204082,5.03651793226,0.00078405415343,0.0476369792167
fast,reverse,1,40,4.47959183673,5.00498966005,0.000850475846464,0.0484874550632
fast,reverse,1,41,4.40408163265,5.00556954583,0.000965387410732,0.0494528424739
fast,reverse,1,42,4.32857142857,5.02220526572,0.00110454656123,0.0505573890351
fast,reverse,1,43,4.25306122449,5.03591418876,0.00123928565117,0.0517966746863
fast,reverse,1,44,4.17755102041,5.00791437123,0.00131103603086,0.0531077107172
fast,reverse,1,45,4.10204081633,4.97529885646,0.00137581576574,0.0544835264829
fast,reverse,1,46,4.02653061224,4.925821786,0.00141513111038,0.0558986575933
fast,reverse,1,47,3.95102040816,4.9200282094,0.00152041744576,0.057419075039
fast,reverse,1,48,3.87551020408,4.92965395389,0.0016489901028,0.0590680651418
fast,reverse,1,49,3.8,4.92678930938,0,0.0590680651418
fast,reverse,2,0,7.5,7.45014202295,-1.82778112428e-05,-1.82778112428e-05
fast,reverse,2,1,7.42448979592,7.4661737896,0.000119969246596,0.000101691435353
fast,reverse,2,2,7.34897959184,7.49610895739,0.000279213277594,0.000380904712947
fast,reverse,2,3,7.27346938776,7.50892205651,0.000412599490596,0.000793504203543
fast,reverse,2,4,7.19795918367,7.55210693891,0.000591853294659,0.0013853574982
fast,reverse,2,5,7.12244897959,7.56606136576,0.00072696314546,0.00211232064366
fast,reverse,2,6,7.04693877551,7.53199627092,0.000789553718606,0.00290187436227
fast,reverse,2,7,6.97142857143,7.44984143808,0.00077951897313,0.0036813933354
fast,reverse,2,8,6.89591836735,7.37531731976,0.000781008163873,0.00446240149927
fast,reverse,2,9,6.82040816327,7.31281232162,0.000800648678962,0.00526305017823
fast,reverse,2,10,6.74489795918,7.21993699913,0.000774423806266,0.0060374739845
fast,reverse,2,11,6.6693877551,7.10957291917,0.000721787340658,0.00675926132516
fast,reverse,2,12,6.59387755102,6.94122709446,0.00058158660746,0.00734084793262
fast,reverse,2,13,6.51836734694,6.72590527256,0.000370442531566,0.00771129046418
fast,reverse,2,14,6.44285714286,6.53419231782,0.000194952663232,0.00790624312741
fast,reverse,2,15,6.36734693878,6.33512746756,8.35993227424e-06,0.00791460305969
fast,reverse,2,16,6.29183673469,6.1307270498,-0.000186290594507,0.00772831246518
fast,reverse,2,17,6.21632653061,5.98016767244,-0.000299630162328,0.00742868230285
fast,reverse,2,18,6.14081632653,5.84916490163,-0.0003834352631,0.00704524703975
fast,reverse,2,19,6.06530612245,5.7645703425,-0.000397154493166,0.00664809254659
fast,reverse,2,20,5.98979591837,5.73501493567,-0.000327753370787,0.0063203391758
fast,reverse,2,21,5.91428571429,5.70335526794,-0.0002615301118,0.006058809064
fast,reverse,2,22,5.8387755102,5.65370777645,-0.000222472137688,0.00583633692631
fast,reverse,2,23,5.76326530612,5.63145300847,-0.000142045560722,0.00569429136559
fast,reverse,2,24,5.68775510204,5.6428240199,-1.08371944362e-05,0.00568345417115
fast,reverse,2,25,5.61224489796,5.70632104931,0.000199092096963,0.00588254626811
fast,reverse,2,26,5.53673469388,5.74835047689,0.000376600928442,0.00625914719656
fast,reverse,2,27,5.4612244898,5.71735507002,0.000443827356891,0.00670297455345
fast,reverse,2,28,5.38571428571,5.64161072717,0.000443473759571,0.00714644831302
fast,reverse,2,29,5.31020408163,5.54427600205,0.000410514278811,0.00755696259183
fast,reverse,2,30,5.23469387755,5.42681224271,0.000347155848431,0.00790411844026
fast,reverse,2,31,5.15918367347,5.2830783279,0.000244124122015,0.00814824256228
fast,reverse,2,32,5.08367346939,5.15769028876,0.000168798411932,0.00831704097421
fast,reverse,2,33,5.00816326531,5.02275897931,7.90604160739e-05,0.00839610139028
fast,reverse,2,34,4.93265306122,4.92595768355,4.69065225172e-05,0.0084430079128
fast,reverse,2,35,4.85714285714,4.81926624381,-1.83506851373e-07,0.00844282440595
fast,reverse,2,36,4.78163265306,4.76689913934,3.47672966436e-05,0.00847759170259
fast,reverse,2,37,4.70612244898,4.69465842028,3.97048862685e-05,0.00851729658886
fast,reverse,2,38,4.6306122449,4.61266383227,2.99121431984e-05,0.00854720873206
fast,reverse,2,39,4.55510204082,4.54691618037,4.46555893403e-05,0.0085918643214
fast,reverse,2,40,4.47959183673,4.48668154222,6.77248113681e-05,0.00865958913277
fast,reverse,2,41,4.40408163265,4.44074689505,0.000112389938123,0.00877197907089
fast,reverse,2,42,4.32857142857,4.37800056832,0.000131665997806,0.0089036450687
fast,reverse,2,43,4.25306122449,4.30955959389,0.000142341977279,0.00904598704598
fast,reverse,2,44,4.17755102041,4.23326626062,0.000141159292376,0.00918714633835
fast,reverse,2,45,4.10204081633,4.13029178101,9.96826313835e-05,0.00928682896974
fast,reverse,2,46,4.02653061224,4.04647985497,8.71453369964e-05,0.00937397430673
fast,reverse,2,47,3.95102040816,3.94304728254,4.49768623374e-05,0.00941895116907
fast,reverse,2,48,3.87551020408,3.82736985891,-1.56838365705e-05,0.0094032673325
fast,reverse,2,49,3.8,3.76147503934,0,0.0094032673325
fast,reverse,3,0,7.5,7.32484453848,-0.000207502583705,-0.000207502583705
fast,reverse,3,1,7.42448979592,7.19981897315,-0.000282280884361,-0.000489783468067
fast,reverse,3,2,7.34897959184,7.08619795332,-0.000339835993864,-0.000829619461931
fast,reverse,3,3,7.27346938776,6.97409561465,-0.000395097584875,-0.00122471704681
fast,reverse,3,4,7.19795918367,6.86223993418,-0.000449986671663,-0.00167470371847
fast,reverse,3,5,7.12244897959,6.73107167831,-0.000534041688653,-0.00220874540712
fast,reverse,3,6,7.04693877551,6.61487712732,-0.000595483355404,-0.00280422876253
fast,reverse,3,7,6.97142857143,6.51771369365,-0.000628184151119,-0.00343241291364
fast,reverse,3,8,6.89591836735,6.42247170722,-0.000657983169354,-0.004090396083
fast,reverse,3,9,6.82040816327,6.32869208872,-0.000685573713575,-0.00477596979657
fast,reverse,3,10,6.74489795918,6.24557423775,-0.000697062812962,-0.00547303260954
fast,reverse,3,11,6.6693877551,6.2054020392,-0.000643695212764,-0.0061167278223
fast,reverse,3,12,6.59387755102,6.2104746844,-0.000521998664874,-0.00663872648717
fast,reverse,3,13,6.51836734694,6.22855563573,-0.000380656919961,-0.00701938340713
fast,reverse,3,14,6.44285714286,6.28063460659,-0.000187971227206,-0.00720735463434
fast,reverse,3,15,6.36734693878,6.35967963723,4.54387191195e-05,-0.00716191591522
fast,reverse,3,16,6.29183673469,6.41561063802,0.000243941763206,-0.00691797415202
fast,reverse,3,17,6.21632653061,6.47045074553,0.000440797335809,-0.00647717681621
fast,reverse,3,18,6.14081632653,6.53658357254,0.000654707219499,-0.00582246959671
fast,reverse,3,19,6.06530612245,6.59578629666,0.000858151233524,-0.00496431836318
fast,reverse,3,20,5.98979591837,6.62212867252,0.00101196941547,-0.00395234894771
fast,reverse,3,21,5.91428571429,6.65545045422,0.00117632792461,-0.0027760210231
fast,reverse,3,22,5.8387755102,6.66900207839,0.00131082946116,-0.00146519156194
fast,reverse,3,23,5.76326530612,6.66487064091,0.00141862596583,-4.65655961115e-05
fast,reverse,3,24,5.68775510204,6.60463842663,0.00144169884838,0.00139513325227
fast,reverse,3,25,5.61224489796,6.49636994319,0.00139222716118,0.00278736041345
fast,reverse,3,26,5.53673469388,6.38467920105,0.00133758716494,0.00412494757839
fast,reverse,3,27,5.4612244898,6.24217190088,0.00123640787697,0.00536135545536
fast,reverse,3,28,5.38571428571,6.0994084592,0.00113484176304,0.00649619721839
fast,reverse,3,29,5.31020408163,5.94166317643,0.00101065001156,0.00750684722995
fast,reverse,3,30,5.23469387755,5.79072115013,0.000896732565754,0.0084035797957
fast,reverse,3,31,5.15918367347,5.64044492553,0.000783820616397,0.0091874004121
fast,reverse,3,32,5.08367346939,5.49737707569,0.000681794784031,0.00986919519613
fast,reverse,3,33,5.00816326531,5.35219649065,0.00057657829033,0.0104457734865
fast,reverse,3,34,4.93265306122,5.23330206861,0.000511059267291,0.0109568327538
fast,reverse,3,35,4.85714285714,5.12892699471,0.000467467423085,0.0114243001768
fast,reverse,3,36,4.78163265306,5.05004439751,0.000462374421224,0.0118866745981
fast,reverse,3,37,4.70612244898,4.93832324704,0.000407688502195,0.0122943631003
fast,reverse,3,38,4.6306122449,4.8222696958,0.000346459773827,0.0126408228741
fast,reverse,3,39,4.55510204082,4.69222838159,0.00026410666874,0.0129049295428
fast,reverse,3,40,4.47959183673,4.56988842732,0.000193384188868,0.0130983137317
fast,reverse,3,41,4.40408163265,4.45907973334,0.000140076265351,0.013238389997
fast,reverse,3,42,4.32857142857,4.31545380544,3.72076212058e-05,0.0132755976182
fast,reverse,3,43,4.25306122449,4.20910861379,-9.35950287925e-06,0.0132662381154
fast,reverse,3,44,4.17755102041,4.11194480682,-4.20608623365e-05,0.013224177253
fast,reverse,3,45,4.10204081633,4.00425999139,-9.0651091714e-05,0.0131335261613
fast,reverse,3,46,4.02653061224,3.89893188734,-0.000135682205958,0.0129978439554
fast,reverse,3,47,3.95102040816,3.78480940806,-0.000193994621566,0.0128038493338
fast,reverse,3,48,3.87551020408,3.72256320826,-0.000173963268165,0.0126298860656
fast,reverse,3,49,3.8,3.69809824148,0,0.0126298860656
slow,forward,0,0,3.8,4.1156321285,-0.000113913757843,-0.000113913757843
slow,forward,0,1,3.81859296482,4.04499058403,-8.07310759934e-05,-0.000194644833837
slow,forward,0,2,3.83718592965,3.98541421742,-5.16630833987e-05,-0.000246307917236
slow,forward,0,3,3.85577889447,3.96499056347,-3.71543909915e-05,-0.000283462308227
slow,forward,0,4,3.8743718593,3.91830807944,-1.2881108504e-05,-0.000296343416731
slow,forward,0,5,3.89296482412,3.86997404083,1.20063199094e-05,-0.000284337096822
slow,forward,0,6,3.91155778894,3.81630213615,3.88786834434e-05,-0.000245458413378
slow,forward,0,7,3.93015075377,3.77681433758,6.04765552569e-05,-0.000184981858122
slow,forward,0,8,3.94874371859,3.73660839138,8.23414769461e-05,-0.000102640381175
slow,forward,0,9,3.96733668342,3.68311833576,0.000109146218219,6.50583704303e-06
slow,forward,0,10,3.98592964824,3.592995724,0.000149573116041,0.000156078953084
slow,forward,0,11,4.00452261307,3.51947785187,0.000183825387069,0.000339904340153
slow,forward,0,12,4.02311557789,3.47667439538,0.000206656217105,0.000546560557258
slow,forward,0,13,4.04170854271,3.50104286388,0.000204508542374,0.000751069099632
slow,forward,0,14,4.06030150754,3.62358089743,0.000165855602244,0.000916924701877
slow,forward,0,15,4.07889447236,3.74186670786,0.000128783890811,0.00104570859269
slow,forward,0,16,4.09748743719,3.84844473778,9.60658264052e-05,0.00114177441909
slow,forward,0,17,4.11608040201,3.95657029752,6.27722986485e-05,0.00120454671774
slow,forward,0,18,4.13467336683,4.10186362214,1.56575919883e-05,0.00122020430973
slow,forward,0,19,4.15326633166,4.22838852348,-2.44779019929e-05,0.00119572640774
slow,forward,0,20,4.17185929648,4.35852195285,-6.59552606673e-05,0.00112977114707
slow,forward,0,21,4.19045226131,4.45662880956,-9.55232405627e-05,0.00103424790651
slow,forward,0,22,4.20904522613,4.57067649294,-0.000131018965053,0.000903228941454
slow,forward,0,23,4.22763819095,4.67742274648,-0.000163799584976,0.000739429356478
slow,forward,0,24,4.24623115578,4.76510807589,-0.000189492223062,0.000549937133416
slow,forward,0,25,4.2648241206,4.82994735128,-0.000206689343577,0.000343247789839
slow,forward,0,26,4.28341708543,4.88685812844,-0.000220938178314,0.000122309611525
slow,forward,0,27,4.30201005025,4.93949954235,-0.000233599410639,-0.000111289799114
slow,forward,0,28,4.32060301508,4.97003279316,-0.000238039516983,-0.000349329316097
slow,forward,0,29,4.3391959799,5.00035137314,-0.000242399795986,-0.000591729112083
slow,forward,0,30,4.35778894472,5.02920600929,-0.000246215693866,-0.000837944805949
slow,forward,0,31,4.37638190955,5.0798131975,-0.000258120480452,-0.0010960652864
slow,forward,0,32,4.39497487437,5.10386449722,-0.000260150213027,-0.00135621549943
slow,forward,0,33,4.4135678392,5.09491027725,-0.000249906536269,-0.0016061220357
slow,forward,0,34,4.43216080402,5.07283827907,-0.000234784891736,-0.00184090692743
slow,forward,0,35,4.45075376884,5.05962079563,-0.000222955880822,-0.00206386280826
slow,forward,0,36,4.46934673367,5.06374161089,-0.000217574277466,-0.00228143708572
slow,forward,0,37,4.48793969849,5.08910963835,-0.000220093647493,-0.00250153073321
slow,forward,0,38,4.50653266332,5.08892388752,-0.000213110607499,-0.00271464134071
slow,forward,0,39,4.52512562814,5.11433957851,-0.000215647701654,-0.00293028904237
slow,forward,0,40,4.54371859296,5.13078092121,-0.000214847600963,-0.00314513664333
slow,forward,0,41,4.56231155779,5.10029625214,-0.00019659762655,-0.00334173426988
slow,forward,0,42,4.58090452261,5.01614846454,-0.000158392522634,-0.00350012679251
slow,forward,0,43,4.59949748744,4.94543113423,-0.000125181659115,-0.00362530845163
slow,forward,0,44,4.61809045226,4.8797605222,-9.38474647075e-05,-0.00371915591634
slow,forward,0,45,4.63668341709,4.84956561595,-7.57052412956e-05,-0.00379486115763
slow,forward,0,46,4.65527638191,4.79890605718,-4.99530465911e-05,-0.00384481420422
slow,forward,0,47,4.67386934673,4.73645536931,-1.98162109161e-05,-0.00386463041514
slow,forward,0,48,4.69246231156,4.69012710785,4.32535061836e-06,-0.00386030506452
slow,forward,0,49,4.71105527638,4.64532079656,2.79009608326e-05,-0.00383240410369
slow,forward,0,50,4.72964824121,4.62751812201,4.14350176821e-05,-0.00379096908601
slow,forward,0,51,4.74824120603,4.5966938404,5.98112801759e-05,-0.00373115780583
slow,forward,0,52,4.76683417085,4.56716088939,7.77073493793e-05,-0.00365345045645
slow,forward,0,53,4.78542713568,4.56610742215,8.50130577854e-05,-0.00356843739867
slow,forward,0,54,4.8040201005,4.58606717282,8.4504805763e-05,-0.0034839325929
slow,forward,0,55,4.82261306533,4.565391378,9.91072590998e-05,-0.0033848253338
slow,forward,0,56,4.84120603015,4.51429047777,0.000125023570727,-0.00325980176308
slow,forward,0,57,4.85979899497,4.47275360909,0.000147383408311,-0.00311241835477
slow,forward,0,58,4.8783919598,4.43743324994,0.000167431579037,-0.00294498677573
slow,forward,0,59,4.89698492462,4.44125622767,0.000172923936047,-0.00277206283968
slow,forward,0,60,4.91557788945,4.50332080623,0.000156758612343,-0.00261530422734
slow,forward,0,61,4.93417085427,4.60879983671,0.000124449221097,-0.00249085500624
slow,forward,0,62,4.9527638191,4.75777591263,7.59650491288e-05,-0.00241488995711
slow,forward,0,63,4.97135678392,4.9135222021,2.49633103171e-05,-0.0023899266468
slow,forward,0,64,4.98994974874,5.01957935708,-7.56106190267e-06,-0.0023974877087
slow,forward,0,65,5.00854271357,5.11657019466,-3.67140397113e-05,-0.00243420174841
slow,forward,0,66,5.02713567839,5.1977475181,-5.99866152758e-05,-0.00249418836369
slow,forward,0,67,5.04572864322,5.28200300691,-8.44038352508e-05,-0.00257859219894
slow,forward,0,68,5.06432160804,5.35561100251,-0.000104861685889,-0.00268345388483
slow,forward,0,69,5.08291457286,5.43052571309,-0.000125805450643,-0.00280925933547
slow,forward,0,70,5.10150753769,5.45600278485,-0.000128365369806,-0.00293762470527
slow,forward,0,71,5.12010050251,5.47760335536,-0.000129483775942,-0.00306710848122
slow,forward,0,72,5.13869346734,5.48609836383,-0.000125728756995,-0.00319283723821
slow,forward,0,73,5.15728643216,5.46104279256,-0.000109497643071,-0.00330233488128
slow,forward,0,74,5.17587939698,5.4029459731,-8.09798338398e-05,-0.00338331471512
slow,forward,0,75,5.19447236181,5.36633953603,-6.04534230835e-05,-0.00344376813821
slow,forward,0,76,5.21306532663,5.37273520428,-5.59177449613e-05,-0.00349968588317
slow,forward,0,77,5.23165829146,5.35667274055,-4.30308016793e-05,-0.00354271668485
slow,forward,0,78,5.25025125628,5.33208382382,-2.69732175854e-05,-0.00356968990243
slow,forward,0,79,5.26884422111,5.30968520065,-1.17301145133e-05,-0.00358142001694
slow,forward,0,80,5.28743718593,5.25833168685,1.42801338195e-05,-0.00356713988313
slow,forward,0,81,5.30603015075,5.15386225575,6.00420297942e-05,-0.00350709785333
slow,forward,0,82,5.32462311558,5.03657215602,0.000110571410584,-0.00339652644275
slow,forward,0,83,5.3432160804,4.93690836116,0.000154546286041,-0.00324198015671
slow,forward,0,84,5.36180904523,4.85734653223,0.000191046058595,-0.00305093409811
slow,forward,0,85,5.38040201005,4.78378686895,0.00022531387005,-0.00282562022806
slow,forward,0,86,5.39899497487,4.71060969118,0.000259439450713,-0.00256618077735
slow,forward,0,87,5.4175879397,4.64958892185,0.000289044557884,-0.00227713621946
slow,forward,0,88,5.43618090452,4.55601300913,0.000330755597777,-0.00194638062169
slow,forward,0,89,5.45477386935,4.45727929367,0.000374384614565,-0.00157199600712
slow,forward,0,90,5.47336683417,4.3686933349,0.000414240093691,-0.00115775591343
slow,forward,0,91,5.49195979899,4.33814804882,0.000432512609104,-0.000725243304327
slow,forward,0,92,5.51055276382,4.34782886077,0.000435826676001,-0.000289416628325
slow,forward,0,93,5.52914572864,4.32687434634,0.000450532773812,0.000161116145487
slow,forward,0,94,5.54773869347,4.31705024293,0.000461099924814,0.0006222160703
slow,forward,0,95,5.56633165829,4.36280252293,0.00045100048098,0.00107321655128
slow,forward,0,96,5.58492462312,4.41022170909,0.000440281182596,0.00151349773388
slow,forward,0,97,5.60351758794,4.501402348,0.000413288781175,0.00192678651505
slow,forward,0,98,5.62211055276,4.64721077085,0.000365982530452,0.0022927690455
slow,forward,0,99,5.64070351759,4.79771674567,0.000316929451357,0.00260969849686
slow,forward,0,100,5.65929648241,4.92728682611,0.000275661579222,0.00288536007608
slow,forward,0,101,5.67788944724,5.02311626755,0.000246940477363,0.00313230055345
slow,forward,0,102,5.69648241206,5.12110217271,0.000217417474424,0.00334971802787
slow,forward,0,103,5.71507537688,5.25760045161,0.000173573287282,0.00352329131515
slow,forward,0,104,5.73366834171,5.45503799144,0.00010706826944,0.00363035958459
slow,forward,0,105,5.75226130653,5.64070324833,4.49408844494e-05,0.00367530046904
slow,forward,0,106,5.77085427136,5.83890598195,-2.18486778164e-05,0.00365345179122
slow,forward,0,107,5.78944723618,6.04430750551,-9.13151770446e-05,0.00356213661418
slow,forward,0,108,5.80804020101,6.21331518793,-0.000147248288111,0.00341488832607
slow,forward,0,109,5.82663316583,6.38451544376,-0.000203996727983,0.00321089159808
slow,forward,0,110,5.84522613065,6.52999498703,-0.000251180681776,0.00295971091631
slow,forward,0,111,5.86381909548,6.68322922554,-0.000301248291087,0.00265846262522
slow,forward,0,112,5.8824120603,6.77650295985,-0.000329019029489,0.00232944359573
slow,forward,0,113,5.90100502513,6.83025652254,-0.000342093824673,0.00198734977106
slow,forward,0,114,5.91959798995,6.8415049063,-0.000339362673926,0.00164798709713
slow,forward,0,115,5.93819095477,6.83643247884,-0.000330562477802,0.00131742461933
slow,forward,0,116,5.9567839196,6.7959013615,-0.000308576638201,0.00100884798113
slow,forward,0,117,5.97537688442,6.78359424378,-0.000297086155247,0.000711761825883
slow,forward,0,118,5.99396984925,6.78494809971,-0.000290675632342,0.000421086193541
slow,forward,0,119,6.01256281407,6.78989004463,-0.000285599373684,0.000135486819857
slow,forward,0,120,6.03115577889,6.7860325602,-0.000277250965418,-0.000141764145561
slow,forward,0,121,6.04974874372,6.75701320404,-0.000259545881234,-0.000401310026795
slow,forward,0,122,6.06834170854,6.75810617666,-0.000253038346442,-0.000654348373237
slow,forward,0,123,6.08693467337,6.79829682291,-0.000261069645063,-0.0009154180183
slow,forward,0,124,6.10552763819,6.8393972554,-0.000269439256157,-0.00118485727446
slow,forward,0,125,6.12412060302,6.87133512144,-0.000274401681732,-0.00145925895619
slow,forward,0,126,6.14271356784,6.91931851635,-0.00028533078639,-0.00174458974258
slow,forward,0,127,6.16130653266,6.95320170514,-0.000291016598315,-0.00203560634089
slow,forward,0,128,6.17989949749,6.9494115515,-0.000282693227631,-0.00231829956852
slow,forward,0,129,6.19849246231,6.9702111802,-0.000283513796108,-0.00260181336463
slow,forward,0,130,6.21708542714,7.03527544093,-0.00030079457951,-0.00290260794414
slow,forward,0,131,6.23567839196,7.09592726673,-0.000316434557964,-0.00321904250211
slow,forward,0,132,6.25427135678,7.1501955695,-0.000329700764033,-0.00354874326614
slow,forward,0,133,6.27286432161,7.21548602945,-0.000347065661718,-0.00389580892786
slow,forward,0,134,6.29145728643,7.2979096923,-0.000370801700178,-0.00426661062804
slow,forward,0,135,6.31005025126,7.39732326761,-0.000400855595536,-0.00466746622357
slow,forward,0,136,6.32864321608,7.50354898897,-0.00043344265073,-0.0051009088743
slow,forward,0,137,6.3472361809,7.5995744139,-0.00046223663087,-0.00556314550517
slow,forward,0,138,6.36582914573,7.66541735745,-0.000479806974718,-0.00604295247989
slow,forward,0,139,6.38442211055,7.6616254509,-0.000471482952199,-0.00651443543209
slow,forward,0,140,6.40301507538,7.61193628021,-0.000446091605321,-0.00696052703741
slow,forward,0,141,6.4216080402,7.54760783577,-0.000415256508411,-0.00737578354582
slow,forward,0,142,6.44020100503,7.48251269488,-0.000384136308294,-0.00775991985411
slow,forward,0,143,6.45879396985,7.40757867879,-0.000349357430972,-0.00810927728509
slow,forward,0,144,6.47738693467,7.33645344257,-0.00031599488385,-0.00842527216894
slow,forward,0,145,6.4959798995,7.27210503086,-0.000285152361923,-0.00871042453086
slow,forward,0,146,6.51457286432,7.23281960832,-0.000263629745513,-0.00897405427637
slow,forward,0,147,6.53316582915,7.21013670949,-0.000248280931896,-0.00922233520827
slow,forward,0,148,6.55175879397,7.19526248033,-0.000235835844683,-0.00945817105295
slow,forward,0,149,6.57035175879,7.20586284503,-0.000232863722024,-0.00969103477498
slow,forward,0,150,6.58894472362,7.25345494884,-0.000243647321447,-0.00993468209642
slow,forward,0,151,6.60753768844,7.28857917429,-0.000249794624392,-0.0101844767208
slow,forward,0,152,6.62613065327,7.31998783357,-0.000254560259519,-0.0104390369803
slow,forward,0,153,6.64472361809,7.34150255506,-0.000255646741895,-0.0106946837222
slow,forward,0,154,6.66331658291,7.39981657382,-0.000270417385069,-0.0109651011073
slow,forward,0,155,6.68190954774,7.44518700663,-0.000280374835475,-0.0112454759428
slow,forward,0,156,6.70050251256,7.45298492934,-0.000276360598708,-0.0115218365415
slow,forward,0,157,6.71909547739,7.4496023614,-0.000268188792555,-0.011790025334
slow,forward,0,158,6.73768844221,7.42380603166,-0.000251682220708,-0.0120417075547
slow,forward,0,159,6.75628140704,7.41959540145,-0.0002432024919,-0.0122849100466
slow,forward,0,160,6.77487437186,7.41562621413,-0.000234812545878,-0.0125197225925
slow,forward,0,161,6.79346733668,7.43865582704,-0.000236462354712,-0.0127561849472
slow,forward,0,162,6.81206030151,7.50123621411,-0.000252819486602,-0.0130090044338
slow,forward,0,163,6.83065326633,7.53960863419,-0.000260174660921,-0.0132691790948
slow,forward,0,164,6.84924623116,7.57315854624,-0.000265736540794,-0.0135349156356
slow,forward,0,165,6.86783919598,7.59671835825,-0.000267583509094,-0.0138024991446
slow,forward,0,166,6.8864321608,7.60189233541,-0.00026259353378,-0.0140650926784
slow,forward,0,167,6.90502512563,7.6473913047,-0.000272598781673,-0.0143376914601
slow,forward,0,168,6.92361809045,7.69067143739,-0.000281778934546,-0.0146194703946
slow,forward,0,169,6.94221105528,7.7065712532,-0.000280777462049,-0.0149002478567
slow,forward,0,170,6.9608040201,7.66824410615,-0.000259611189291,-0.015159859046
slow,forward,0,171,6.97939698492,7.61186272574,-0.000231731282019,-0.015391590328
slow,forward,0,172,6.99798994975,7.54641572913,-0.000200480241084,-0.0155920705691
slow,forward,0,173,7.01658291457,7.48182273761,-0.00016954676988,-0.015761617339
slow,forward,0,174,7.0351758794,7.40307422192,-0.000133349435417,-0.0158949667744
slow,forward,0,175,7.05376884422,7.31210764534,-9.26087014282e-05,-0.0159875754758
slow,forward,0,176,7.07236180905,7.24455311444,-6.05739542736e-05,-0.0160481494301
slow,forward,0,177,7.09095477387,7.20977266335,-4.07265533819e-05,-0.0160888759835
slow,forward,0,178,7.10954773869,7.2060033594,-3.2410935848e-05,-0.0161212869193
slow,forward,0,179,7.12814070352,7.23383131791,-3.58450541023e-05,-0.0161571319734
slow,forward,0,180,7.14673366834,7.25720278846,-3.76219858793e-05,-0.0161947539593
slow,forward,0,181,7.16532663317,7.31149779698,-5.08981227337e-05,-0.016245652082
slow,forward,0,182,7.18391959799,7.38278764059,-7.04939470047e-05,-0.016316146029
slow,forward,0,183,7.20251256281,7.45954141888,-9.21215861832e-05,-0.0164082676152
slow,forward,0,184,7.22110552764,7.57941702748,-0.000129784478844,-0.0165380520941
slow,forward,0,185,7.23969849246,7.64580818503,-0.000147558681164,-0.0166856107752
slow,forward,0,186,7.25829145729,7.6911359178,-0.000157500253163,-0.0168431110284
slow,forward,0,187,7.27688442211,7.72450211869,-0.000162993818335,-0.0170061048467
slow,forward,0,188,7.29547738693,7.71426832585,-0.000152274320509,-0.0171583791672
slow,forward,0,189,7.31407035176,7.61362173791,-0.000107933984305,-0.0172663131515
slow,forward,0,190,7.33266331658,7.50344462618,-6.00496342308e-05,-0.0173263627858
slow,forward,0,191,7.35125628141,7.40690620844,-1.72369593063e-05,-0.0173435997451
slow,forward,0,192,7.36984924623,7.30791204019,2.64889092746e-05,-0.0173171108358
slow,forward,0,193,7.38844221106,7.25880438447,5.16640143998e-05,-0.0172654468214
slow,forward,0,194,7.40703517588,7.24332444348,6.43343411868e-05,-0.0172011124802
slow,forward,0,195,7.4256281407,7.23470861885,7.4452182492e-05,-0.0171266602977
slow,forward,0,196,7.44422110553,7.20006005049,9.42505415642e-05,-0.0170324097562
slow,forward,0,197,7.46281407035,7.16071879011,0.00011579392179,-0.0169166158344
slow,forward,0,198,7.48140703518,7.13785582473,0.000131209694831,-0.0167854061395
slow,forward,0,199,7.5,7.19863735198,0,-0.0167854061395
slow,forward,1,0,3.8,3.51153765399,0.000110724388458,0.000110724388458
slow,forward,1,1,3.81859296482,3.52587039404,0.000112308592644,0.000223032981102
slow,forward,1,2,3.83718592965,3.57439009655,0.000101180057024,0.000324213038126
slow,forward,1,3,3.85577889447,3.65951102031,7.64410170163e-05,0.000400654055142
slow,forward,1,4,3.8743718593,3.7845285001,3.68660717547e-05,0.000437520126897
slow,forward,1,5,3.89296482412,3.90961550901,-2.73472856114e-06,0.000434785398336
slow,forward,1,6,3.91155778894,4.01229475587,-3.40029942428e-05,0.000400782404093
slow,forward,1,7,3.93015075377,4.06927883377,-4.82790865405e-05,0.000352503317552
slow,forward,1,8,3.94874371859,4.11445349427,-5.81637371923e-05,0.00029433958036
slow,forward,1,9,3.96733668342,4.14254710174,-6.1696639486e-05,0.000232642940874
slow,forward,1,10,3.98592964824,4.1500723351,-5.75810006492e-05,0.000175061940225
slow,forward,1,11,4.00452261307,4.17251374286,-5.90120799308e-05,0.000116049860294
slow,forward,1,12,4.02311557789,4.19340447062,-5.98665244405e-05,5.61833358535e-05
slow,forward,1,13,4.04170854271,4.25860666921,-7.71986013184e-05,-2.1015265465e-05
slow,forward,1,14,4.06030150754,4.3070110501,-8.82842535232e-05,-0.000109299518988
slow,forward,1,15,4.07889447236,4.35232073396,-9.82191138676e-05,-0.000207518632856
slow,forward,1,16,4.09748743719,4.37148753456,-9.84325000347e-05,-0.00030595113289
slow,forward,1,17,4.11608040201,4.40951680047,-0.000105660069285,-0.000411611202176
slow,forward,1,18,4.13467336683,4.46958650139,-0.000121083579188,-0.000532694781364
slow,forward,1,19,4.15326633166,4.48355338973,-0.000119363329643,-0.000652058111007
slow,forward,1,20,4.17185929648,4.53286789462,-0.000130787419917,-0.000782845530924
slow,forward,1,21,4.19045226131,4.55635602624,-0.0001326077332,-0.000915453264124
slow,forward,1,22,4.20904522613,4.5558481457,-0.000125504906281,-0.00104095817041
slow,forward,1,23,4.22763819095,4.54369522836,-0.000114071764169,-0.00115502993457
slow,forward,1,24,4.24623115578,4.54817909544,-0.000108825165008,-0.00126385509958
slow,forward,1,25,4.2648241206,4.50712354235,-8.66443090978e-05,-0.00135049940868
slow,forward,1,26,4.28341708543,4.47664381567,-6.83961725585e-05,-0.00141889558124
slow,forward,1,27,4.30201005025,4.45421870261,-5.31432189734e-05,-0.00147203880021
slow,forward,1,28,4.32060301508,4.40659557754,-2.85201503718e-05,-0.00150055895058
slow,forward,1,29,4.3391959799,4.37193018459,-8.7155349165e-06,-0.0015092744855
slow,forward,1,30,4.35778894472,4.36661863823,1.73579794347e-07,-0.00150910090571
slow,forward,1,31,4.37638190955,4.31034697794,2.80126866223e-05,-0.00148108821908
slow,forward,1,32,4.39497487437,4.25754452426,5.45617367156e-05,-0.00142652648237
slow,forward,1,33,4.4135678392,4.19038456873,8.64497573512e-05,-0.00134007672502
slow,forward,1,34,4.43216080402,4.14405027126,0.000110593563431,-0.00122948316159
slow,forward,1,35,4.45075376884,4.10587427892,0.000131703627904,-0.00109777953368
slow,forward,1,36,4.46934673367,4.03511167858,0.000164931325503,-0.000932848208179
slow,forward,1,37,4.48793969849,3.97742282407,0.000193297429174,-0.000739550779005
slow,forward,1,38,4.50653266332,3.94902811535,0.000210770232401,-0.000528780546604
slow,forward,1,39,4.52512562814,3.94595936456,0.000218825342729,-0.000309955203875
slow,forward,1,40,4.54371859296,3.9613464022,0.00022001749656,-8.9937707315e-05
slow,forward,1,41,4.56231155779,3.96625709639,0.000225105376089,0.000135167668774
slow,forward,1,42,4.58090452261,3.9539174626,0.000236607950451,0.000371775619225
slow,forward,1,43,4.59949748744,3.91901299686,0.000256501467344,0.000628277086569
slow,forward,1,44,4.61809045226,3.95815475337,0.000248860208121,0.00087713729469
slow,forward,1,45,4.63668341709,3.99661580847,0.000241472074052,0.00111860936874
slow,forward,1,46,4.65527638191,4.02089965899,0.000239355865298,0.00135796523404
slow,forward,1,47,4.67386934673,4.01571208573,0.000248198879461,0.0016061641135
slow,forward,1,48,4.69246231156,4.05781100907,0.000239457970265,0.00184562208377
slow,forward,1,49,4.71105527638,4.10205148728,0.000229920703981,0.00207554278775
slow,forward,1,50,4.72964824121,4.13047750024,0.000226264193619,0.00230180698137
slow,forward,1,51,4.74824120603,4.15423843465,0.000224342436084,0.00252614941745
slow,forward,1,52,4.76683417085,4.17902424595,0.00022203956855,0.002748188986
slow,forward,1,53,4.78542713568,4.16999595059,0.000232310790931,0.00298049977693
slow,forward,1,54,4.8040201005,4.1437494687,0.000248984756039,0.00322948453297
slow,forward,1,55,4.82261306533,4.11572439058,0.000266320108692,0.00349580464166
slow,forward,1,56,4.84120603015,4.13025614045,0.000267830309227,0.00376363495089
slow,forward,1,57,4.85979899497,4.1847689086,0.000254473196435,0.00401810814732
slow,forward,1,58,4.8783919598,4.26144693556,0.000232873726091,0.00425098187341
slow,forward,1,59,4.89698492462,4.35429593431,0.000205260929557,0.00445624280297
slow,forward,1,60,4.91557788945,4.43414947744,0.000182480614006,0.00463872341698
slow,forward,1,61,4.93417085427,4.48817941492,0.000169303046283,0.00480802646326
slow,forward,1,62,4.9527638191,4.52301299985,0.000163263820718,0.00497129028398
slow,forward,1,63,4.97135678392,4.50824206507,0.00017567049695,0.00514696078093
slow,forward,1,64,4.98994974874,4.43782355039,0.000208770243099,0.00535573102403
slow,forward,1,65,5.00854271357,4.34033060648,0.000251937867452,0.00560766889148
slow,forward,1,66,5.02713567839,4.27315860473,0.000283830367585,0.00589149925906
slow,forward,1,67,5.04572864322,4.23270590414,0.000305787047185,0.00619728630625
slow,forward,1,68,5.06432160804,4.22230545577,0.000316568517419,0.00651385482367
slow,forward,1,69,5.08291457286,4.2039089363,0.000330323401027,0.00684417822469
slow,forward,1,70,5.10150753769,4.20723216336,0.00033600159497,0.00718017981966
slow,forward,1,71,5.12010050251,4.20032189387,0.000345485209739,0.0075256650294
slow,forward,1,72,5.13869346734,4.22104687653,0.000344692399085,0.00787035742849
slow,forward,1,73,5.15728643216,4.25401143036,0.000339348190111,0.0082097056186
slow,forward,1,74,5.17587939698,4.33668719576,0.00031551840497,0.00852522402357
slow,forward,1,75,5.19447236181,4.4593648155,0.000276813558418,0.00880203758199
slow,forward,1,76,5.21306532663,4.62533809792,0.000222008817201,0.00902404639919
slow,forward,1,77,5.23165829146,4.78378156853,0.000170004106509,0.0091940505057
slow,forward,1,78,5.25025125628,4.97031558273,0.000107553666038,0.00930160417174
slow,forward,1,79,5.26884422111,5.15214035377,4.68544014121e-05,0.00934845857315
slow,forward,1,80,5.28743718593,5.34178172571,-1.67515389214e-05,0.00933170703423
slow,forward,1,81,5.30603015075,5.51652422373,-7.48171944819e-05,0.00925688983974
slow,forward,1,82,5.32462311558,5.65483791643,-0.000119336460122,0.00913755337962
slow,forward,1,83,5.3432160804,5.7766161214,-0.000157706850932,0.00897984652869
slow,forward,1,84,5.36180904523,5.8854261231,-0.000191254894795,0.0087885916339
slow,forward,1,85,5.38040201005,5.96895922268,-0.00021540348762,0.00857318814628
slow,forward,1,86,5.39899497487,6.02782730644,-0.000230380165013,0.00834280798126
slow,forward,1,87,5.4175879397,6.09218846241,-0.000247399492373,0.00809540848889
slow,forward,1,88,5.43618090452,6.13535280937,-0.000256536589246,0.00783887189964
slow,forward,1,89,5.45477386935,6.17017885079,-0.00026257300969,0.00757629888995
slow,forward,1,90,5.47336683417,6.18929750306,-0.000262768491453,0.0073135303985
slow,forward,1,91,5.49195979899,6.20000916559,-0.000259837755926,0.00705369264257
slow,forward,1,92,5.51055276382,6.1972335284,-0.000251891642615,0.00680180099996
slow,forward,1,93,5.52914572864,6.20320329074,-0.000247197587421,0.00655460341254
slow,forward,1,94,5.54773869347,6.15623189186,-0.000222816869258,0.00633178654328
slow,forward,1,95,5.56633165829,6.09648290928,-0.000193684687813,0.00613810185547
slow,forward,1,96,5.58492462312,6.02350127637,-0.000159631822324,0.00597847003314
slow,forward,1,97,5.60351758794,5.9601860867,-0.000129173513617,0.00584929651953
slow,forward,1,98,5.62211055276,5.88631639534,-9.47904153391e-05,0.00575450610419
slow,forward,1,99,5.64070351759,5.81538257335,-6.1499047378e-05,0.00569300705681
slow,forward,1,100,5.65929648241,5.75115889066,-3.07029070932e-05,0.00566230414972
slow,forward,1,101,5.67788944724,5.66614786288,7.82320070681e-06,0.00567012735042
slow,forward,1,102,5.69648241206,5.58507271008,4.4885716809e-05,0.00571501306723
slow,forward,1,103,5.71507537688,5.5433459552,6.73161653426e-05,0.00578232923257
slow,forward,1,104,5.73366834171,5.5483521337,7.2368538145e-05,0.00585469777072
slow,forward,1,105,5.75226130653,5.61595656783,5.41431676515e-05,0.00590884093837
slow,forward,1,106,5.77085427136,5.67194345009,4.02378918213e-05,0.00594907883019
slow,forward,1,107,5.78944723618,5.68945046316,4.0641713074e-05,0.00598972054327
slow,forward,1,108,5.80804020101,5.66706886605,5.58784848509e-05,0.00604559902812
slow,forward,1,109,5.82663316583,5.68071125972,5.77194007551e-05,0.00610331842887
slow,forward,1,110,5.84522613065,5.771098519,3.1022024928e-05,0.0061343404538
slow,forward,1,111,5.86381909548,5.85748507683,5.81234712933e-06,0.00614015280093
slow,forward,1,112,5.8824120603,5.96762716363,-2.82310449652e-05,0.00611192175596
slow,forward,1,113,5.90100502513,6.07003208613,-5.93973005827e-05,0.00605252445538
slow,forward,1,114,5.91959798995,6.18574695039,-9.55129817777e-05,0.0059570114736
slow,forward,1,115,5.93819095477,6.22893494866,-0.000104658873613,0.00585235259999
slow,forward,1,116,5.9567839196,6.23333699561,-9.93818488759e-05,0.00575297075111
slow,forward,1,117,5.97537688442,6.25549174017,-0.000100706329782,0.00565226442133
slow,forward,1,118,5.99396984925,6.27421242287,-0.000100753822862,0.00555151059847
slow,forward,1,119,6.01256281407,6.29609980981,-0.000101978884354,0.00544953171412
slow,forward,1,120,6.03115577889,6.33428626311,-0.000109264905194,0.00534026680892
slow,forward,1,121,6.04974874372,6.39237041665,-0.000123950070847,0.00521631673808
slow,forward,1,122,6.06834170854,6.45855647125,-0.000141648003727,0.00507466873435
slow,forward,1,123,6.08693467337,6.52022558387,-0.000157666269741,0.00491700246461
slow,forward,1,124,6.10552763819,6.54882584212,-0.000161387574835,0.00475561488977
slow,forward,1,125,6.12412060302,6.54831298813,-0.000154282898492,0.00460133199128
slow,forward,1,126,6.14271356784,6.53840037268,-0.000143682833467,0.00445764915782
slow,forward,1,127,6.16130653266,6.48587845588,-0.000117238103615,0.0043404110542
slow,forward,1,128,6.17989949749,6.42100545726,-8.62005091686e-05,0.00425421054503
slow,forward,1,129,6.19849246231,6.33774053896,-4.832370841e-05,0.00420588683662
slow,forward,1,130,6.21708542714,6.2463614393,-7.42957387606e-06,0.00419845726275
slow,forward,1,131,6.23567839196,6.18320111743,2.2971145799e-05,0.00422142840854
slow,forward,1,132,6.25427135678,6.13296921702,4.85643117646e-05,0.00426999272031
slow,forward,1,133,6.27286432161,6.08057211928,7.49626264871e-05,0.0043449553468
slow,forward,1,134,6.29145728643,6.01191005707,0.000107409219454,0.00445236456625
slow,forward,1,135,6.31005025126,5.91783637187,0.000149305360669,0.00460166992692
slow,forward,1,136,6.32864321608,5.88211310979,0.000169503354591,0.00477117328151
slow,forward,1,137,6.3472361809,5.89480479323,0.000171697800936,0.00494287108245
slow,forward,1,138,6.36582914573,5.94843520631,0.000158668800077,0.00510153988252
slow,forward,1,139,6.38442211055,6.04406867342,0.000130020573098,0.00523156045562
slow,forward,1,140,6.40301507538,6.09450828751,0.000118178100505,0.00534973855613
slow,forward,1,141,6.4216080402,6.12940121047,0.00011211680954,0.00546185536567
slow,forward,1,142,6.44020100503,6.18646299234,9.7811822297e-05,0.00555966718796
slow,forward,1,143,6.45879396985,6.24486113403,8.30098972314e-05,0.00564267708519
slow,forward,1,144,6.47738693467,6.31077294713,6.54139436004e-05,0.00570809102879
slow,forward,1,145,6.4959798995,6.37839246833,4.71829628394e-05,0.00575527399163
slow,forward,1,146,6.51457286432,6.43084411573,3.45922969564e-05,0.00578986628859
slow,forward,1,147,6.53316582915,6.46748270846,2.78818624582e-05,0.00581774815105
slow,forward,1,148,6.55175879397,6.47202513657,3.31066851569e-05,0.00585085483621
slow,forward,1,149,6.57035175879,6.4787185434,3.75316464208e-05,0.00588838648263
slow,forward,1,150,6.58894472362,6.50580816692,3.43720848957e-05,0.00592275856752
slow,forward,1,151,6.60753768844,6.539571655,2.8730784789e-05,0.00595148935231
slow,forward,1,152,6.62613065327,6.55710571865,2.91245470342e-05,0.00598061389935
slow,forward,1,153,6.64472361809,6.55147805828,3.81312116803e-05,0.00601874511103
slow,forward,1,154,6.66331658291,6.57612222292,3.58810167734e-05,0.0060546261278
slow,forward,1,155,6.68190954774,6.62650859062,2.40583443471e-05,0.00607868447215
slow,forward,1,156,6.70050251256,6.67385552334,1.33659140753e-05,0.00609205038622
slow,forward,1,157,6.71909547739,6.75632950695,-1.03888366284e-05,0.00608166154959
slow,forward,1,158,6.73768844221,6.81394282412,-2.48989174013e-05,0.00605676263219
slow,forward,1,159,6.75628140704,6.81881366734,-1.9796218916e-05,0.00603696641328
slow,forward,1,160,6.77487437186,6.80438294394,-7.51605344528e-06,0.00602945035983
slow,forward,1,161,6.79346733668,6.78366614641,7.10164712819e-06,0.00603655200696
slow,forward,1,162,6.81206030151,6.73336406824,3.27209093492e-05,0.00606927291631
slow,forward,1,163,6.83065326633,6.69256221819,5.48074234208e-05,0.00612408033973
slow,forward,1,164,6.84924623116,6.61355405152,9.1101311517e-05,0.00621518165125
slow,forward,1,165,6.86783919598,6.52019542857,0.000132731550184,0.00634791320143
slow,forward,1,166,6.8864321608,6.43815078829,0.000170154579219,0.00651806778065
slow,forward,1,167,6.90502512563,6.39754162678,0.000192169440267,0.00671023722092
slow,forward,1,168,6.92361809045,6.38461710891,0.000203889509208,0.00691412673012
slow,forward,1,169,6.94221105528,6.35179772745,0.000223007668129,0.00713713439825
slow,forward,1,170,6.9608040201,6.30359589623,0.000247845933995,0.00738498033225
slow,forward,1,171,6.97939698492,6.26855756063,0.00026778923164,0.00765276956389
slow,forward,1,172,6.99798994975,6.2525792941,0.000280644865408,0.0079334144293
slow,forward,1,173,7.01658291457,6.28724204391,0.000274669166471,0.00820808359577
slow,forward,1,174,7.0351758794,6.39142251076,0.000242842658179,0.00845092625395
slow,forward,1,175,7.05376884422,6.49722741984,0.000210412085943,0.00866133833989
slow,forward,1,176,7.07236180905,6.58104296949,0.000186158461434,0.00884749680132
slow,forward,1,177,7.09095477387,6.69532587965,0.000150575265683,0.00899807206701
slow,forward,1,178,7.10954773869,6.85612021505,9.76963640615e-05,0.00909576843107
slow,forward,1,179,7.12814070352,7.03630574884,3.76066650497e-05,0.00913337509612
slow,forward,1,180,7.14673366834,7.17130783042,-5.68114721369e-06,0.0091276939489
slow,forward,1,181,7.16532663317,7.30434980953,-4.82400771485e-05,0.00907945387176
slow,forward,1,182,7.18391959799,7.40585658157,-7.90723471693e-05,0.00900038152459
slow,forward,1,183,7.20251256281,7.51419808245,-0.000112446174646,0.00888793534994
slow,forward,1,184,7.22110552764,7.58851370701,-0.000133167163692,0.00875476818625
slow,forward,1,185,7.23969849246,7.61886320798,-0.000137538940954,0.00861722924529
slow,forward,1,186,7.25829145729,7.66183877049,-0.000146605836577,0.00847062340872
slow,forward,1,187,7.27688442211,7.69170300314,-0.000150797162302,0.00831982624641
slow,forward,1,188,7.29547738693,7.73237576729,-0.000159007740944,0.00816081850547
slow,forward,1,189,7.31407035176,7.7459799108,-0.000157152601358,0.00800366590411
slow,forward,1,190,7.33266331658,7.75185502927,-0.000152423351963,0.00785124255215
slow,forward,1,191,7.35125628141,7.7299091461,-0.000137348604465,0.00771389394768
slow,forward,1,192,7.36984924623,7.74821060641,-0.000137240205801,0.00757665374188
slow,forward,1,193,7.38844221106,7.76502583407,-0.000136579137711,0.00744007460417
slow,forward,1,194,7.40703517588,7.79793407076,-0.000141902404637,0.00729817219954
slow,forward,1,195,7.4256281407,7.7941971008,-0.000133598810798,0.00716457338874
slow,forward,1,196,7.44422110553,7.80026097603,-0.000128939752353,0.00703563363638
slow,forward,1,197,7.46281407035,7.85443318968,-0.000142170226793,0.00689346340959
slow,forward,1,198,7.48140703518,7.90165683422,-0.00015281681121,0.00674064659838
slow,forward,1,199,7.5,7.93882080998,0,0.00674064659838
slow,forward,2,0,3.8,3.57912883745,8.55899785304e-05,8.55899785304e-05
slow,forward,2,1,3.81859296482,3.564700101,9.78694051327e-05,0.000183459383663
slow,forward,2,2,3.83718592965,3.59063183729,9.51404147369e-05,0.0002785997984
slow,forward,2,3,3.85577889447,3.64003132606,8.36847224153e-05,0.000362284520815
slow,forward,2,4,3.8743718593,3.69800045095,6.9042331238e-05,0.000431326852053
slow,forward,2,5,3.89296482412,3.76889859991,4.95921622609e-05,0.000480919014314
slow,forward,2,6,3.91155778894,3.84246655879,2.91491996495e-05,0.000510068213964
slow,forward,2,7,3.93015075377,3.90042868301,1.45094117311e-05,0.000524577625695
slow,forward,2,8,3.94874371859,3.93831367149,7.33549338924e-06,0.000531913119084
slow,forward,2,9,3.96733668342,3.90685404408,2.59480151239e-05,0.000557861134208
slow,forward,2,10,3.98592964824,3.82883347137,6.18746572208e-05,0.000619735791429
slow,forward,2,11,4.00452261307,3.73452421343,0.000103858398349,0.000723594189778
slow,forward,2,12,4.02311557789,3.63083817753,0.000149328981532,0.00087292317131
slow,forward,2,13,4.04170854271,3.54680156263,0.000187492744848,0.00106041591616
slow,forward,2,14,4.06030150754,3.50397092698,0.000210333681709,0.00127074959787
slow,forward,2,15,4.07889447236,3.46514447719,0.00023168562483,0.0015024352227
slow,forward,2,16,4.09748743719,3.44692907172,0.000245373159513,0.00174780838221
slow,forward,2,17,4.11608040201,3.46386196836,0.0002459904713,0.00199379885351
slow,forward,2,18,4.13467336683,3.54388482903,0.000223147193449,0.00221694604696
slow,forward,2,19,4.15326633166,3.65434017875,0.000188987311626,0.00240593335859
slow,forward,2,20,4.17185929648,3.79570937794,0.000143331827491,0.00254926518608
slow,forward,2,21,4.19045226131,3.95515237416,9.09554339045e-05,0.00264022061998
slow,forward,2,22,4.20904522613,4.1293945395,3.30758317034e-05,0.00267329645168
slow,forward,2,23,4.22763819095,4.33942944279,-3.81136328503e-05,0.00263518281883
slow,forward,2,24,4.24623115578,4.52660190976,-0.000100801487922,0.00253438133091
slow,forward,2,25,4.2648241206,4.69738472336,-0.000157394698019,0.00237698663289
slow,forward,2,26,4.28341708543,4.87490418384,-0.000216492992883,0.00216049364001
slow,forward,2,27,4.30201005025,5.06563740645,-0.000280504948042,0.00187998869197
slow,forward,2,28,4.32060301508,5.2614462846,-0.000346404332895,0.00153358435907
slow,forward,2,29,4.3391959799,5.43094239022,-0.000402519068669,0.0011310652904
slow,forward,2,30,4.35778894472,5.58610099377,-0.000453302271008,0.000677763019396
slow,forward,2,31,4.37638190955,5.69028700273,-0.000485130840187,0.000192632179209
slow,forward,2,32,4.39497487437,5.79593912808,-0.000517504598371,-0.000324872419162
slow,forward,2,33,4.4135678392,5.86520090142,-0.000536346265862,-0.000861218685024
slow,forward,2,34,4.43216080402,5.92053595377,-0.00055000915268,-0.0014112278377
slow,forward,2,35,4.45075376884,5.92643498185,-0.00054528879429,-0.00195651663199
slow,forward,2,36,4.46934673367,5.89232433627,-0.000525690466804,-0.0024822070988
slow,forward,2,37,4.48793969849,5.82519030415,-0.000493812086032,-0.00297601918483
slow,forward,2,38,4.50653266332,5.69696532899,-0.000439216470158,-0.00341523565499
slow,forward,2,39,4.52512562814,5.54246918224,-0.000374851674897,-0.00379008732988
slow,forward,2,40,4.54371859296,5.38102823496,-0.000307904391002,-0.00409799172089
slow,forward,2,41,4.56231155779,5.21736659223,-0.000240131320854,-0.00433812304174
slow,forward,2,42,4.58090452261,5.03990062481,-0.000167224984243,-0.00450534802598
slow,forward,2,43,4.59949748744,4.85157659271,-9.02809753353e-05,-0.00459562900132
slow,forward,2,44,4.61809045226,4.64826821305,-7.76489748574e-06,-0.00460339389881
slow,forward,2,45,4.63668341709,4.45045864022,7.27063979214e-05,-0.00453068750088
slow,forward,2,46,4.65527638191,4.27822085724,0.000143668585547,-0.00438701891534
slow,forward,2,47,4.67386934673,4.17739124678,0.000188076980377,-0.00419894193496
slow,forward,2,48,4.69246231156,4.07000345356,0.000234924096433,-0.00396401783853
slow,forward,2,49,4.71105527638,3.98876731911,0.00027204647506,-0.00369197136347
slow,forward,2,50,4.72964824121,3.93925728529,0.000297371208221,-0.00339460015525
slow,forward,2,51,4.74824120603,3.91381527009,0.000313746024916,-0.00308085413033
slow,forward,2,52,4.76683417085,3.91264196334,0.000321096296757,-0.00275975783357
slow,forward,2,53,4.78542713568,4.01100760236,0.000291432086251,-0.00246832574732
slow,forward,2,54,4.8040201005,4.10398236003,0.000263772525092,-0.00220455322223
slow,forward,2,55,4.82261306533,4.21479486951,0.000229479830094,-0.00197507339214
slow,forward,2,56,4.84120603015,4.3078963251,0.000201773155136,-0.001773300237
slow,forward,2,57,4.85979899497,4.35977390187,0.000189395962754,-0.00158390427425
slow,forward,2,58,4.8783919598,4.41333936381,0.00017639111458,-0.00140751315967
slow,forward,2,59,4.89698492462,4.48385503807,0.000157083172379,-0.00125042998729
slow,forward,2,60,4.91557788945,4.55444788001,0.000137746534658,-0.00111268345263
slow,forward,2,61,4.93417085427,4.65705028903,0.000106506841839,-0.00100617661079
slow,forward,2,62,4.9527638191,4.78367127282,6.63356187063e-05,-0.000939840992083
slow,forward,2,63,4.97135678392,4.89785555228,3.07890996989e-05,-0.000909051892384
slow,forward,2,64,4.98994974874,4.99084779483,3.12303662304e-06,-0.000905928855761
slow,forward,2,65,5.00854271357,5.04806572382,-1.12400153776e-05,-0.000917168871139
slow,forward,2,66,5.02713567839,5.08654244109,-1.86339735739e-05,-0.000935802844713
slow,forward,2,67,5.04572864322,5.08887241442,-1.25864289973e-05,-0.00094838927371
slow,forward,2,68,5.06432160804,5.10422547884,-1.13816419143e-05,-0.000959770915624
slow,forward,2,69,5.08291457286,5.08677290204,2.02222783778e-06,-0.000957748687786
slow,forward,2,70,5.10150753769,5.06061721973,1.866242828e-05,-0.000939086259506
slow,forward,2,71,5.12010050251,5.05055559076,2.93179053667e-05,-0.00090976835414
slow,forward,2,72,5.13869346734,5.07451123942,2.73237415292e-05,-0.000882444612611
slow,forward,2,73,5.15728643216,5.12430086615,1.57229727788e-05,-0.000866721639832
slow,forward,2,74,5.17587939698,5.19248714008,-2.71876025569e-06,-0.000869440400087
slow,forward,2,75,5.19447236181,5.2278683311,-8.96161823663e-06,-0.000878402018324
slow,forward,2,76,5.21306532663,5.22038597692,7.34731542461e-07,-0.000877667286782
slow,forward,2,77,5.23165829146,5.22148403002,7.24037711058e-06,-0.000870426909671
slow,forward,2,78,5.25025125628,5.27531483702,-5.86314209068e-06,-0.000876290051762
slow,forward,2,79,5.26884422111,5.35823581154,-2.97841105191e-05,-0.000906074162281
slow,forward,2,80,5.28743718593,5.50816962278,-7.86244252693e-05,-0.00098469858755
slow,forward,2,81,5.30603015075,5.70668107705,-0.000145528788177,-0.00113022737573
slow,forward,2,82,5.32462311558,5.90394808589,-0.000211970392484,-0.00134219776821
slow,forward,2,83,5.3432160804,6.08329049038,-0.00027174656603,-0.00161394433424
slow,forward,2,84,5.36180904523,6.27072886598,-0.000334533301693,-0.00194847763593
slow,forward,2,85,5.38040201005,6.46744200261,-0.000400768943471,-0.00234924657941
slow,forward,2,86,5.39899497487,6.59061591212,-0.000439658339988,-0.00278890491939
slow,forward,2,87,5.4175879397,6.64639093478,-0.000453484833857,-0.00324238975325
slow,forward,2,88,5.43618090452,6.68633789356,-0.000461425515027,-0.00370381526828
slow,forward,2,89,5.45477386935,6.7176371625,-0.000466150472334,-0.00416996574061
slow,forward,2,90,5.47336683417,6.74798132356,-0.000470520263899,-0.00464048600451
slow,forward,2,91,5.49195979899,6.77999057835,-0.00047550923605,-0.00511599524056
slow,forward,2,92,5.51055276382,6.78841822809,-0.000471729169132,-0.00558772440969
slow,forward,2,93,5.52914572864,6.80351278232,-0.000470428252631,-0.00605815266232
slow,forward,2,94,5.54773869347,6.82512224904,-0.000471549966902,-0.00652970262923
slow,forward,2,95,5.56633165829,6.85586989279,-0.000476069797259,-0.00700577242648
slow,forward,2,96,5.58492462312,6.85302970007,-0.000468099678371,-0.00747387210486
slow,forward,2,97,5.60351758794,6.83604846469,-0.000454871081313,-0.00792874318617
slow,forward,2,98,5.62211055276,6.84060902721,-0.000449653002061,-0.00837839618823
slow,forward,2,99,5.64070351759,6.81735511081,-0.000434091850252,-0.00881248803848
slow,forward,2,100,5.65929648241,6.75248178358,-0.000403054133609,-0.00921554217209
slow,forward,2,101,5.67788944724,6.66057079094,-0.000361962209726,-0.00957750438182
slow,forward,2,102,5.69648241206,6.53292111524,-0.000307580524306,-0.00988508490612
slow,forward,2,103,5.71507537688,6.37722315575,-0.000242768823808,-0.0101278537299
slow,forward,2,104,5.73366834171,6.25813483139,-0.00019157075647,-0.0103194244864
slow,forward,2,105,5.75226130653,6.15553182893,-0.00014650290934,-0.0104659273957
slow,forward,2,106,5.77085427136,6.05425880658,-0.000101929627677,-0.0105678570234
slow,forward,2,107,5.78944723618,5.98433890082,-6.90152938932e-05,-0.0106368723173
slow,forward,2,108,5.80804020101,5.98385507412,-6.19214116177e-05,-0.0106987937289
slow,forward,2,109,5.82663316583,6.01363861571,-6.60827316206e-05,-0.0107648764606
slow,forward,2,110,5.84522613065,6.07385593674,-8.15611354356e-05,-0.010846437596
slow,forward,2,111,5.86381909548,6.13871921629,-9.87671821194e-05,-0.0109452047781
slow,forward,2,112,5.8824120603,6.2392913151,-0.000129251885208,-0.0110744566633
slow,forward,2,113,5.90100502513,6.38551493562,-0.000176712531046,-0.0112511691944
slow,forward,2,114,5.91959798995,6.54372937675,-0.000228632074998,-0.0114798012694
slow,forward,2,115,5.93819095477,6.68134748006,-0.000272892679261,-0.0117526939486
slow,forward,2,116,5.9567839196,6.79330000662,-0.000307609300205,-0.0120603032488
slow,forward,2,117,5.97537688442,6.83721962019,-0.000317027249993,-0.0123773304988
slow,forward,2,118,5.99396984925,6.85902775998,-0.000318222842692,-0.0126955533415
slow,forward,2,119,6.01256281407,6.87295357932,-0.000316487321255,-0.0130120406628
slow,forward,2,120,6.03115577889,6.90885536196,-0.000322923766072,-0.0133349644288
slow,forward,2,121,6.04974874372,6.95903394429,-0.000334669171578,-0.0136696336004
slow,forward,2,122,6.06834170854,7.03578283136,-0.000356294991909,-0.0140259285923
slow,forward,2,123,6.08693467337,7.10804949255,-0.00037625405488,-0.0144021826472
slow,forward,2,124,6.10552763819,7.17885920772,-0.000395671338928,-0.0147978539861
slow,forward,2,125,6.12412060302,7.22720104769,-0.000406733734709,-0.0152045877208
slow,forward,2,126,6.14271356784,7.23601156786,-0.000403096041724,-0.0156076837626
slow,forward,2,127,6.16130653266,7.19336898965,-0.000380325035772,-0.0159880087983
slow,forward,2,128,6.17989949749,7.14785562259,-0.000356486500298,-0.0163444952986
slow,forward,2,129,6.19849246231,7.12958306625,-0.000342777713533,-0.0166872730122
slow,forward,2,130,6.21708542714,7.09916494009,-0.000324552483718,-0.0170118254959
slow,forward,2,131,6.23567839196,7.087675288,-0.000313365982958,-0.0173251914788
slow,forward,2,132,6.25427135678,7.11654192292,-0.00031718634269,-0.0176423778215
slow,forward,2,133,6.27286432161,7.13264715637,-0.000316261256651,-0.0179586390782
slow,forward,2,134,6.29145728643,7.0876649909,-0.000292620253428,-0.0182512593316
slow,forward,2,135,6.31005025126,7.004636759,-0.000254831466706,-0.0185060907983
slow,forward,2,136,6.32864321608,6.92981654094,-0.000220094906237,-0.0187261857046
slow,forward,2,137,6.3472361809,6.82230482324,-0.000173201707712,-0.0188993874123
slow,forward,2,138,6.36582914573,6.6933208975,-0.000118323869009,-0.0190177112813
slow,forward,2,139,6.38442211055,6.54993046296,-5.80888360787e-05,-0.0190758001174
slow,forward,2,140,6.40301507538,6.42767141184,-5.71170452078e-06,-0.0190815118219
slow,forward,2,141,6.4216080402,6.29879909128,4.91246327575e-05,-0.0190323871891
slow,forward,2,142,6.44020100503,6.22730231409,8.26253408428e-05,-0.0189497618483
slow,forward,2,143,6.45879396985,6.19963563748,9.98274185635e-05,-0.0188499344297
slow,forward,2,144,6.47738693467,6.21138502524,0.000102372266316,-0.0187475621634
slow,forward,2,145,6.4959798995,6.24494356066,9.6807179762e-05,-0.0186507549836
slow,forward,2,146,6.51457286432,6.30266142973,8.22582203946e-05,-0.0185684967632
slow,forward,2,147,6.53316582915,6.3092273107,8.67306033359e-05,-0.0184817661599
slow,forward,2,148,6.55175879397,6.28315843041,0.000103338525637,-0.0183784276343
slow,forward,2,149,6.57035175879,6.30963019632,0.000100408720208,-0.0182780189141
slow,forward,2,150,6.58894472362,6.35278798721,9.12740612704e-05,-0.0181867448528
slow,forward,2,151,6.60753768844,6.3965906004,8.18996191656e-05,-0.0181048452336
slow,forward,2,152,6.62613065327,6.42264329665,7.91256486845e-05,-0.0180257195849
slow,forward,2,153,6.64472361809,6.39415671606,9.66326153205e-05,-0.0179290869696
slow,forward,2,154,6.66331658291,6.37027383162,0.000112427654747,-0.0178166593149
slow,forward,2,155,6.68190954774,6.326892341,0.000135473432148,-0.0176811858827
slow,forward,2,156,6.70050251256,6.27258496706,0.000162582100832,-0.0175186037819
slow,forward,2,157,6.71909547739,6.26801945211,0.000171193796831,-0.0173474099851
slow,forward,2,158,6.73768844221,6.29655118096,0.000167497975029,-0.01717991201
slow,forward,2,159,6.75628140704,6.32888085231,0.000162389853004,-0.017017522157
slow,forward,2,160,6.77487437186,6.38541371336,0.000148281549888,-0.0168692406071
slow,forward,2,161,6.79346733668,6.41175793889,0.000145399171533,-0.0167238414356
slow,forward,2,162,6.81206030151,6.41048866571,0.000152785129385,-0.0165710563062
slow,forward,2,163,6.83065326633,6.44154288602,0.000148151295685,-0.0164229050105
slow,forward,2,164,6.84924623116,6.51788775896,0.000126675711762,-0.0162962292988
slow,forward,2,165,6.86783919598,6.60385409094,0.000101622298851,-0.0161946069999
slow,forward,2,166,6.8864321608,6.75423262792,5.26166087031e-05,-0.0161419903912
slow,forward,2,167,6.90502512563,6.95031280339,-1.33836605837e-05,-0.0161553740518
slow,forward,2,168,6.92361809045,7.15056104824,-8.09338652144e-05,-0.016236307917
slow,forward,2,169,6.94221105528,7.35173303738,-0.000148827572749,-0.0163851354898
slow,forward,2,170,6.9608040201,7.55650592894,-0.000218060309325,-0.0166031957991
slow,forward,2,171,6.97939698492,7.69332529692,-0.00026202389643,-0.0168652196955
slow,forward,2,172,6.99798994975,7.79581403912,-0.000293221321182,-0.0171584410167
slow,forward,2,173,7.01658291457,7.85281860999,-0.000307505033981,-0.0174659460507
slow,forward,2,174,7.0351758794,7.85295351246,-0.000300641231899,-0.0177665872826
slow,forward,2,175,7.05376884422,7.79731555135,-0.000273037772005,-0.0180396250546
slow,forward,2,176,7.07236180905,7.77078601496,-0.000256258550447,-0.018295883605
slow,forward,2,177,7.09095477387,7.71583490115,-0.000228910501106,-0.0185247941061
slow,forward,2,178,7.10954773869,7.67725622105,-0.000207650693448,-0.0187324447996
slow,forward,2,179,7.12814070352,7.64269807553,-0.000187885958946,-0.0189203307585
slow,forward,2,180,7.14673366834,7.62426518286,-0.000174117549626,-0.0190944483082
slow,forward,2,181,7.16532663317,7.59084905463,-0.000154777484873,-0.019249225793
slow,forward,2,182,7.18391959799,7.5165423371,-0.000120231874349,-0.0193694576674
slow,forward,2,183,7.20251256281,7.43377632038,-8.25405947798e-05,-0.0194519982622
slow,forward,2,184,7.22110552764,7.39677872505,-6.18687281891e-05,-0.0195138669904
slow,forward,2,185,7.23969849246,7.35111829036,-3.79755042506e-05,-0.0195518424946
slow,forward,2,186,7.25829145729,7.27896055218,-4.22901167564e-06,-0.0195560715063
slow,forward,2,187,7.27688442211,7.15513452211,4.87308155704e-05,-0.0195073406907
slow,forward,2,188,7.29547738693,7.02355169735,0.000104575079035,-0.0194027656117
slow,forward,2,189,7.31407035176,6.89201539608,0.000160402042304,-0.0192423635694
slow,forward,2,190,7.33266331658,6.78541218529,0.000206957404093,-0.0190354061653
slow,forward,2,191,7.35125628141,6.7061399295,0.00024334949618,-0.0187920566691
slow,forward,2,192,7.36984924623,6.67118054171,0.000263263436345,-0.0185287932328
slow,forward,2,193,7.38844221106,6.64086484471,0.000281450576926,-0.0182473426558
slow,forward,2,194,7.40703517588,6.62085705743,0.000295804625446,-0.0179515380304
slow,forward,2,195,7.4256281407,6.66057741067,0.000287948209652,-0.0176635898207
slow,forward,2,196,7.44422110553,6.72952688424,0.000269222673738,-0.017394367147
slow,forward,2,197,7.46281407035,6.79974468649,0.000250025498012,-0.017144341649
slow,forward,2,198,7.48140703518,6.85981281091,0.000234602574342,-0.0169097390746
slow,forward,2,199,7.5,6.92999951867,0,-0.0169097390746
slow,forward,3,0,3.8,5.31632637681,-0.000560403076309,-0.000560403076309
slow,forward,3,1,3.81859296482,5.29828546109,-0.000546780427264,-0.00110718350357
slow,forward,3,2,3.83718592965,5.27255611862,-0.000530298765255,-0.00163748226883
slow,forward,3,3,3.85577889447,5.19801813046,-0.000495667154595,-0.00213314942342
slow,forward,3,4,3.8743718593,5.114775417,-0.000457798610912,-0.00259094803433
slow,forward,3,5,3.89296482412,5.04441001198,-0.000424718614087,-0.00301566664842
slow,forward,3,6,3.91155778894,4.96781990023,-0.000389323902194,-0.00340499055062
slow,forward,3,7,3.93015075377,4.86042100229,-0.000342472656745,-0.00374746320736
slow,forward,3,8,3.94874371859,4.75279656686,-0.000295537543083,-0.00404300075044
slow,forward,3,9,3.96733668342,4.64266670337,-0.000247670762702,-0.00429067151315
slow,forward,3,10,3.98592964824,4.5192044981,-0.000194846227089,-0.00448551774024
slow,forward,3,11,4.00452261307,4.4212056081,-0.00015149046198,-0.00463700820222
slow,forward,3,12,4.02311557789,4.28875501223,-9.53235097623e-05,-0.00473233171198
slow,forward,3,13,4.04170854271,4.14678003187,-3.561482663e-05,-0.00476794653861
slow,forward,3,14,4.06030150754,4.00235495381,2.50049481117e-05,-0.0047429415905
slow,forward,3,15,4.07889447236,3.88968794826,7.38151883525e-05,-0.00466912640214
slow,forward,3,16,4.09748743719,3.82264754022,0.000105658754139,-0.00456346764801
slow,forward,3,17,4.11608040201,3.78825554291,0.000125361704884,-0.00443810594312
slow,forward,3,18,4.13467336683,3.80474772102,0.000126142901955,-0.00431196304117
slow,forward,3,19,4.15326633166,3.83645639844,0.000121265702295,-0.00419069733887
slow,forward,3,20,4.17185929648,3.85822007797,0.000120086642555,-0.00407061069632
slow,forward,3,21,4.19045226131,3.85727068081,0.000127353651532,-0.00394325704478
slow,forward,3,22,4.20904522613,3.87504505323,0.00012765805273,-0.00381559899205
slow,forward,3,23,4.22763819095,3.8954782138,0.000126973758833,-0.00368862523322
slow,forward,3,24,4.24623115578,3.90352249782,0.000130896383857,-0.00355772884936
slow,forward,3,25,4.2648241206,3.90027729511,0.000139017109471,-0.00341871173989
slow,forward,3,26,4.28341708543,3.89127871753,0.000149277281018,-0.00326943445887
slow,forward,3,27,4.30201005025,3.87731710296,0.000161383004009,-0.00310805145486
slow,forward,3,28,4.32060301508,3.85613681124,0.000176173059209,-0.00293187839566
slow,forward,3,29,4.3391959799,3.87149257814,0.000177376841351,-0.0027545015543
slow,forward,3,30,4.35778894472,3.87309576158,0.000183694649501,-0.0025708069048
slow,forward,3,31,4.37638190955,3.9124760671,0.000175964683618,-0.00239484222118
slow,forward,3,32,4.39497487437,3.92824870786,0.000177013447337,-0.00221782877385
slow,forward,3,33,4.4135678392,3.93681969221,0.000180740213947,-0.0020370885599
slow,forward,3,34,4.43216080402,3.95822667645,0.000179693794667,-0.00185739476523
slow,forward,3,35,4.45075376884,3.95404332828,0.000188163378392,-0.00166923138684
slow,forward,3,36,4.46934673367,3.9464777376,0.000197890680439,-0.0014713407064
slow,forward,3,37,4.48793969849,3.9288071315,0.000211375626412,-0.00125996507999
slow,forward,3,38,4.50653266332,3.92848927696,0.000218407790398,-0.00104155728959
slow,forward,3,39,4.52512562814,3.93459251908,0.000223052209893,-0.000818505079699
slow,forward,3,40,4.54371859296,3.9534601985,0.000222950054719,-0.00059555502498
slow,forward,3,41,4.56231155779,3.96118998782,0.000226989627517,-0.000368565397462
slow,forward,3,42,4.58090452261,3.98391069641,0.000225454687627,-0.000143110709836
slow,forward,3,43,4.59949748744,4.0111489461,0.000222239858079,7.91291482437e-05
slow,forward,3,44,4.61809045226,4.07838490731,0.000204151507664,0.000283280655908
slow,forward,3,45,4.63668341709,4.1483502152,0.000185048224312,0.00046832888022
slow,forward,3,46,4.65527638191,4.20580109447,0.000170598547584,0.000638927427804
slow,forward,3,47,4.67386934673,4.24517091205,0.000162872481734,0.000801799909538
slow,forward,3,48,4.69246231156,4.31386320244,0.000144242581775,0.000946042491313
slow,forward,3,49,4.71105527638,4.38739988685,0.000123811248863,0.00106985374018
slow,forward,3,50,4.72964824121,4.44346585317,0.000109876564891,0.00117973030507
slow,forward,3,51,4.74824120603,4.47679952615,0.000104395095525,0.00128412540059
slow,forward,3,52,4.76683417085,4.5009314136,0.000102335395653,0.00138646079625
slow,forward,3,53,4.78542713568,4.53099818356,9.80687545473e-05,0.00148452955079
slow,forward,3,54,4.8040201005,4.54577157297,9.94890991766e-05,0.00158401864997
slow,forward,3,55,4.82261306533,4.5557432208,0.000102695016047,0.00168671366602
slow,forward,3,56,4.84120603015,4.56691565137,0.000105454410696,0.00179216807671
slow,forward,3,57,4.85979899497,4.5754954056,0.000109177916144,0.00190134599286
slow,forward,3,58,4.8783919598,4.56859725209,0.00011865702547,0.00202000301833
slow,forward,3,59,4.89698492462,4.51008985475,0.000147327511906,0.00216733053023
slow,forward,3,60,4.91557788945,4.44005221905,0.000180285624663,0.00234761615489
slow,forward,3,61,4.93417085427,4.341480703,0.000223854326094,0.00257147048099
slow,forward,3,62,4.9527638191,4.26266401565,0.000260077010821,0.00283154749181
slow,forward,3,63,4.97135678392,4.20755350053,0.00028748433502,0.00311903182683
slow,forward,3,64,4.98994974874,4.19790211759,0.000297987258311,0.00341701908514
slow,forward,3,65,5.00854271357,4.20864807987,0.000300905239158,0.0037179243243
slow,forward,3,66,5.02713567839,4.2168067589,0.000304785325331,0.00402270964963
slow,forward,3,67,5.04572864322,4.22862630966,0.000307304082321,0.00433001373195
slow,forward,3,68,5.06432160804,4.28128020867,0.000294638207297,0.00462465193925
slow,forward,3,69,5.08291457286,4.31351606752,0.000289564970321,0.00491421690957
slow,forward,3,70,5.10150753769,4.31890556528,0.000294474802294,0.00520869171186
slow,forward,3,71,5.12010050251,4.39414566914,0.000273410037027,0.00548210174889
slow,forward,3,72,5.13869346734,4.49935685718,0.000241200245477,0.00572330199437
slow,forward,3,73,5.15728643216,4.58689596096,0.00021556198275,0.00593886397712
slow,forward,3,74,5.17587939698,4.71079642881,0.000176402408762,0.00611526638588
slow,forward,3,75,5.19447236181,4.86888890492,0.000124528218636,0.00623979460452
slow,forward,3,76,5.21306532663,5.0371464036,6.88740703657e-05,0.00630866867488
slow,forward,3,77,5.23165829146,5.17375136094,2.49902138544e-05,0.00633365888874
slow,forward,3,78,5.25025125628,5.30166552582,-1.56618906896e-05,0.00631799699805
slow,forward,3,79,5.26884422111,5.41102362994,-4.94137515351e-05,0.00626858324651
slow,forward,3,80,5.28743718593,5.43560739476,-5.16414862068e-05,0.0062169417603
slow,forward,3,81,5.30603015075,5.44720228585,-4.90391874317e-05,0.00616790257287
slow,forward,3,82,5.32462311558,5.49450861738,-5.97165197714e-05,0.0061081860531
slow,forward,3,83,5.3432160804,5.5502173926,-7.35183789163e-05,0.00603466767418
slow,forward,3,84,5.36180904523,5.577652489,-7.68064077425e-05,0.00595786126644
slow,forward,3,85,5.38040201005,5.64727518776,-9.5782288704e-05,0.00586207897774
slow,forward,3,86,5.39899497487,5.70511632338,-0.000110377085885,0.00575170189185
slow,forward,3,87,5.4175879397,5.75312182572,-0.000121314411392,0.00563038748046
slow,forward,3,88,5.43618090452,5.81779082969,-0.000138448214892,0.00549193926557
slow,forward,3,89,5.45477386935,5.92107565431,-0.000169941670296,0.00532199759527
slow,forward,3,90,5.47336683417,5.99467229067,-0.000190395296897,0.00513160229838
slow,forward,3,91,5.49195979899,6.0730353645,-0.000212621367583,0.00491898093079
slow,forward,3,92,5.51055276382,6.16883677189,-0.000241332044718,0.00467764888608
slow,forward,3,93,5.52914572864,6.26680923265,-0.000270850048232,0.00440679883784
slow,forward,3,94,5.54773869347,6.35710623515,-0.000297513861235,0.00410928497661
slow,forward,3,95,5.56633165829,6.42064644437,-0.000314227911917,0.00379505706469
slow,forward,3,96,5.58492462312,6.45764058092,-0.000321070558688,0.003473986506
slow,forward,3,97,5.60351758794,6.46690298663,-0.000317600903539,0.00315638560246
slow,forward,3,98,5.62211055276,6.44149749151,-0.000301239667179,0.00285514593529
slow,forward,3,99,5.64070351759,6.39960436329,-0.000278747351173,0.00257639858411
slow,forward,3,100,5.65929648241,6.3569634885,-0.000255976978653,0.00232042160546
slow,forward,3,101,5.67788944724,6.25960235564,-0.000212858369465,0.002107563236
slow,forward,3,102,5.69648241206,6.13787779054,-0.000160679991504,0.00194688324449
slow,forward,3,103,5.71507537688,6.03840087867,-0.000116774610219,0.00183010863427
slow,forward,3,104,5.73366834171,5.98398117524,-8.96241707688e-05,0.0017404844635
slow,forward,3,105,5.75226130653,5.9209500598,-5.92714977068e-05,0.0016812129658
slow,forward,3,106,5.77085427136,5.85338381937,-2.72323962544e-05,0.00165398056954
slow,forward,3,107,5.78944723618,5.77257647797,9.73053168821e-06,0.00166371110123
slow,forward,3,108,5.80804020101,5.69048112408,4.71724190492e-05,0.00171088352028
slow,forward,3,109,5.82663316583,5.62034751756,8.01662194494e-05,0.00179104973973
slow,forward,3,110,5.84522613065,5.53024274712,0.000120586482815,0.00191163622254
slow,forward,3,111,5.86381909548,5.44305272435,0.000159922870159,0.0020715590927
slow,forward,3,112,5.8824120603,5.34985098795,0.00020149476911,0.00227305386181
slow,forward,3,113,5.90100502513,5.30598507466,0.000224720683581,0.00249777454539
slow,forward,3,114,5.91959798995,5.25566795605,0.00025034553873,0.00274812008412
slow,forward,3,115,5.93819095477,5.20796257257,0.000274999195887,0.00302311928001
slow,forward,3,116,5.9567839196,5.14712016489,0.000304537977622,0.00332765725763
slow,forward,3,117,5.97537688442,5.1023305151,0.000328107392103,0.00365576464974
slow,forward,3,118,5.99396984925,5.05427136503,0.000352892600655,0.00400865725039
slow,forward,3,119,6.01256281407,5.01271583793,0.000375259376547,0.00438391662694
slow,forward,3,120,6.03115577889,4.95203987813,0.000404736263089,0.00478865289003
slow,forward,3,121,6.04974874372,4.91956502192,0.000423726307093,0.00521237919712
slow,forward,3,122,6.06834170854,4.89806465008,0.00043863538706,0.00565101458418
slow,forward,3,123,6.08693467337,4.89647988006,0.000446138665344,0.00609715324953
slow,forward,3,124,6.10552763819,4.91456566789,0.000446327263823,0.00654348051335
slow,forward,3,125,6.12412060302,4.92336659824,0.000449968522873,0.00699344903622
slow,forward,3,126,6.14271356784,4.94383157064,0.000449272399454,0.00744272143568
slow,forward,3,127,6.16130653266,5.01436104557,0.000429959325343,0.00787268076102
slow,forward,3,128,6.17989949749,5.10557078719,0.000402956101812,0.00827563686283
slow,forward,3,129,6.19849246231,5.19248219249,0.000377551254598,0.00865318811743
slow,forward,3,130,6.21708542714,5.29874967784,0.000344948669078,0.00899813678651
slow,forward,3,131,6.23567839196,5.38505998335,0.00031976734641,0.00931790413292
slow,forward,3,132,6.25427135678,5.47206205851,0.000294328782768,0.00961223291568
slow,forward,3,133,6.27286432161,5.58658530267,0.000258656216584,0.00987088913227
slow,forward,3,134,6.29145728643,5.74183496664,0.000207839152579,0.0100787282848
slow,forward,3,135,6.31005025126,5.89305845892,0.000158519257946,0.0102372475428
slow,forward,3,136,6.32864321608,6.05124299865,0.000106610833107,0.0103438583759
slow,forward,3,137,6.3472361809,6.24779998243,4.04332582176e-05,0.0103842916341
slow,forward,3,138,6.36582914573,6.41706378717,-1.5595094311e-05,0.0103686965398
slow,forward,3,139,6.38442211055,6.57227627516,-6.63983340828e-05,0.0103022982057
slow,forward,3,140,6.40301507538,6.69520716419,-0.000105197361173,0.0101971008446
slow,forward,3,141,6.4216080402,6.78440669458,-0.000131453068973,0.0100656477756
slow,forward,3,142,6.44020100503,6.90428660355,-0.000169117560766,0.00989653021481
slow,forward,3,143,6.45879396985,7.03403654901,-0.000210452317383,0.00968607789743
slow,forward,3,144,6.47738693467,7.16237283815,-0.000251261392757,0.00943481650467
slow,forward,3,145,6.4959798995,7.25639138701,-0.000279309097376,0.0091555074073
slow,forward,3,146,6.51457286432,7.33457688828,-0.000301469136052,0.00885403827125
slow,forward,3,147,6.53316582915,7.38066758479,-0.000311694423213,0.00854234384803
slow,forward,3,148,6.55175879397,7.37978758077,-0.000304453218715,0.00823789062932
slow,forward,3,149,6.57035175879,7.33634193606,-0.000281383585023,0.00795650704429
slow,forward,3,150,6.58894472362,7.28152757262,-0.000254086387575,0.00770242065672
slow,forward,3,151,6.60753768844,7.21769895045,-0.000223437154221,0.0074789835025
slow,forward,3,152,6.62613065327,7.14354349109,-0.000188947790453,0.00729003571205
slow,forward,3,153,6.64472361809,7.03628294008,-0.000142147990595,0.00714788772145
slow,forward,3,154,6.66331658291,6.9010932483,-8.49624801012e-05,0.00706292524135
slow,forward,3,155,6.68190954774,6.78061133123,-3.32461923625e-05,0.00702967904899
slow,forward,3,156,6.70050251256,6.65172695399,2.15946283078e-05,0.00705127367729
slow,forward,3,157,6.71909547739,6.52668501378,7.50066030423e-05,0.00712628028034
slow,forward,3,158,6.73768844221,6.40732557949,0.000126305485123,0.00725258576546
slow,forward,3,159,6.75628140704,6.28923469626,0.000177132644703,0.00742971841016
slow,forward,3,160,6.77487437186,6.15440585917,0.000234183968028,0.00766390237819
slow,forward,3,161,6.79346733668,6.03080053207,0.000287061724825,0.00795096410302
slow,forward,3,162,6.81206030151,5.93105270423,0.000331067848728,0.00828203195174
slow,forward,3,163,6.83065326633,5.83277724967,0.000374526456943,0.00865655840869
slow,forward,3,164,6.84924623116,5.72832462623,0.000420282102829,0.00907684051152
slow,forward,3,165,6.86783919598,5.65215713232,0.000455519660349,0.00953236017186
slow,forward,3,166,6.8864321608,5.57821342914,0.000489930280609,0.0100222904525
slow,forward,3,167,6.90502512563,5.52889025103,0.000515185529741,0.0105374759822
slow,forward,3,168,6.92361809045,5.49041982083,0.00053640508367,0.0110738810659
slow,forward,3,169,6.94221105528,5.45959085237,0.000554783089013,0.0116286641549
slow,forward,3,170,6.9608040201,5.44396487441,0.000567507721004,0.0121961718759
slow,forward,3,171,6.97939698492,5.42362368719,0.000581985747393,0.0127781576233
slow,forward,3,172,6.99798994975,5.42796768019,0.000587284360028,0.0133654419833
slow,forward,3,173,7.01658291457,5.47991992061,0.000574879403275,0.0139403213866
slow,forward,3,174,7.0351758794,5.56350493676,0.000550711504792,0.0144910328914
slow,forward,3,175,7.05376884422,5.66242275735,0.000520841960438,0.0150118748518
slow,forward,3,176,7.07236180905,5.79970256127,0.000476707155948,0.0154885820078
slow,forward,3,177,7.09095477387,5.90871869726,0.000443082459132,0.0159316644669
slow,forward,3,178,7.10954773869,6.04126659624,0.000400707257486,0.0163323717244
slow,forward,3,179,7.12814070352,6.15208145382,0.000366413689326,0.0166987854137
slow,forward,3,180,7.14673366834,6.2828157441,0.000324712894937,0.0170234983087
slow,forward,3,181,7.16532663317,6.43370654578,0.000275516714397,0.0172990150231
slow,forward,3,182,7.18391959799,6.53089733283,0.00024628938352,0.0175453044066
slow,forward,3,183,7.20251256281,6.61108327027,0.000223385464055,0.0177686898706
slow,forward,3,184,7.22110552764,6.73309347279,0.000184928802802,0.0179536186734
slow,forward,3,185,7.23969849246,6.9021790025,0.000128966743497,0.0180825854169
slow,forward,3,186,7.25829145729,7.06444512454,7.55405443294e-05,0.0181581259613
slow,forward,3,187,7.27688442211,7.25803519001,1.04662455987e-05,0.0181685922069
slow,forward,3,188,7.29547738693,7.45875998053,-5.72611669733e-05,0.0181113310399
slow,forward,3,189,7.31407035176,7.61446229806,-0.000108246554412,0.0180030844855
slow,forward,3,190,7.33266331658,7.79012139313,-0.000166653055105,0.0178364314304
slow,forward,3,191,7.35125628141,7.98299158506,-0.00023145966217,0.0176049717682
slow,forward,3,192,7.36984924623,8.16629826456,-0.000292709988229,0.01731226178
slow,forward,3,193,7.38844221106,8.34165936393,-0.000351005676453,0.0169612561035
slow,forward,3,194,7.40703517588,8.51979403176,-0.000410332741893,0.0165509233616
slow,forward,3,195,7.4256281407,8.72153516555,-0.000478438091155,0.0160724852705
slow,forward,3,196,7.44422110553,8.92011019362,-0.000545366094574,0.0155271191759
slow,forward,3,197,7.46281407035,9.12123185655,-0.000613241087842,0.0149138780881
slow,forward,3,198,7.48140703518,9.30755335293,-0.000675612501584,0.0142382655865
slow,forward,3,199,7.5,9.4439066626,0,0.0142382655865
slow,reverse,0,0,7.5,6.80146888191,-0.000256298306734,-0.000256298306734
slow,reverse,0,1,7.48140703518,6.79644260209,-0.000251253408792,-0.000507551715527
slow,reverse,0,2,7.46281407035,6.77554896325,-0.000252108935813,-0.000759660651339
slow,reverse,0,3,7.44422110553,6.78165106668,-0.000242925845107,-0.00100258649645
slow,reverse,0,4,7.4256281407,6.79190941109,-0.000232197217552,-0.001234783714
slow,reverse,0,5,7.40703517588,6.79684944404,-0.000223446253554,-0.00145822996755
slow,reverse,0,6,7.38844221106,6.80275041656,-0.000214337955247,-0.0016725679228
slow,reverse,0,7,7.36984924623,6.79421063709,-0.000210599584814,-0.00188316750761
slow,reverse,0,8,7.35125628141,6.83133378368,-0.00018988103082,-0.00207304853843
slow,reverse,0,9,7.33266331658,6.91093864629,-0.000153365255794,-0.00222641379423
slow,reverse,0,10,7.31407035176,6.97396807179,-0.000123013211153,-0.00234942700538
slow,reverse,0,11,7.29547738693,7.03350931934,-9.39582779056e-05,-0.00244338528329
slow,reverse,0,12,7.27688442211,7.12795767579,-5.19228117029e-05,-0.00249530809499
slow,reverse,0,13,7.25829145729,7.25267995081,1.37029255815e-06,-0.00249393780243
slow,reverse,0,14,7.23969849246,7.36100837097,4.85671894859e-05,-0.00244537061294
slow,reverse,0,15,7.22110552764,7.44988670172,8.85313898508e-05,-0.00235683922309
slow,reverse,0,16,7.20251256281,7.52101932671,0.000121896684558,-0.00223494253854
slow,reverse,0,17,7.18391959799,7.57245972035,0.000147939239967,-0.00208700329857
slow,reverse,0,18,7.16532663317,7.63064422291,0.000176489654974,-0.0019105136436
slow,reverse,0,19,7.14673366834,7.67083441352,0.000198348717797,-0.0017121649258
slow,reverse,0,20,7.12814070352,7.70723474229,0.000218798485266,-0.00149336644053
slow,reverse,0,21,7.10954773869,7.73163210633,0.000234784838713,-0.00125858160182
slow,reverse,0,22,7.09095477387,7.7345783093,0.000242794378494,-0.00101578722333
slow,reverse,0,23,7.07236180905,7.73288135017,0.000249077315284,-0.000766709908042
slow,reverse,0,24,7.05376884422,7.71132565263,0.000247975595583,-0.000518734312459
slow,reverse,0,25,7.0351758794,7.6713733807,0.000240032938667,-0.000278701373793
slow,reverse,0,26,7.01658291457,7.63184125987,0.000232246518846,-4.64548549464e-05
slow,reverse,0,27,6.99798994975,7.60507553724,0.000229207402878,0.000182752547931
slow,reverse,0,28,6.97939698492,7.54701865474,0.000214532378214,0.000397284926146
slow,reverse,0,29,6.9608040201,7.47319146744,0.000193993019104,0.00059127794525
slow,reverse,0,30,6.94221105528,7.34134191122,0.000151877502705,0.000743155447955
slow,reverse,0,31,6.92361809045,7.18086891742,9.91180949445e-05,0.000842273542899
slow,reverse,0,32,6.90502512563,7.05038189952,5.75092510865e-05,0.000899782793986
slow,reverse,0,33,6.8864321608,6.93720370648,2.23368546667e-05,0.000922119648653
slow,reverse,0,34,6.86783919598,6.79835755831,-2.23804094931e-05,0.00089973923916
slow,reverse,0,35,6.84924623116,6.65387561881,-6.91933950504e-05,0.000830545844109
slow,reverse,0,36,6.83065326633,6.49490347201,-0.0001213946989,0.000709151145209
slow,reverse,0,37,6.81206030151,6.36517343025,-0.000162722054144,0.000546429091065
slow,reverse,0,38,6.79346733668,6.26553650184,-0.000192859005429,0.000353570085636
slow,reverse,0,39,6.77487437186,6.16325728649,-0.000223978515671,0.000129591569965
slow,reverse,0,40,6.75628140704,6.05661047599,-0.000256722156779,-0.000127130586813
slow,reverse,0,41,6.73768844221,5.95708826748,-0.000286816448401,-0.000413947035214
slow,reverse,0,42,6.71909547739,5.89048725766,-0.000304668686238,-0.000718615721452
slow,reverse,0,43,6.70050251256,5.83954063127,-0.000316699696065,-0.00103531541752
slow,reverse,0,44,6.68190954774,5.80553292793,-0.000322431809887,-0.0013577472274
slow,reverse,0,45,6.66331658291,5.81321032797,-0.000312662930491,-0.0016704101579
slow,reverse,0,46,6.64472361809,5.84281301719,-0.000294740928482,-0.00196515108638
slow,reverse,0,47,6.62613065327,5.86532611825,-0.000279455255742,-0.00224460634212
slow,reverse,0,48,6.60753768844,5.89452975865,-0.000261681643748,-0.00250628798587
slow,reverse,0,49,6.58894472362,5.96127880195,-0.000229946424647,-0.00273623441051
slow,reverse,0,50,6.57035175879,6.1046888847,-0.000169704085349,-0.00290593849586
slow,reverse,0,51,6.55175879397,6.24510294752,-0.000110575843913,-0.00301651433978
slow,reverse,0,52,6.53316582915,6.37063099802,-5.69831045453e-05,-0.00307349744432
slow,reverse,0,53,6.51457286432,6.46723689145,-1.41453381595e-05,-0.00308764278248
slow,reverse,0,54,6.4959798995,6.49634877901,3.59415468468e-06,-0.0030840486278
slow,reverse,0,55,6.47738693467,6.46666131816,-5.3143680199e-07,-0.0030845800646
slow,reverse,0,56,6.45879396985,6.43500371458,-5.38964417701e-06,-0.00308996970877
slow,reverse,0,57,6.44020100503,6.4048978091,-9.67083818962e-06,-0.00309964054696
slow,reverse,0,58,6.4216080402,6.35771758148,-2.03012776227e-05,-0.00311994182459
slow,reverse,0,59,6.40301507538,6.29787626552,-3.56398604584e-05,-0.00315558168505
slow,reverse,0,60,6.38442211055,6.27412172849,-3.75592390671e-05,-0.00319314092411
slow,reverse,0,61,6.36582914573,6.25481973441,-3.78228981874e-05,-0.0032309638223
slow,reverse,0,62,6.3472361809,6.24853970745,-3.32442177731e-05,-0.00326420804007
slow,reverse,0,63,6.32864321608,6.25214784997,-2.49885296176e-05,-0.00328919656969
slow,reverse,0,64,6.31005025126,6.25792665871,-1.59256590458e-05,-0.00330512222874
slow,reverse,0,65,6.29145728643,6.24323974745,-1.4473156716e-05,-0.00331959538545
slow,reverse,0,66,6.27286432161,6.18593520275,-2.88684175713e-05,-0.00334846380302
slow,reverse,0,67,6.25427135678,6.1172667276,-4.74894616146e-05,-0.00339595326464
slow,reverse,0,68,6.23567839196,6.05204359749,-6.48293220708e-05,-0.00346078258671
slow,reverse,0,69,6.21708542714,5.98814015502,-8.16784444124e-05,-0.00354246103112
slow,reverse,0,70,6.19849246231,5.94272609455,-9.16521181689e-05,-0.00363411314929
slow,reverse,0,71,6.17989949749,5.9148548469,-9.51023338944e-05,-0.00372921548318
slow,reverse,0,72,6.16130653266,5.89613017816,-9.51513092187e-05,-0.0038243667924
slow,reverse,0,73,6.14271356784,5.89597733876,-8.82941771536e-05,-0.00391266096956
slow,reverse,0,74,6.12412060302,5.86586847552,-9.25764710344e-05,-0.00400523744059
slow,reverse,0,75,6.10552763819,5.81998162267,-0.000102725957034,-0.00410796339763
slow,reverse,0,76,6.08693467337,5.77212763811,-0.000113606939248,-0.00422157033687
slow,reverse,0,77,6.06834170854,5.76961381748,-0.000107627760001,-0.00432919809687
slow,reverse,0,78,6.04974874372,5.78306340896,-9.57124375577e-05,-0.00442491053443
slow,reverse,0,79,6.03115577889,5.79669088522,-8.37309670017e-05,-0.00450864150143
slow,reverse,0,80,6.01256281407,5.81733532397,-6.91401737149e-05,-0.00457778167515
slow,reverse,0,81,5.99396984925,5.86383530839,-4.49347554012e-05,-0.00462271643055
slow,reverse,0,82,5.97537688442,5.89309956787,-2.71386016382e-05,-0.00464985503219
slow,reverse,0,83,5.9567839196,5.93633350199,-4.14769449315e-06,-0.00465400272668
slow,reverse,0,84,5.93819095477,6.00432188148,2.80483832892e-05,-0.00462595434339
slow,reverse,0,85,5.91959798995,6.1395539786,8.52496626053e-05,-0.00454070468079
slow,reverse,0,86,5.90100502513,6.31620570614,0.000157853216549,-0.00438285146424
slow,reverse,0,87,5.8824120603,6.51642978811,0.000239222369628,-0.00414362909461
slow,reverse,0,88,5.86381909548,6.69712150159,0.000313328229905,-0.0038303008647
slow,reverse,0,89,5.84522613065,6.87430576834,0.000386129813503,-0.0034441710512
slow,reverse,0,90,5.82663316583,7.02711125761,0.000449865922061,-0.00299430512914
slow,reverse,0,91,5.80804020101,7.13273304161,0.000496056331172,-0.00249824879797
slow,reverse,0,92,5.78944723618,7.24839637955,0.000545980785465,-0.0019522680125
slow,reverse,0,93,5.77085427136,7.30595477612,0.000574298377142,-0.00137796963536
slow,reverse,0,94,5.75226130653,7.30586653644,0.000581179531213,-0.000796790104148
slow,reverse,0,95,5.73366834171,7.25212370812,0.000568108727705,-0.000228681376443
slow,reverse,0,96,5.71507537688,7.13053166858,0.000529807564243,0.0003011261878
slow,reverse,0,97,5.69648241206,6.95500667113,0.000471450928993,0.000772577116793
slow,reverse,0,98,5.67788944724,6.76484524141,0.00040765160034,0.00118022871713
slow,reverse,0,99,5.65929648241,6.59687896064,0.000352105744156,0.00153233446129
slow,reverse,0,100,5.64070351759,6.4287778732,0.000296509758864,0.00182884422015
slow,reverse,0,101,5.62211055276,6.23887055094,0.00023280492243,0.00206164914258
slow,reverse,0,102,5.60351758794,6.0641740405,0.000174756367778,0.00223640551036
slow,reverse,0,103,5.58492462312,5.94048647231,0.000135675962506,0.00237208147287
slow,reverse,0,104,5.56633165829,5.82530406838,9.97582816349e-05,0.0024718397545
slow,reverse,0,105,5.54773869347,5.72868720922,7.07443711767e-05,0.00254258412568
slow,reverse,0,106,5.52914572864,5.60578490999,3.19559754692e-05,0.00257454010115
slow,reverse,0,107,5.51055276382,5.48735590817,-5.16898301234e-06,0.00256937111814
slow,reverse,0,108,5.49195979899,5.41630169845,-2.4677184634e-05,0.0025446939335
slow,reverse,0,109,5.47336683417,5.38653026684,-2.88340014267e-05,0.00251585993208
slow,reverse,0,110,5.45477386935,5.36551730641,-2.97338992917e-05,0.00248612603278
slow,reverse,0,111,5.43618090452,5.35965172516,-2.50011033886e-05,0.0024611249294
slow,reverse,0,112,5.4175879397,5.35747091202,-1.889809221e-05,0.00244222683719
slow,reverse,0,113,5.39899497487,5.31043279145,-2.94756878137e-05,0.00241275114937
slow,reverse,0,114,5.38040201005,5.26959736673,-3.77467533041e-05,0.00237500439607
slow,reverse,0,115,5.36180904523,5.24578079303,-3.96892008248e-05,0.00233531519524
slow,reverse,0,116,5.3432160804,5.19444018782,-5.18667153397e-05,0.0022834484799
slow,reverse,0,117,5.32462311558,5.12881895058,-6.93546156334e-05,0.00221409386427
slow,reverse,0,118,5.30603015075,5.01275995323,-0.000105598265921,0.00210849559835
slow,reverse,0,119,5.28743718593,4.94774807824,-0.000122859569199,0.00198563602915
slow,reverse,0,120,5.26884422111,4.89545143032,-0.000135392597083,0.00185024343207
slow,reverse,0,121,5.25025125628,4.86252551678,-0.000140722437308,0.00170952099476
slow,reverse,0,122,5.23165829146,4.81696977269,-0.000150748797439,0.00155877219732
slow,reverse,0,123,5.21306532663,4.78261264172,-0.000156610849171,0.00140216134815
slow,reverse,0,124,5.19447236181,4.77229811846,-0.000153532433716,0.00124862891443
slow,reverse,0,125,5.17587939698,4.79689346247,-0.000137472459576,0.00111115645486
slow,reverse,0,126,5.15728643216,4.84578017505,-0.00011237951421,0.000998776940647
slow,reverse,0,127,5.13869346734,4.89587497544,-8.68373301597e-05,0.000911939610488
slow,reverse,0,128,5.12010050251,4.94136689328,-6.30067707793e-05,0.000848932839708
slow,reverse,0,129,5.10150753769,4.95022971016,-5.27970831073e-05,0.000796135756601
slow,reverse,0,130,5.08291457286,4.98962279928,-3.12344298827e-05,0.000764901326718
slow,reverse,0,131,5.06432160804,5.05003637236,-1.85511428034e-06,0.000763046212438
slow,reverse,0,132,5.04572864322,5.15708595442,4.48662348112e-05,0.000807912447249
slow,reverse,0,133,5.02713567839,5.23147084602,7.9440915091e-05,0.00088735336234
slow,reverse,0,134,5.00854271357,5.26110666779,9.73752377445e-05,0.000984728600085
slow,reverse,0,135,4.98994974874,5.29374840586,0.000116427338317,0.0011011559384
slow,reverse,0,136,4.97135678392,5.3355750549,0.000138894933424,0.00124005087183
slow,reverse,0,137,4.9527638191,5.38015997829,0.000162388218485,0.00140243909031
slow,reverse,0,138,4.93417085427,5.39843322019,0.000176097260185,0.0015785363505
slow,reverse,0,139,4.91557788945,5.39866273718,0.000183096575029,0.00176163292553
slow,reverse,0,140,4.89698492462,5.35367483122,0.000173281370787,0.00193491429631
slow,reverse,0,141,4.8783919598,5.34242295236,0.000176011221849,0.00211092551816
slow,reverse,0,142,4.85979899497,5.30040821465,0.000167301617861,0.00227822713602
slow,reverse,0,143,4.84120603015,5.18815848523,0.00013247447927,0.00241070161529
slow,reverse,0,144,4.82261306533,5.07884896403,9.87406844338e-05,0.00250944229973
slow,reverse,0,145,4.8040201005,4.97047061024,6.53531528603e-05,0.00257479545259
slow,reverse,0,146,4.78542713568,4.82180342738,1.69838456512e-05,0.00259177929824
slow,reverse,0,147,4.76683417085,4.70084093101,-2.10832163324e-05,0.0025706960819
slow,reverse,0,148,4.74824120603,4.57201827184,-6.20731529223e-05,0.00250862292898
slow,reverse,0,149,4.72964824121,4.44248662052,-0.000103326734835,0.00240529619415
slow,reverse,0,150,4.71105527638,4.3508866675,-0.000130475062104,0.00227482113204
slow,reverse,0,151,4.69246231156,4.23575966591,-0.000166372141101,0.00210844899094
slow,reverse,0,152,4.67386934673,4.14988925233,-0.000191389885867,0.00191705910508
slow,reverse,0,153,4.65527638191,4.07175632537,-0.000213530374299,0.00170352873078
slow,reverse,0,154,4.63668341709,3.99869182391,-0.000233786121589,0.00146974260919
slow,reverse,0,155,4.61809045226,3.96995992387,-0.000237556378908,0.00123218623028
slow,reverse,0,156,4.59949748744,3.92910917451,-0.000245833143006,0.000986353087274
slow,reverse,0,157,4.58090452261,3.91489020826,-0.000244206630975,0.000742146456299
slow,reverse,0,158,4.56231155779,3.9184936822,-0.00023595267887,0.000506193777429
slow,reverse,0,159,4.54371859296,3.94617627475,-0.000218744682659,0.000287449094771
slow,reverse,0,160,4.52512562814,3.97183792046,-0.00020228819432,8.51609004507e-05
slow,reverse,0,161,4.50653266332,3.94564060384,-0.000205115943229,-0.000119955042778
slow,reverse,0,162,4.48793969849,3.90037799039,-0.000215033300007,-0.000334988342785
slow,reverse,0,163,4.46934673367,3.90931008007,-0.000204797852601,-0.000539786195386
slow,reverse,0,164,4.45075376884,3.9225951163,-0.000192943721558,-0.000732729916944
slow,reverse,0,165,4.43216080402,3.96448894224,-0.000170451146098,-0.000903181063042
slow,reverse,0,166,4.4135678392,4.01434540346,-0.000144997590685,-0.00104817865373
slow,reverse,0,167,4.39497487437,4.06067320099,-0.000120856201668,-0.00116903485539
slow,reverse,0,168,4.37638190955,4.09394523528,-0.000101569719586,-0.00127060457498
slow,reverse,0,169,4.35778894472,4.10858912146,-8.92102875521e-05,-0.00135981486253
slow,reverse,0,170,4.3391959799,4.12382635782,-7.66302127402e-05,-0.00143644507527
slow,reverse,0,171,4.32060301508,4.16315677562,-5.50908644285e-05,-0.0014915359397
slow,reverse,0,172,4.30201005025,4.20826300943,-3.14037252358e-05,-0.00152293966494
slow,reverse,0,173,4.28341708543,4.25327647411,-7.75108310878e-06,-0.00153069074805
slow,reverse,0,174,4.2648241206,4.29403696137,1.43200498239e-05,-0.00151637069822
slow,reverse,0,175,4.24623115578,4.36615049581,4.80501048267e-05,-0.0014683205934
slow,reverse,0,176,4.22763819095,4.47478712565,9.53616123909e-05,-0.001372958981
slow,reverse,0,177,4.20904522613,4.56041546209,0.00013411727216,-0.00123884170884
slow,reverse,0,178,4.19045226131,4.6635965719,0.00017940009388,-0.00105944161496
slow,reverse,0,179,4.17185929648,4.76819542561,0.000225210116853,-0.000834231498111
slow,reverse,0,180,4.15326633166,4.83895061767,0.000258435059615,-0.000575796438496
slow,reverse,0,181,4.13467336683,4.92239280452,0.000296377779334,-0.000279418659162
slow,reverse,0,182,4.11608040201,4.97122226164,0.000321449433724,4.20307745613e-05
slow,reverse,0,183,4.09748743719,5.01788226462,0.000345714356427,0.000387745130988
slow,reverse,0,184,4.07889447236,5.03804110857,0.000360124576775,0.000747869707763
slow,reverse,0,185,4.06030150754,5.06001085251,0.000375208197119,0.00112307790488
slow,reverse,0,186,4.04170854271,5.04722435542,0.000377367386124,0.00150044529101
slow,reverse,0,187,4.02311557789,4.99011005362,0.000363042868859,0.00186348815987
slow,reverse,0,188,4.00452261307,4.95881397844,0.000358319099178,0.00222180725904
slow,reverse,0,189,3.98592964824,4.95647487493,0.000364363248609,0.00258617050765
slow,reverse,0,190,3.96733668342,4.93409104564,0.000362953580418,0.00294912408807
slow,reverse,0,191,3.94874371859,4.91705184437,0.000363531361839,0.00331265544991
slow,reverse,0,192,3.93015075377,4.87663220807,0.000355414911139,0.00366807036105
slow,reverse,0,193,3.91155778894,4.84063798968,0.000348944093231,0.00401701445428
slow,reverse,0,194,3.89296482412,4.80370541516,0.000342124338871,0.00435913879315
slow,reverse,0,195,3.8743718593,4.78976847968,0.000343855726667,0.00470299451982
slow,reverse,0,196,3.85577889447,4.79229977734,0.000351710980052,0.00505470549987
slow,reverse,0,197,3.83718592965,4.78686813048,0.000356605138493,0.00541131063836
slow,reverse,0,198,3.81859296482,4.76924966246,0.000356967514188,0.00576827815255
slow,reverse,0,199,3.8,4.77017121288,0,0.00576827815255
slow,reverse,1,0,7.5,7.85418653162,0.000135164537881,0.000135164537881
slow,reverse,1,1,7.48140703518,7.65389560191,6.7598460486e-05,0.000202762998367
slow,reverse,1,2,7.46281407035,7.46321304902,3.60534733561e-06,0.000206368345703
slow,reverse,1,3,7.44422110553,7.29300097667,-5.27756273211e-05,0.000153592718382
slow,reverse,1,4,7.4256281407,7.1450893419,-0.00010086397695,5.27287414321e-05
slow,reverse,1,5,7.40703517588,7.03753187109,-0.000133946255557,-8.12175141249e-05
slow,reverse,1,6,7.38844221106,6.94314558376,-0.000162130707143,-0.000243348221268
slow,reverse,1,7,7.36984924623,6.88165565404,-0.000178082342328,-0.000421430563596
slow,reverse,1,8,7.35125628141,6.83727630675,-0.000187671248373,-0.000609101811969
slow,reverse,1,9,7.33266331658,6.78593488747,-0.000199849065609,-0.000808950877577
slow,reverse,1,10,7.31407035176,6.79430561824,-0.000189822364733,-0.00099877324231
slow,reverse,1,11,7.29547738693,6.79886886577,-0.0001812115119,-0.00117998475421
slow,reverse,1,12,7.27688442211,6.78533508983,-0.00017933020548,-0.00135931495969
slow,reverse,1,13,7.25829145729,6.76425232406,-0.000180256061108,-0.0015395710208
slow,reverse,1,14,7.23969849246,6.8049263349,-0.000158217085231,-0.00169778810603
slow,reverse,1,15,7.22110552764,6.8617358829,-0.00013017795986,-0.00182796606589
slow,reverse,1,16,7.20251256281,6.90363274082,-0.00010768425693,-0.00193565032282
slow,reverse,1,17,7.18391959799,6.90279854633,-0.000101080493087,-0.0020367308159
slow,reverse,1,18,7.16532663317,6.90235348237,-9.43320274376e-05,-0.00213106284334
slow,reverse,1,19,7.14673366834,6.88854419327,-9.25531731501e-05,-0.00222361601649
slow,reverse,1,20,7.12814070352,6.90948151693,-7.78534678832e-05,-0.00230146948437
slow,reverse,1,21,7.10954773869,6.94131025168,-5.91036901515e-05,-0.00236057317453
slow,reverse,1,22,7.09095477387,6.96160846619,-4.46416435679e-05,-0.00240521481809
slow,reverse,1,23,7.07236180905,7.03253186859,-1.13541502278e-05,-0.00241656896832
slow,reverse,1,24,7.05376884422,7.13896010192,3.51361445624e-05,-0.00238143282376
slow,reverse,1,25,7.0351758794,7.28819146902,9.75431825642e-05,-0.0022838896412
slow,reverse,1,26,7.01658291457,7.39933856062,0.000145788228672,-0.00213810141252
slow,reverse,1,27,6.99798994975,7.47577506499,0.000181125820231,-0.00195697559229
slow,reverse,1,28,6.97939698492,7.54000750288,0.000211925216216,-0.00174505037608
slow,reverse,1,29,6.9608040201,7.59075051679,0.00023770844449,-0.00150734193159
slow,reverse,1,30,6.94221105528,7.62798971302,0.000258470152621,-0.00124887177897
slow,reverse,1,31,6.92361809045,7.67455841582,0.0002827011245,-0.000966170654466
slow,reverse,1,32,6.90502512563,7.71501737503,0.00030466013143,-0.000661510523036
slow,reverse,1,33,6.8864321608,7.74822437614,0.00032392243032,-0.000337588092715
slow,reverse,1,34,6.86783919598,7.78447474088,0.000344316432266,6.72833955082e-06
slow,reverse,1,35,6.84924623116,7.79637967778,0.000355657360546,0.000362385700097
slow,reverse,1,36,6.83065326633,7.7924839508,0.000361122665071,0.000723508365169
slow,reverse,1,37,6.81206030151,7.79512281311,0.000369017917372,0.00109252628254
slow,reverse,1,38,6.79346733668,7.81010681377,0.000381503824136,0.00147403010668
slow,reverse,1,39,6.77487437186,7.84314008573,0.000400701520225,0.0018747316269
slow,reverse,1,40,6.75628140704,7.84796474479,0.000409409581369,0.00228414120827
slow,reverse,1,41,6.73768844221,7.83089429769,0.000409975743737,0.00269411695201
slow,reverse,1,42,6.71909547739,7.79565044445,0.000403783956086,0.00309790090809
slow,reverse,1,43,6.70050251256,7.79931910832,0.000412062149671,0.00350996305776
slow,reverse,1,44,6.68190954774,7.82300602261,0.000427784315772,0.00393774737354
slow,reverse,1,45,6.66331658291,7.85715035328,0.000447395169376,0.00438514254291
slow,reverse,1,46,6.64472361809,7.88756591645,0.000465619446117,0.00485076198903
slow,reverse,1,47,6.62613065327,7.88790660584,0.000472660101451,0.00532342209048
slow,reverse,1,48,6.60753768844,7.88277334107,0.000477665216044,0.00580108730653
slow,reverse,1,49,6.58894472362,7.82154818898,0.00046181204088,0.00626289934741
slow,reverse,1,50,6.57035175879,7.72210651931,0.000431747698377,0.00669464704578
slow,reverse,1,51,6.55175879397,7.59775507624,0.000392420425058,0.00708706747084
slow,reverse,1,52,6.53316582915,7.44368845488,0.000342043286446,0.00742911075729
slow,reverse,1,53,6.51457286432,7.26114634174,0.000281077271495,0.00771018802878
slow,reverse,1,54,6.4959798995,7.11319113896,0.000232972720696,0.00794316074948
slow,reverse,1,55,6.47738693467,7.00350457126,0.000199098717618,0.0081422594671
slow,reverse,1,56,6.45879396985,6.93186677161,0.000179373502657,0.00832163296975
slow,reverse,1,57,6.44020100503,6.8645288929,0.000161247253274,0.00848288022303
slow,reverse,1,58,6.4216080402,6.77443087916,0.000134657436089,0.00861753765912
slow,reverse,1,59,6.40301507538,6.69937722534,0.000113662004,0.00873119966312
slow,reverse,1,60,6.38442211055,6.61143470853,8.78737283862e-05,0.0088190733915
slow,reverse,1,61,6.36582914573,6.52156752283,6.13697467541e-05,0.00888044313826
slow,reverse,1,62,6.3472361809,6.44638951455,4.03280723041e-05,0.00892077121056
slow,reverse,1,63,6.32864321608,6.35372080849,1.27823192807e-05,0.00893355352984
slow,reverse,1,64,6.31005025126,6.24986138874,-1.89248046632e-05,0.00891462872518
slow,reverse,1,65,6.29145728643,6.13703492477,-5.39664073577e-05,0.00886066231782
slow,reverse,1,66,6.27286432161,6.08514328222,-6.63488302307e-05,0.00879431348759
slow,reverse,1,67,6.25427135678,6.04922606149,-7.27910158469e-05,0.00872152247174
slow,reverse,1,68,6.23567839196,5.99090436958,-8.75645123494e-05,0.00863395795939
slow,reverse,1,69,6.21708542714,5.93107769575,-0.000102897650371,0.00853106030902
slow,reverse,1,70,6.19849246231,5.90321718102,-0.000106343874959,0.00842471643406
slow,reverse,1,71,6.17989949749,5.8839686817,-0.000106587641555,0.00831812879251
slow,reverse,1,72,6.16130653266,5.89130616669,-9.69451627298e-05,0.00822118362978
slow,reverse,1,73,6.14271356784,5.89432927846,-8.89070236948e-05,0.00813227660608
slow,reverse,1,74,6.12412060302,5.87894834211,-8.77126010479e-05,0.00804456400503
slow,reverse,1,75,6.10552763819,5.8681607799,-8.48100895228e-05,0.00795975391551
slow,reverse,1,76,6.08693467337,5.92274674317,-5.75978248062e-05,0.00790215609071
slow,reverse,1,77,6.06834170854,5.99593173417,-2.34693387198e-05,0.00787868675199
slow,reverse,1,78,6.04974874372,6.10044000463,2.23070000281e-05,0.00790099375201
slow,reverse,1,79,6.03115577889,6.17229598576,5.5941281441e-05,0.00795693503346
slow,reverse,1,80,6.01256281407,6.24952472075,9.15734713206e-05,0.00804850850478
slow,reverse,1,81,5.99396984925,6.29424660948,0.000115117688222,0.008163626193
slow,reverse,1,82,5.97537688442,6.3202685968,0.000131708172937,0.00829533436593
slow,reverse,1,83,5.9567839196,6.37187663067,0.000157813066925,0.00845314743286
slow,reverse,1,84,5.93819095477,6.42161406234,0.000183222360091,0.00863636979295
slow,reverse,1,85,5.91959798995,6.45275277574,0.000201715546968,0.00883808533992
slow,reverse,1,86,5.90100502513,6.51610055758,0.000232185975378,0.0090702713153
slow,reverse,1,87,5.8824120603,6.55140394173,0.000252227833789,0.00932249914909
slow,reverse,1,88,5.86381909548,6.54014974653,0.0002549568235,0.00957745597259
slow,reverse,1,89,5.84522613065,6.54287548617,0.000262884381944,0.00984034035453
slow,reverse,1,90,5.82663316583,6.59603644552,0.000289566745708,0.0101299071002
slow,reverse,1,91,5.80804020101,6.64878148588,0.000316094446128,0.0104460015464
slow,reverse,1,92,5.78944723618,6.66823537542,0.000330242522624,0.010776244069
slow,reverse,1,93,5.77085427136,6.67547797018,0.000339849715636,0.0111160937846
slow,reverse,1,94,5.75226130653,6.68889034214,0.000351751197656,0.0114678449823
slow,reverse,1,95,5.73366834171,6.70693835584,0.000365376486152,0.0118332214684
slow,reverse,1,96,5.71507537688,6.70301541712,0.000370831671739,0.0122040531402
slow,reverse,1,97,5.69648241206,6.67012967168,0.000365516768392,0.0125695699086
slow,reverse,1,98,5.67788944724,6.61214381502,0.00035086815535,0.0129204380639
slow,reverse,1,99,5.65929648241,6.52271659431,0.000324527778789,0.0132449658427
slow,reverse,1,100,5.64070351759,6.46372884163,0.000309506601396,0.0135544724441
slow,reverse,1,101,5.62211055276,6.40977131275,0.000296355959485,0.0138508284036
slow,reverse,1,102,5.60351758794,6.31853875441,0.000269344251343,0.0141201726549
slow,reverse,1,103,5.58492462312,6.24391232767,0.000248507687617,0.0143686803425
slow,reverse,1,104,5.56633165829,6.16244747525,0.000225128191727,0.0145938085343
slow,reverse,1,105,5.54773869347,6.07931660413,0.000201129171293,0.0147949377056
slow,reverse,1,106,5.52914572864,5.95799191433,0.000162927424318,0.0149578651299
slow,reverse,1,107,5.51055276382,5.81535143755,0.000116799203793,0.0150746643337
slow,reverse,1,108,5.49195979899,5.71306192227,8.56758634219e-05,0.0151603401971
slow,reverse,1,109,5.47336683417,5.55540839139,3.39648991585e-05,0.0151943050963
slow,reverse,1,110,5.45477386935,5.39491803931,-1.88009634395e-05,0.0151755041328
slow,reverse,1,111,5.43618090452,5.24427656255,-6.79044301875e-05,0.0151075997026
slow,reverse,1,112,5.4175879397,5.07881733142,-0.000122518016655,0.014985081686
slow,reverse,1,113,5.39899497487,4.90320426656,-0.000180907400587,0.0148041742854
slow,reverse,1,114,5.38040201005,4.76194364545,-0.000226522508954,0.0145776517764
slow,reverse,1,115,5.36180904523,4.61389819043,-0.000274660620886,0.0143029911555
slow,reverse,1,116,5.3432160804,4.43209486857,-0.000335351909433,0.0139676392461
slow,reverse,1,117,5.32462311558,4.28966372274,-0.000381402288299,0.0135862369578
slow,reverse,1,118,5.30603015075,4.16575077816,-0.000420566501877,0.0131656704559
slow,reverse,1,119,5.28743718593,4.034331252,-0.000462522107598,0.0127031483483
slow,reverse,1,120,5.26884422111,3.95567538664,-0.000484857055538,0.0122182912928
slow,reverse,1,121,5.25025125628,3.98883588355,-0.000465612049666,0.0117526792431
slow,reverse,1,122,5.23165829146,4.06585649859,-0.000430057251123,0.011322621992
slow,reverse,1,123,5.21306532663,4.15133669017,-0.000391356680401,0.0109312653116
slow,reverse,1,124,5.19447236181,4.22565928352,-0.000356805166307,0.0105744601453
slow,reverse,1,125,5.17587939698,4.2834948797,-0.000328384495381,0.0102460756499
slow,reverse,1,126,5.15728643216,4.35492852334,-0.000294907264092,0.00995116838583
slow,reverse,1,127,5.13869346734,4.40871848376,-0.000267991000433,0.0096831773854
slow,reverse,1,128,5.12010050251,4.47066384191,-0.000238042076314,0.00944513530908
slow,reverse,1,129,5.10150753769,4.52756223406,-0.000209969913419,0.00923516539566
slow,reverse,1,130,5.08291457286,4.59381541527,-0.000178419085243,0.00905674631042
slow,reverse,1,131,5.06432160804,4.65490715898,-0.000148787585586,0.00890795872483
slow,reverse,1,132,5.04572864322,4.71956557055,-0.000117829787332,0.0087901289375
slow,reverse,1,133,5.02713567839,4.76690440616,-9.33124344064e-05,0.0086968165031
slow,reverse,1,134,5.00854271357,4.84190398478,-5.85091770454e-05,0.00863830732605
slow,reverse,1,135,4.98994974874,4.92372056705,-2.11709535002e-05,0.00861713637255
slow,reverse,1,136,4.97135678392,5.01546790865,1.98601152195e-05,0.00863699648777
slow,reverse,1,137,4.9527638191,5.08164243268,5.13816939876e-05,0.00868837818176
slow,reverse,1,138,4.93417085427,5.12562025308,7.46492221606e-05,0.00876302740392
slow,reverse,1,139,4.91557788945,5.16934196664,9.78215146262e-05,0.00886084891854
slow,reverse,1,140,4.89698492462,5.22559938812,0.000125655326619,0.00898650424516
slow,reverse,1,141,4.8783919598,5.29008309356,0.000156548158778,0.00914305240394
slow,reverse,1,142,4.85979899497,5.39013029572,0.000200665607807,0.00934371801175
slow,reverse,1,143,4.84120603015,5.44918101323,0.000229538132896,0.00957325614465
slow,reverse,1,144,4.82261306533,5.48723853108,0.00025060414153,0.00982386028617
slow,reverse,1,145,4.8040201005,5.55441176097,0.000282497098357,0.0101063573845
slow,reverse,1,146,4.78542713568,5.63161581853,0.000318120111705,0.0104244774962
slow,reverse,1,147,4.76683417085,5.70117200604,0.000350899193478,0.0107753766897
slow,reverse,1,148,4.74824120603,5.75675273454,0.000378481370895,0.0111538580606
slow,reverse,1,149,4.72964824121,5.82638751695,0.000411289678911,0.0115651477395
slow,reverse,1,150,4.71105527638,5.84268119922,0.000424262602958,0.0119894103425
slow,reverse,1,151,4.69246231156,5.80738322211,0.000418050688839,0.0124074610313
slow,reverse,1,152,4.67386934673,5.73567903941,0.000398300788728,0.01280576182
slow,reverse,1,153,4.65527638191,5.60656111823,0.000357201056213,0.0131629628763
slow,reverse,1,154,4.63668341709,5.4237407416,0.000296131566396,0.0134590944427
slow,reverse,1,155,4.61809045226,5.2234026697,0.000228547958738,0.0136876424014
slow,reverse,1,156,4.59949748744,5.01515157165,0.000158021818743,0.0138456642201
slow,reverse,1,157,4.58090452261,4.77444035864,7.54250832401e-05,0.0139210893034
slow,reverse,1,158,4.56231155779,4.53196371669,-7.8281434323e-06,0.0139132611599
slow,reverse,1,159,4.54371859296,4.28165766117,-9.39928103242e-05,0.0138192683496
slow,reverse,1,160,4.52512562814,4.01667412364,-0.000185615435351,0.0136336529143
slow,reverse,1,161,4.50653266332,3.80590833286,-0.000257076687213,0.0133765762271
slow,reverse,1,162,4.48793969849,3.63406193375,-0.00031406540147,0.0130625108256
slow,reverse,1,163,4.46934673367,3.53163013469,-0.000345241651386,0.0127172691742
slow,reverse,1,164,4.45075376884,3.52755265684,-0.000339843932613,0.0123774252416
slow,reverse,1,165,4.43216080402,3.59580243576,-0.000307550651019,0.0120698745906
slow,reverse,1,166,4.4135678392,3.70524810323,-0.000259938295293,0.0118099362953
slow,reverse,1,167,4.39497487437,3.8281331409,-0.000207328384814,0.0116026079105
slow,reverse,1,168,4.37638190955,3.93042502641,-0.000162376229417,0.011440231681
slow,reverse,1,169,4.35778894472,4.06745816455,-0.000104505216251,0.0113357264648
slow,reverse,1,170,4.3391959799,4.22067471214,-4.06162518382e-05,0.011295110213
slow,reverse,1,171,4.32060301508,4.35752404007,1.718640979e-05,0.0113122966227
slow,reverse,1,172,4.30201005025,4.4655867567,6.42845023895e-05,0.0113765811251
slow,reverse,1,173,4.28341708543,4.50678618574,8.65188599071e-05,0.011463099985
slow,reverse,1,174,4.2648241206,4.51870014066,9.78631416201e-05,0.0115609631267
slow,reverse,1,175,4.24623115578,4.49822369158,9.71627504897e-05,0.0116581258772
slow,reverse,1,176,4.22763819095,4.46867018541,9.30869712976e-05,0.0117512128484
slow,reverse,1,177,4.20904522613,4.4367410004,8.81277738426e-05,0.0118393406223
slow,reverse,1,178,4.19045226131,4.35769466084,6.56476244428e-05,0.0119049882467
slow,reverse,1,179,4.17185929648,4.23077993654,2.53671711702e-05,0.0119303554179
slow,reverse,1,180,4.15326633166,4.16091839955,6.30247599133e-06,0.0119366578939
slow,reverse,1,181,4.13467336683,4.12713593927,6.5412089695e-07,0.0119373120148
slow,reverse,1,182,4.11608040201,4.11025606794,1.29115064011e-06,0.0119386031654
slow,reverse,1,183,4.09748743719,4.09500856647,2.53519228788e-06,0.0119411383577
slow,reverse,1,184,4.07889447236,4.05954801244,-3.73717756672e-06,0.0119374011802
slow,reverse,1,185,4.06030150754,4.03273928445,-6.79228547849e-06,0.0119306088947
slow,reverse,1,186,4.04170854271,4.05732041579,9.26240354728e-06,0.0119398712982
slow,reverse,1,187,4.02311557789,4.07473973556,2.26539063616e-05,0.0119625252046
slow,reverse,1,188,4.00452261307,4.08673820764,3.40296165694e-05,0.0119965548212
slow,reverse,1,189,3.98592964824,4.15771922232,6.73385335681e-05,0.0120638933547
slow,reverse,1,190,3.96733668342,4.22465290045,9.91424108506e-05,0.0121630357656
slow,reverse,1,191,3.94874371859,4.23266216721,0.000109034697972,0.0122720704635
slow,reverse,1,192,3.93015075377,4.26545239734,0.000128142016698,0.0124002124802
slow,reverse,1,193,3.91155778894,4.2717555538,0.000137399870842,0.0125376123511
slow,reverse,1,194,3.89296482412,4.21070150224,0.000121610321003,0.0126592226721
slow,reverse,1,195,3.8743718593,4.11639560623,9.34557636763e-05,0.0127526784358
slow,reverse,1,196,3.85577889447,3.98329272704,5.08741874806e-05,0.0128035526232
slow,reverse,1,197,3.83718592965,3.8654762125,1.39769880874e-05,0.0128175296113
slow,reverse,1,198,3.81859296482,3.81221242585,1.08432067684e-06,0.012818613932
slow,reverse,1,199,3.8,3.73193159626,0,0.012818613932
slow,reverse,2,0,7.5,7.34608116293,-5.37791670579e-05,-5.37791670579e-05
slow,reverse,2,1,7.48140703518,7.27647601827,-7.2748520363e-05,-0.000126527687421
slow,reverse,2,2,7.46281407035,7.22541392942,-8.48224659834e-05,-0.000211350153404
slow,reverse,2,3,7.44422110553,7.17979412391,-9.48726479443e-05,-0.000306222801349
slow,reverse,2,4,7.4256281407,7.1580208247,-9.60552848544e-05,-0.000402278086203
slow,reverse,2,5,7.40703517588,7.14568959886,-9.37267990001e-05,-0.000496004885203
slow,reverse,2,6,7.38844221106,7.15327122621,-8.39935335677e-05,-0.000579998418771
slow,reverse,2,7,7.36984924623,7.20038904973,-5.95583660437e-05,-0.000639556784815
slow,reverse,2,8,7.35125628141,7.2356851281,-3.95192243532e-05,-0.000679076009168
slow,reverse,2,9,7.33266331658,7.30130813913,-8.20273081757e-06,-0.000687278739985
slow,reverse,2,10,7.31407035176,7.36114723463,2.09629599532e-05,-0.000666315780032
slow,reverse,2,11,7.29547738693,7.43202998893,5.42353379219e-05,-0.00061208044211
slow,reverse,2,12,7.27688442211,7.52254025885,9.48063900353e-05,-0.000517274052075
slow,reverse,2,13,7.25829145729,7.57556603872,0.000121438486055,-0.00039583556602
slow,reverse,2,14,7.23969849246,7.63626462978,0.000150923788241,-0.000244911777779
slow,reverse,2,15,7.22110552764,7.72237604261,0.000189859084455,-5.50526933241e-05
slow,reverse,2,16,7.20251256281,7.77933320563,0.000217953101842,0.000162900408518
slow,reverse,2,17,7.18391959799,7.8112209181,0.00023672481099,0.000399625219508
slow,reverse,2,18,7.16532663317,7.80206740931,0.00024023496047,0.000639860179977
slow,reverse,2,19,7.14673366834,7.81994300591,0.000253796134062,0.00089365631404
slow,reverse,2,20,7.12814070352,7.80488395999,0.000255110254659,0.0011487665687
slow,reverse,2,21,7.10954773869,7.79222575448,0.000257317150083,0.00140608371878
slow,reverse,2,22,7.09095477387,7.77614394867,0.000258250947909,0.00166433466669
slow,reverse,2,23,7.07236180905,7.68974129993,0.000233035286551,0.00189736995324
slow,reverse,2,24,7.05376884422,7.58398623712,0.000200623250117,0.00209799320336
slow,reverse,2,25,7.0351758794,7.49728660311,0.000175297152025,0.00227329035538
slow,reverse,2,26,7.01658291457,7.39979860924,0.000145959302029,0.00241924965741
slow,reverse,2,27,6.99798994975,7.27344263841,0.000105886626428,0.00252513628384
slow,reverse,2,28,6.97939698492,7.15998739074,7.06112046689e-05,0.00259574748851
slow,reverse,2,29,6.9608040201,7.07700408407,4.66670574473e-05,0.00264241454596
slow,reverse,2,30,6.94221105528,6.96241207693,1.09689211115e-05,0.00265338346707
slow,reverse,2,31,6.92361809045,6.878877268,-1.31803073499e-05,0.00264020315972
slow,reverse,2,32,6.90502512563,6.80040676672,-3.54463259336e-05,0.00260475683379
slow,reverse,2,33,6.8864321608,6.75509196485,-4.53830894592e-05,0.00255937374433
slow,reverse,2,34,6.86783919598,6.73404077222,-4.62972043191e-05,0.00251307654001
slow,reverse,2,35,6.84924623116,6.69952598236,-5.22178829755e-05,0.00246085865703
slow,reverse,2,36,6.83065326633,6.63427528958,-6.95679928694e-05,0.00239129066416
slow,reverse,2,37,6.81206030151,6.58702371595,-8.0224962978e-05,0.00231106570118
slow,reverse,2,38,6.79346733668,6.5407383333,-9.05226459897e-05,0.00222054305519
slow,reverse,2,39,6.77487437186,6.52612843544,-8.90415055111e-05,0.00213150154968
slow,reverse,2,40,6.75628140704,6.53413677014,-7.9149564982e-05,0.0020523519847
slow,reverse,2,41,6.73768844221,6.52273116874,-7.64768770773e-05,0.00197587510762
slow,reverse,2,42,6.71909547739,6.55416372771,-5.7874420994e-05,0.00191800068663
slow,reverse,2,43,6.70050251256,6.57897723337,-4.1733321416e-05,0.00187626736521
slow,reverse,2,44,6.68190954774,6.61647555502,-2.08752550891e-05,0.00185539211013
slow,reverse,2,45,6.66331658291,6.63214037045,-8.13618102463e-06,0.0018472559291
slow,reverse,2,46,6.64472361809,6.68207642073,1.73469703206e-05,0.00186460289942
slow,reverse,2,47,6.62613065327,6.76158639505,5.38274602526e-05,0.00191843035967
slow,reverse,2,48,6.60753768844,6.86996614846,0.00010104344593,0.0020194738056
slow,reverse,2,49,6.58894472362,6.97283987432,0.000146211964073,0.00216568576968
slow,reverse,2,50,6.57035175879,7.08244042371,0.000193881914083,0.00235956768376
slow,reverse,2,51,6.55175879397,7.16633893064,0.000231994320662,0.00259156200442
slow,reverse,2,52,6.53316582915,7.20144913031,0.000251964341631,0.00284352634605
slow,reverse,2,53,6.51457286432,7.24003991583,0.000273228650803,0.00311675499686
slow,reverse,2,54,6.4959798995,7.27638360162,0.000293657355052,0.00341041235191
slow,reverse,2,55,6.47738693467,7.31022051334,0.000313153892061,0.00372356624397
slow,reverse,2,56,6.45879396985,7.34529729841,0.000333111487497,0.00405667773147
slow,reverse,2,57,6.44020100503,7.36763959905,0.000348333646515,0.00440501137798
slow,reverse,2,58,6.4216080402,7.37141750348,0.000356652462218,0.0047616638402
slow,reverse,2,59,6.40301507538,7.36894474627,0.000362646911278,0.00512431075148
slow,reverse,2,60,6.38442211055,7.30946160834,0.000347441520276,0.00547175227176
slow,reverse,2,61,6.36582914573,7.2672540008,0.000338660195847,0.0058104124676
slow,reverse,2,62,6.3472361809,7.2183545245,0.000327390437812,0.00613780290541
slow,reverse,2,63,6.32864321608,7.14926052164,0.000308611157337,0.00644641406275
slow,reverse,2,64,6.31005025126,7.07806311157,0.000289049705335,0.00673546376809
slow,reverse,2,65,6.29145728643,7.02359943971,0.000275710849452,0.00701117461754
slow,reverse,2,66,6.27286432161,6.93908088849,0.000251195807276,0.00726237042481
slow,reverse,2,67,6.25427135678,6.89268873524,0.000240858420623,0.00750322884544
slow,reverse,2,68,6.23567839196,6.87269020938,0.000240335749686,0.00774356459512
slow,reverse,2,69,6.21708542714,6.8413868181,0.000235609259446,0.00797917385457
slow,reverse,2,70,6.19849246231,6.80060231511,0.000227357129675,0.00820653098424
slow,reverse,2,71,6.17989949749,6.76897594362,0.000222510536244,0.00842904152049
slow,reverse,2,72,6.16130653266,6.73411473684,0.000216461039235,0.00864550255972
slow,reverse,2,73,6.14271356784,6.70566635821,0.000212796211991,0.00885829877171
slow,reverse,2,74,6.12412060302,6.67678192783,0.000208969234846,0.00906726800656
slow,reverse,2,75,6.10552763819,6.62927219012,0.000198216264025,0.00926548427059
slow,reverse,2,76,6.08693467337,6.573211406,0.000184283507103,0.00944976777769
slow,reverse,2,77,6.06834170854,6.49230501349,0.000161111679721,0.00961087945741
slow,reverse,2,78,6.04974874372,6.41352503129,0.000138730577784,0.00974961003519
slow,reverse,2,79,6.03115577889,6.29091470338,0.000100050754325,0.00984966078952
slow,reverse,2,80,6.01256281407,6.11682600163,4.2228218986e-05,0.0098918890085
slow,reverse,2,81,5.99396984925,5.92969408044,-2.04445587589e-05,0.00987144444975
slow,reverse,2,82,5.97537688442,5.75589310588,-7.81601000668e-05,0.00979328434968
slow,reverse,2,83,5.9567839196,5.57605437839,-0.000138120835932,0.00965516351375
slow,reverse,2,84,5.93819095477,5.38045008511,-0.000203944144002,0.00945121936974
slow,reverse,2,85,5.91959798995,5.20193800404,-0.000263411554064,0.00918780781568
slow,reverse,2,86,5.90100502513,5.0488890057,-0.000313410280097,0.00887439753558
slow,reverse,2,87,5.8824120603,4.92772392448,-0.000351552675137,0.00852284486045
slow,reverse,2,88,5.86381909548,4.85703745147,-0.000370924130443,0.00815192073
slow,reverse,2,89,5.84522613065,4.83456127507,-0.000372368138768,0.00777955259124
slow,reverse,2,90,5.82663316583,4.80185672383,-0.000377615663366,0.00740193692787
slow,reverse,2,91,5.80804020101,4.79496124961,-0.000373265842739,0.00702867108513
slow,reverse,2,92,5.78944723618,4.83466804488,-0.000351586534965,0.00667708455017
slow,reverse,2,93,5.77085427136,4.92618537829,-0.000310640996926,0.00636644355324
slow,reverse,2,94,5.75226130653,5.03371877874,-0.000263739735466,0.00610270381777
slow,reverse,2,95,5.73366834171,5.13405666911,-0.000219514191326,0.00588318962645
slow,reverse,2,96,5.71507537688,5.25233831582,-0.000168616094572,0.00571457353188
slow,reverse,2,97,5.69648241206,5.37190204654,-0.000117241242965,0.00559733228891
slow,reverse,2,98,5.67788944724,5.48430644631,-6.85286551248e-05,0.00552880363379
slow,reverse,2,99,5.65929648241,5.64292919818,-2.62934338998e-06,0.0055261742904
slow,reverse,2,100,5.64070351759,5.81216220583,6.72154905944e-05,0.00559338978099
slow,reverse,2,101,5.62211055276,5.94184112277,0.000122351768235,0.00571574154923
slow,reverse,2,102,5.60351758794,6.1003241189,0.000188199110499,0.00590394065972
slow,reverse,2,103,5.58492462312,6.28253295749,0.000262869127849,0.00616680978757
slow,reverse,2,104,5.56633165829,6.45804859243,0.000335050215199,0.00650186000277
slow,reverse,2,105,5.54773869347,6.56595798068,0.000382091291218,0.00688395129399
slow,reverse,2,106,5.52914572864,6.6317832805,0.000413483007717,0.00729743430171
slow,reverse,2,107,5.51055276382,6.71139088372,0.000449999801864,0.00774743410357
slow,reverse,2,108,5.49195979899,6.79532928642,0.000488127044059,0.00823556114763
slow,reverse,2,109,5.47336683417,6.879094937,0.000526190046772,0.0087617511944
slow,reverse,2,110,5.45477386935,6.98868122989,0.00057385469537,0.00933560588977
slow,reverse,2,111,5.43618090452,7.0981403453,0.000621472051839,0.00995707794161
slow,reverse,2,112,5.4175879397,7.19552797486,0.000664600514072,0.0106216784557
slow,reverse,2,113,5.39899497487,7.29094833445,0.000706997428677,0.0113286758844
slow,reverse,2,114,5.38040201005,7.33512205612,0.000730337804562,0.0120590136889
slow,reverse,2,115,5.36180904523,7.34492092923,0.000740895573442,0.0127999092624
slow,reverse,2,116,5.3432160804,7.34194633851,0.000746703411049,0.0135466126734
slow,reverse,2,117,5.32462311558,7.35037531748,0.000756751772056,0.0143033644455
slow,reverse,2,118,5.30603015075,7.31965172801,0.00075224088651,0.015055605332
slow,reverse,2,119,5.28743718593,7.27346669973,0.000741980521206,0.0157975858532
slow,reverse,2,120,5.26884422111,7.20352637633,0.000722886528569,0.0165204723818
slow,reverse,2,121,5.25025125628,7.09762664357,0.000690420695265,0.017210893077
slow,reverse,2,122,5.23165829146,7.01088500679,0.000665078978056,0.0178759720551
slow,reverse,2,123,5.21306532663,6.93335990187,0.000643164513899,0.018519136569
slow,reverse,2,124,5.19447236181,6.85167896369,0.00061970466451,0.0191388412335
slow,reverse,2,125,5.17587939698,6.77385830834,0.000597680297179,0.0197365215307
slow,reverse,2,126,5.15728643216,6.71616720247,0.000583141289955,0.0203196628206
slow,reverse,2,127,5.13869346734,6.62177143026,0.00055495331133,0.020874616132
slow,reverse,2,128,5.12010050251,6.45533445,0.000499976139762,0.0213745922717
slow,reverse,2,129,5.10150753769,6.25869823025,0.000433769100241,0.021808361372
slow,reverse,2,130,5.08291457286,6.07468187439,0.000372254874431,0.0221806162464
slow,reverse,2,131,5.06432160804,5.88985681145,0.000310439923373,0.0224910561698
slow,reverse,2,132,5.04572864322,5.72436354674,0.000255813681202,0.022746869851
slow,reverse,2,133,5.02713567839,5.52217087873,0.00018754042474,0.0229344102757
slow,reverse,2,134,5.00854271357,5.31926157499,0.00011900068062,0.0230534109563
slow,reverse,2,135,4.98994974874,5.13759271985,5.83593947773e-05,0.0231117703511
slow,reverse,2,136,4.97135678392,4.96862788218,2.44221592859e-06,0.023114212567
slow,reverse,2,137,4.9527638191,4.80904938851,-4.99845636425e-05,0.0230642280034
slow,reverse,2,138,4.93417085427,4.65356768297,-0.000100887914462,0.0229633400889
slow,reverse,2,139,4.91557788945,4.47367006549,-0.000160870549118,0.0228024695398
slow,reverse,2,140,4.89698492462,4.29080922301,-0.000221955086538,0.0225805144533
slow,reverse,2,141,4.8783919598,4.15127188872,-0.00026692937468,0.0223135850786
slow,reverse,2,142,4.85979899497,4.05057153494,-0.000297461770574,0.022016123308
slow,reverse,2,143,4.84120603015,3.94388149173,-0.000330221488166,0.0216859018198
slow,reverse,2,144,4.82261306533,3.83697090117,-0.000363063218339,0.0213228386015
slow,reverse,2,145,4.8040201005,3.73015250102,-0.000395870666648,0.0209269679349
slow,reverse,2,146,4.78542713568,3.69849906943,-0.000400727322631,0.0205262406122
slow,reverse,2,147,4.76683417085,3.70267380879,-0.000392260940172,0.0201339796721
slow,reverse,2,148,4.74824120603,3.74362545228,-0.000370118724014,0.019763860948
slow,reverse,2,149,4.72964824121,3.82658644258,-0.000332354941709,0.0194315060063
slow,reverse,2,150,4.71105527638,3.9130099111,-0.000293303604687,0.0191382024016
slow,reverse,2,151,4.69246231156,3.97314799832,-0.000264026731062,0.0188741756706
slow,reverse,2,152,4.67386934673,4.03333386427,-0.000234732090471,0.0186394435801
slow,reverse,2,153,4.65527638191,4.10945558645,-0.000199511553597,0.0184399320265
slow,reverse,2,154,4.63668341709,4.18824097489,-0.000163300507658,0.0182766315189
slow,reverse,2,155,4.61809045226,4.26924507158,-0.000126264414432,0.0181503671044
slow,reverse,2,156,4.59949748744,4.34555307281,-9.09746079602e-05,0.0180593924965
slow,reverse,2,157,4.58090452261,4.40551460013,-6.17633897749e-05,0.0179976291067
slow,reverse,2,158,4.56231155779,4.4030107827,-5.57804907454e-05,0.0179418486159
slow,reverse,2,159,4.54371859296,4.41031172217,-4.61516017094e-05,0.0178956970142
slow,reverse,2,160,4.52512562814,4.39320229918,-4.55999328868e-05,0.0178500970814
slow,reverse,2,161,4.50653266332,4.34980297007,-5.48244100596e-05,0.0177952726713
slow,reverse,2,162,4.48793969849,4.31898390155,-5.93708003768e-05,0.0177359018709
slow,reverse,2,163,4.46934673367,4.29417239993,-6.16832210977e-05,0.0176742186498
slow,reverse,2,164,4.45075376884,4.25872371908,-6.79511757994e-05,0.017606267474
slow,reverse,2,165,4.43216080402,4.22087259148,-7.51125026599e-05,0.0175311549714
slow,reverse,2,166,4.4135678392,4.19233105149,-7.88119728218e-05,0.0174523429985
slow,reverse,2,167,4.39497487437,4.21063978702,-6.5089732491e-05,0.017387253266
slow,reverse,2,168,4.37638190955,4.25116549096,-4.31059059142e-05,0.0173441473601
slow,reverse,2,169,4.35778894472,4.32186023833,-9.90344007217e-06,0.0173342439201
slow,reverse,2,170,4.3391959799,4.38281353177,1.96765755626e-05,0.0173539204956
slow,reverse,2,171,4.32060301508,4.43097616464,4.45002651579e-05,0.0173984207608
slow,reverse,2,172,4.30201005025,4.47785640676,6.8847085831e-05,0.0174672678466
slow,reverse,2,173,4.28341708543,4.50485202345,8.57996236798e-05,0.0175530674703
slow,reverse,2,174,4.2648241206,4.56607876343,0.000115481322953,0.0176685487932
slow,reverse,2,175,4.24623115578,4.66668107526,0.000159805194672,0.0178283539879
slow,reverse,2,176,4.22763819095,4.74981598705,0.000197633651303,0.0180259876392
slow,reverse,2,177,4.20904522613,4.79055084121,0.000219695252332,0.0182456828915
slow,reverse,2,178,4.19045226131,4.79804755261,0.000229396940979,0.0184750798325
slow,reverse,2,179,4.17185929648,4.78486064049,0.000231407231937,0.0187064870645
slow,reverse,2,180,4.15326633166,4.76526142183,0.000231033047091,0.0189375201116
slow,reverse,2,181,4.13467336683,4.69756851897,0.000212774778676,0.0191502948902
slow,reverse,2,182,4.11608040201,4.63454580314,0.000196253162725,0.019346548053
slow,reverse,2,183,4.09748743719,4.60243781764,0.000191227476643,0.0195377755296
slow,reverse,2,184,4.07889447236,4.55296981075,0.000179746305222,0.0197175218348
slow,reverse,2,185,4.06030150754,4.44479592628,0.000146434807464,0.0198639566423
slow,reverse,2,186,4.04170854271,4.32736018951,0.000109679203828,0.0199736358461
slow,reverse,2,187,4.02311557789,4.21005884284,7.29735743971e-05,0.0200466094205
slow,reverse,2,188,4.00452261307,4.05018340913,2.04363749103e-05,0.0200670457954
slow,reverse,2,189,3.98592964824,3.83809503632,-5.15166913748e-05,0.020015529104
slow,reverse,2,190,3.96733668342,3.6310085214,-0.000121609770305,0.0198939193337
slow,reverse,2,191,3.94874371859,3.48171361747,-0.00017021250143,0.0197237068323
slow,reverse,2,192,3.93015075377,3.45204561182,-0.00017433085832,0.019549375974
slow,reverse,2,193,3.91155778894,3.51541079999,-0.000143853957206,0.0194055220168
slow,reverse,2,194,3.89296482412,3.60272272143,-0.000104472240706,0.0193010497761
slow,reverse,2,195,3.8743718593,3.74197158906,-4.57772879359e-05,0.0192552724881
slow,reverse,2,196,3.85577889447,3.87766299938,1.15947912635e-05,0.0192668672794
slow,reverse,2,197,3.83718592965,4.02757509496,7.42549644797e-05,0.0193411222439
slow,reverse,2,198,3.81859296482,4.15779984149,0.00012959421393,0.0194707164578
slow,reverse,2,199,3.8,4.27061953899,0,0.0194707164578
slow,reverse,3,0,7.5,7.086804164,-0.000150193729477,-0.000150193729477
slow,reverse,3,1,7.48140703518,7.17780908931,-0.000109438735154,-0.00025963246463
slow,reverse,3,2,7.46281407035,7.28068605037,-6.42690139715e-05,-0.000323901478602
slow,reverse,3,3,7.44422110553,7.41209869406,-8.48803392029e-06,-0.000332389512522
slow,reverse,3,4,7.4256281407,7.47556830839,2.20276990331e-05,-0.000310361813489
slow,reverse,3,5,7.40703517588,7.56370515829,6.1716172848e-05,-0.000248645640641
slow,reverse,3,6,7.38844221106,7.66334596525,0.000105682500043,-0.000142963140597
slow,reverse,3,7,7.36984924623,7.74650520842,0.000143520004525,5.56863927789e-07
slow,reverse,3,8,7.35125628141,7.82008872742,0.000177796686952,0.00017835355088
slow,reverse,3,9,7.33266331658,7.87691893558,0.000205843494997,0.000384197045876
slow,reverse,3,10,7.31407035176,7.91664788015,0.000227531039194,0.00061172808507
slow,reverse,3,11,7.29547738693,7.93435812977,0.000241030726977,0.000852758812047
slow,reverse,3,12,7.27688442211,7.93900010305,0.000249670854715,0.00110242966676
slow,reverse,3,13,7.25829145729,7.88939214191,0.000238137640003,0.00134056730677
slow,reverse,3,14,7.23969849246,7.81596375153,0.000217746577235,0.001558313884
slow,reverse,3,15,7.22110552764,7.79037600445,0.000215145502425,0.00177345938643
slow,reverse,3,16,7.20251256281,7.77990653643,0.000218166300232,0.00199162568666
slow,reverse,3,17,7.18391959799,7.74767216136,0.000213093615016,0.00220471930167
slow,reverse,3,18,7.16532663317,7.72123437774,0.000210176446215,0.00241489574789
slow,reverse,3,19,7.14673366834,7.67293300866,0.000199129099909,0.0026140248478
slow,reverse,3,20,7.12814070352,7.63685098338,0.000192625630192,0.00280665047799
slow,reverse,3,21,7.10954773869,7.61700791664,0.000192160768172,0.00299881124616
slow,reverse,3,22,7.09095477387,7.60901568429,0.000196102749095,0.00319491399526
slow,reverse,3,23,7.07236180905,7.54032173027,0.000177472230499,0.00337238622576
slow,reverse,3,24,7.05376884422,7.43108778472,0.000143766539174,0.00351615276493
slow,reverse,3,25,7.0351758794,7.33685222666,0.000115638137669,0.0036317909026
slow,reverse,3,26,7.01658291457,7.25537167221,9.22528028324e-05,0.00372404370543
slow,reverse,3,27,6.99798994975,7.16936239274,6.71834194967e-05,0.00379122712493
slow,reverse,3,28,6.97939698492,7.0972121647,4.72676532764e-05,0.0038384947782
slow,reverse,3,29,6.9608040201,7.00835078946,2.11376916122e-05,0.00385963246982
slow,reverse,3,30,6.94221105528,6.8904733763,-1.57821534964e-05,0.00384385031632
slow,reverse,3,31,6.92361809045,6.79683999087,-4.36866315087e-05,0.00380016368481
slow,reverse,3,32,6.90502512563,6.72678103799,-6.28247376212e-05,0.00373733894719
slow,reverse,3,33,6.8864321608,6.66997245442,-7.70355707244e-05,0.00366030337647
slow,reverse,3,34,6.86783919598,6.63157283704,-8.44008586091e-05,0.00357590251786
slow,reverse,3,35,6.84924623116,6.59114857242,-9.2519030393e-05,0.00348338348746
slow,reverse,3,36,6.83065326633,6.55670992966,-9.84113930408e-05,0.00338497209442
slow,reverse,3,37,6.81206030151,6.55686464253,-9.14398948015e-05,0.00329353219962
slow,reverse,3,38,6.79346733668,6.57362482506,-7.82934983011e-05,0.00321523870132
slow,reverse,3,39,6.77487437186,6.62537221636,-5.21367829567e-05,0.00316310191836
slow,reverse,3,40,6.75628140704,6.67228898539,-2.77763794124e-05,0.00313532553895
slow,reverse,3,41,6.73768844221,6.69477043053,-1.25024782214e-05,0.00312282306073
slow,reverse,3,42,6.71909547739,6.70512377322,-1.73852467408e-06,0.00312108453606
slow,reverse,3,43,6.70050251256,6.68971616813,-5.54019044429e-07,0.00312053051701
slow,reverse,3,44,6.68190954774,6.70050624996,1.03723400154e-05,0.00313090285703
slow,reverse,3,45,6.66331658291,6.74342965265,3.32477731586e-05,0.00316415063019
slow,reverse,3,46,6.64472361809,6.78320339614,5.49519762523e-05,0.00321910260644
slow,reverse,3,47,6.62613065327,6.83280228816,8.03097521626e-05,0.0032994123586
slow,reverse,3,48,6.60753768844,6.87822144421,0.000104113254398,0.003403525613
slow,reverse,3,49,6.58894472362,6.87984143768,0.00011162963085,0.00351515524385
slow,reverse,3,50,6.57035175879,6.89461535866,0.000124037417531,0.00363919266138
slow,reverse,3,51,6.55175879397,6.8531442301,0.00011552995966,0.00375472262104
slow,reverse,3,52,6.53316582915,6.76079937886,8.81046350635e-05,0.0038428272561
slow,reverse,3,53,6.51457286432,6.66289474483,5.86118535489e-05,0.00390143910965
slow,reverse,3,54,6.4959798995,6.58590262972,3.68955866063e-05,0.00393833469626
slow,reverse,3,55,6.47738693467,6.56356693167,3.55038164651e-05,0.00397383851272
slow,reverse,3,56,6.45879396985,6.56378891062,4.25003282179e-05,0.00401633884094
slow,reverse,3,57,6.44020100503,6.59366156407,6.05227189345e-05,0.00407686155988
slow,reverse,3,58,6.4216080402,6.63174294444,8.15976010679e-05,0.00415845916094
slow,reverse,3,59,6.40301507538,6.66246690002,9.99365563907e-05,0.00425839571733
slow,reverse,3,60,6.38442211055,6.67597807996,0.00011187478108,0.00437027049841
slow,reverse,3,61,6.36582914573,6.72469046214,0.000136902900067,0.00450717339848
slow,reverse,3,62,6.3472361809,6.77343425934,0.000161942701019,0.0046691160995
slow,reverse,3,63,6.32864321608,6.80683135135,0.000181275686976,0.00485039178648
slow,reverse,3,64,6.31005025126,6.80388794182,0.0001870951196,0.00503748690608
slow,reverse,3,65,6.29145728643,6.76171361147,0.000178326169605,0.00521581307568
slow,reverse,3,66,6.27286432161,6.72223311781,0.000170558947828,0.00538637202351
slow,reverse,3,67,6.25427135678,6.68274973679,0.000162790652358,0.00554916267587
slow,reverse,3,68,6.23567839196,6.63205666538,0.000150853929305,0.00570001660517
slow,reverse,3,69,6.21708542714,6.56587400342,0.000133157258008,0.00583317386318
slow,reverse,3,70,6.19849246231,6.50647932057,0.000117984759846,0.00595115862303
slow,reverse,3,71,6.17989949749,6.48563699369,0.000117148313657,0.00606830693668
slow,reverse,3,72,6.16130653266,6.44564957129,0.000109192585713,0.0061774995224
slow,reverse,3,73,6.14271356784,6.41812251233,0.000105870359753,0.00628336988215
slow,reverse,3,74,6.12412060302,6.36303960646,9.23012359455e-05,0.00637567111809
slow,reverse,3,75,6.10552763819,6.29814572249,7.50838087272e-05,0.00645075492682
slow,reverse,3,76,6.08693467337,6.2034426323,4.67815510519e-05,0.00649753647787
slow,reverse,3,77,6.06834170854,6.14000401511,3.01052783138e-05,0.00652764175619
slow,reverse,3,78,6.04974874372,6.09608012186,2.06857370916e-05,0.00654832749328
slow,reverse,3,79,6.03115577889,6.06598176342,1.64073495145e-05,0.00656473484279
slow,reverse,3,80,6.01256281407,6.02205670887,6.98737645005e-06,0.00657172221924
slow,reverse,3,81,5.99396984925,5.98735041677,9.95485904537e-07,0.00657271770515
slow,reverse,3,82,5.97537688442,5.97272913048,2.47239149308e-06,0.00657519009664
slow,reverse,3,83,5.9567839196,5.9816311405,1.26966534946e-05,0.00658788675014
slow,reverse,3,84,5.93819095477,6.01987921012,3.38335205738e-05,0.00662172027071
slow,reverse,3,85,5.91959798995,6.06674929452,5.8176564002e-05,0.00667989683471
slow,reverse,3,86,5.90100502513,6.12036563816,8.50282666487e-05,0.00676492510136
slow,reverse,3,87,5.8824120603,6.16124996003,0.000107145448635,0.00687207054999
slow,reverse,3,88,5.86381909548,6.2242389185,0.000137482445237,0.00700955299523
slow,reverse,3,89,5.84522613065,6.25769192679,0.000156836224185,0.00716638921942
slow,reverse,3,90,5.82663316583,6.27854766026,0.00017150558938,0.0073378948088
slow,reverse,3,91,5.80804020101,6.29321136644,0.000183872391661,0.00752176720046
slow,reverse,3,92,5.78944723618,6.33954864778,0.00020801730732,0.00772978450778
slow,reverse,3,93,5.77085427136,6.40881584374,0.0002406889249,0.00797047343268
slow,reverse,3,94,5.75226130653,6.46605957674,0.000268889506,0.00823936293868
slow,reverse,3,95,5.73366834171,6.51738925231,0.000294890889864,0.00853425382854
slow,reverse,3,96,5.71507537688,6.56624018131,0.000319970528773,0.00885422435731
slow,reverse,3,97,5.69648241206,6.620567397,0.000347086575801,0.00920131093312
slow,reverse,3,98,5.67788944724,6.63431697047,0.000359113449335,0.00956042438245
slow,reverse,3,99,5.65929648241,6.63662784065,0.000366886734712,0.00992731111716
slow,reverse,3,100,5.64070351759,6.64818256282,0.000378097432392,0.0103054085496
slow,reverse,3,101,5.62211055276,6.6337883929,0.00037965879331,0.0106850673429
slow,reverse,3,102,5.60351758794,6.56912545187,0.000362527244367,0.0110475945872
slow,reverse,3,103,5.58492462312,6.54823074639,0.000361671320708,0.0114092659079
slow,reverse,3,104,5.56633165829,6.56729479685,0.000375674431919,0.0117849403399
slow,reverse,3,105,5.54773869347,6.55724108929,0.000378849834116,0.012163790174
slow,reverse,3,106,5.52914572864,6.55242660961,0.00038397349191,0.0125477636659
slow,reverse,3,107,5.51055276382,6.57617530158,0.000399718630618,0.0129474822965
slow,reverse,3,108,5.49195979899,6.56358921475,0.000401952344042,0.0133494346405
slow,reverse,3,109,5.47336683417,6.52588684079,0.000394846332603,0.0137442809731
slow,reverse,3,110,5.45477386935,6.47472827906,0.000382736512649,0.0141270174858
slow,reverse,3,111,5.43618090452,6.42644206524,0.000371694801968,0.0144987122878
slow,reverse,3,112,5.4175879397,6.35567799329,0.000352294490776,0.0148510067785
slow,reverse,3,113,5.39899497487,6.29969522689,0.000338390745467,0.015189397524
slow,reverse,3,114,5.38040201005,6.26110819178,0.000330955764557,0.0155203532886
slow,reverse,3,115,5.36180904523,6.26587433124,0.00033964206464,0.0158599953532
slow,reverse,3,116,5.3432160804,6.2361531373,0.000335503929189,0.0161954992824
slow,reverse,3,117,5.32462311558,6.17525225348,0.000319771336197,0.0165152706186
slow,reverse,3,118,5.30603015075,6.12955669533,0.000309692984911,0.0168249636035
slow,reverse,3,119,5.28743718593,6.10471040531,0.000307367627803,0.0171323312313
slow,reverse,3,120,5.26884422111,6.08087072923,0.000305416589447,0.0174377478208
slow,reverse,3,121,5.25025125628,6.0639220685,0.000306028039208,0.01774377586
slow,reverse,3,122,5.23165829146,6.06756543123,0.00031429682433,0.0180580726843
slow,reverse,3,123,5.21306532663,6.03778659501,0.000310137254064,0.0183682099384
slow,reverse,3,124,5.19447236181,5.96832656948,0.000291221864656,0.018659431803
slow,reverse,3,125,5.17587939698,5.89079369716,0.000269304512116,0.0189287363151
slow,reverse,3,126,5.15728643216,5.83266359095,0.000254602258536,0.0191833385737
slow,reverse,3,127,5.13869346734,5.79702654043,0.000248264256821,0.0194316028305
slow,reverse,3,128,5.12010050251,5.76588688225,0.000243598652258,0.0196752014827
slow,reverse,3,129,5.10150753769,5.73632852742,0.000239521070042,0.0199147225528
slow,reverse,3,130,5.08291457286,5.68965966765,0.0002290807875,0.0201438033403
slow,reverse,3,131,5.06432160804,5.63176986925,0.000214467894614,0.0203582712349
slow,reverse,3,132,5.04572864322,5.56054353959,0.000194895688595,0.0205531669235
slow,reverse,3,133,5.02713567839,5.4993530269,0.000179055394411,0.0207322223179
slow,reverse,3,134,5.00854271357,5.45134131051,0.00016811575815,0.0209003380761
slow,reverse,3,135,4.98994974874,5.3969492646,0.000154803537044,0.0210551416131
slow,reverse,3,136,4.97135678392,5.32231452253,0.000133963881183,0.0211891054943
slow,reverse,3,137,4.9527638191,5.2553362954,0.000115971371583,0.0213050768659
slow,reverse,3,138,4.93417085427,5.15859696326,8.691191841e-05,0.0213919887843
slow,reverse,3,139,4.91557788945,5.05069618447,5.37019775388e-05,0.0214456907618
slow,reverse,3,140,4.89698492462,4.96235085406,2.77639119451e-05,0.0214734546738
slow,reverse,3,141,4.8783919598,4.89722058995,1.04585845697e-05,0.0214839132583
slow,reverse,3,142,4.85979899497,4.84043911283,-3.74216874543e-06,0.0214801710896
slow,reverse,3,143,4.84120603015,4.76431736971,-2.51347797692e-05,0.0214550363098
slow,reverse,3,144,4.82261306533,4.66356005307,-5.56883578315e-05,0.021399347952
slow,reverse,3,145,4.8040201005,4.51649219487,-0.000103462941298,0.0212958850107
slow,reverse,3,146,4.78542713568,4.37172189919,-0.000150383154781,0.0211455018559
slow,reverse,3,147,4.76683417085,4.24488761146,-0.000190633696966,0.0209548681589
slow,reverse,3,148,4.74824120603,4.09591820999,-0.000239115386976,0.020715752772
slow,reverse,3,149,4.72964824121,3.96288723939,-0.000281670223296,0.0204340825487
slow,reverse,3,150,4.71105527638,3.86920121946,-0.00030959427394,0.0201244882747
slow,reverse,3,151,4.69246231156,3.75993010677,-0.000343313786208,0.0197811744885
slow,reverse,3,152,4.67386934673,3.690558208,-0.000362196404863,0.0194189780837
slow,reverse,3,153,4.65527638191,3.63897217733,-0.000374465183119,0.0190445129005
slow,reverse,3,154,4.63668341709,3.62960954745,-0.000371032797259,0.0186734801033
slow,reverse,3,155,4.61809045226,3.64959805774,-0.000356685917064,0.0183167941862
slow,reverse,3,156,4.59949748744,3.70852400368,-0.000327859789447,0.0179889343968
slow,reverse,3,157,4.58090452261,3.77818082963,-0.000295043284333,0.0176938911124
slow,reverse,3,158,4.56231155779,3.90229735439,-0.000241975433934,0.0174519156785
slow,reverse,3,159,4.54371859296,4.0176213011,-0.000192177185425,0.0172597384931
slow,reverse,3,160,4.52512562814,4.14289496654,-0.000138679041507,0.0171210594516
slow,reverse,3,161,4.50653266332,4.25497589934,-9.00867378685e-05,0.0170309727137
slow,reverse,3,162,4.48793969849,4.37181905384,-3.97235578188e-05,0.0169912491559
slow,reverse,3,163,4.46934673367,4.46781854661,2.88871284539e-06,0.0169941378687
slow,reverse,3,164,4.45075376884,4.55081543359,4.06658436669e-05,0.0170348037124
slow,reverse,3,165,4.43216080402,4.63006874839,7.70508923729e-05,0.0171118546048
slow,reverse,3,166,4.4135678392,4.65414097138,9.29163390977e-05,0.0172047709439
slow,reverse,3,167,4.39497487437,4.62793999528,9.00872293771e-05,0.0172948581732
slow,reverse,3,168,4.37638190955,4.56506638707,7.36210604787e-05,0.0173684792337
slow,reverse,3,169,4.35778894472,4.49059883725,5.28435766111e-05,0.0174213228103
slow,reverse,3,170,4.3391959799,4.45617210171,4.69556417723e-05,0.0174682784521
slow,reverse,3,171,4.32060301508,4.44587323276,5.00398784279e-05,0.0175183183305
slow,reverse,3,172,4.30201005025,4.41547411218,4.56496496553e-05,0.0175639679802
slow,reverse,3,173,4.28341708543,4.34814938435,2.75282905461e-05,0.0175914962707
slow,reverse,3,174,4.2648241206,4.27631482372,7.7299081857e-06,0.0175992261789
slow,reverse,3,175,4.24623115578,4.20046577733,-1.3561298022e-05,0.0175856648809
slow,reverse,3,176,4.22763819095,4.11608916293,-3.80235596741e-05,0.0175476413212
slow,reverse,3,177,4.20904522613,4.02441796614,-6.51983796005e-05,0.0174824429416
slow,reverse,3,178,4.19045226131,3.96404630113,-8.07341776628e-05,0.017401708764
slow,reverse,3,179,4.17185929648,3.94783754643,-7.98475869635e-05,0.017321861177
slow,reverse,3,180,4.15326633166,3.93010247798,-7.95285702189e-05,0.0172423326068
slow,reverse,3,181,4.13467336683,3.9134475109,-7.88079077418e-05,0.017163524699
slow,reverse,3,182,4.11608040201,3.8924478752,-7.97028506807e-05,0.0170838218484
slow,reverse,3,183,4.09748743719,3.87759081679,-7.83136191498e-05,0.0170055082292
slow,reverse,3,184,4.07889447236,3.87145922386,-7.36797421654e-05,0.016931828487
slow,reverse,3,185,4.06030150754,3.87028093881,-6.72039315958e-05,0.0168646245554
slow,reverse,3,186,4.04170854271,3.85259648147,-6.6866094641e-05,0.0167977584608
slow,reverse,3,187,4.02311557789,3.8916193268,-4.54411200106e-05,0.0167523173408
slow,reverse,3,188,4.00452261307,3.96295307323,-1.20010364273e-05,0.0167403163044
slow,reverse,3,189,3.98592964824,4.07051801955,3.49119556546e-05,0.01677522826
slow,reverse,3,190,3.96733668342,4.17172032183,7.94589394014e-05,0.0168546871994
slow,reverse,3,191,3.94874371859,4.28476231932,0.00012840862388,0.0169830958233
slow,reverse,3,192,3.93015075377,4.43730902782,0.000192048502405,0.0171751443257
slow,reverse,3,193,3.91155778894,4.59644347979,0.00025813809458,0.0174332824203
slow,reverse,3,194,3.89296482412,4.74482745455,0.000320230021861,0.0177535124421
slow,reverse,3,195,3.8743718593,4.83792965418,0.000361764907136,0.0181152773493
slow,reverse,3,196,3.85577889447,4.81908965331,0.000361673044485,0.0184769503938
slow,reverse,3,197,3.83718592965,4.7873359655,0.000356779107294,0.0188337295011
slow,reverse,3,198,3.81859296482,4.73525820021,0.000344327472948,0.019178056974
slow,reverse,3,199,3.8,4.67080128221,0,0.019178056974
