{
  "argon_rdf_pmf": {
    "atom_count": 108,
    "finite_pmf_bins": 52,
    "frame_count": 551,
    "gpu_blocking_reason": "target device requests CUDA/GPU, but generated artifact runtime was jax:cpu;devices:cpu",
    "masked_low_rdf_bins": 32,
    "max_block_pmf_sem": 0.02904577494140013,
    "max_replica_pmf_std": 0.061596542439163675,
    "mean_block_pmf_sem": 0.008447618047247389,
    "mean_replica_pmf_std": 0.010907462418098035,
    "number_density": 0.85,
    "pmf_barrier_height": 1.6428833417866573,
    "pmf_minimum_radius": 1.125,
    "pmf_minimum_value": 0.0,
    "production_gpu_ready": false,
    "rdf_first_peak_radius": 1.125,
    "rdf_first_peak_value": 3.01124983152954,
    "runtime_device": "jax:cpu;devices:cpu",
    "support_threshold_finite_bins": [
      53,
      52,
      52
    ],
    "support_threshold_minimum_radii": [
      1.125,
      1.125,
      1.125
    ],
    "support_threshold_pmf_ranges": [
      2.997867501609803,
      1.6428833417866573,
      1.6428833417866573
    ],
    "support_threshold_range_span": 1.3549841598231456,
    "support_thresholds": [
      0.02,
      0.05,
      0.1
    ],
    "target_device": "cuda_or_cpu_fallback",
    "target_requests_gpu": true,
    "temperature": 0.7,
    "uncertainty_block_count": 4,
    "uncertainty_replica_count": 3
  },
  "bias_center": 0.9,
  "bias_strength": 2.0,
  "bins": [
    {
      "barrier_error": -0.014633240013341431,
      "barrier_height": 0.9853667599866586,
      "bin_width": 0.06,
      "bins": 84,
      "bootstrap_barrier_standard_error": 0.03198591685747835,
      "occupied_bins": 65,
      "rmse_vs_true": 0.17070805036123415
    },
    {
      "barrier_error": -0.023895451397889844,
      "barrier_height": 0.9761045486021102,
      "bin_width": 0.18,
      "bins": 28,
      "bootstrap_barrier_standard_error": 0.016639812435214136,
      "occupied_bins": 23,
      "rmse_vs_true": 0.36645446042875934
    },
    {
      "barrier_error": -0.08477620960047005,
      "barrier_height": 0.91522379039953,
      "bin_width": 0.35,
      "bins": 15,
      "bootstrap_barrier_standard_error": 0.017385305791899036,
      "occupied_bins": 12,
      "rmse_vs_true": 0.5906367378809873
    }
  ],
  "config_sha256": "7d98bc849d66ecd7769dca29ede00e593774fd47e4b1c2854ef4e7b428ed6703",
  "domain_max": 2.5,
  "domain_min": -2.5,
  "post": "08",
  "profile": "full",
  "rdf_pmf_barrier_height": 1.7050866181659299,
  "rdf_pmf_minimum_radius": 1.200418410041841,
  "reweighted_barrier_error": 0.1228803891966257,
  "reweighted_barrier_height": 1.1228803891966257,
  "sample_count": 80000,
  "seed": 2026071408,
  "temperature": 1.0,
  "true_barrier_height": 1.0
}
