{
  "argon_trajectory": {
    "atom_count": 108,
    "coordination_block_standard_error": 0.03537336527166774,
    "coordination_cutoff": 1.45,
    "coordination_number": 11.655481602089955,
    "coordination_relative_standard_error": 0.0030349123682135034,
    "frame_count": 551,
    "number_density": 0.85,
    "rdf_first_peak_radius": 1.095,
    "rdf_first_peak_value": 3.021144703396483,
    "temperature": 0.7,
    "vacf_first_zero_lag": 4,
    "vacf_lag1_autocorrelation": 0.7997626737115738,
    "vacf_normalized_integral": 0.018046003263717525
  },
  "config_sha256": "ae9b991dee64e91d1779bfa8200fffa4f1b6bf35abff3fccd8a6ace67b9e386c",
  "displacement_sigma": 0.1,
  "number_density": 0.021,
  "post": "07",
  "profile": "full",
  "rdf_bin_width": 0.05,
  "rdf_max_radius": 8.0,
  "sample_every": 1,
  "seed": 2026071407,
  "systems": [
    {
      "atom_count": 32,
      "cell_length": 11.507391653295759,
      "coordination_block_standard_error": 0.00041810741658424326,
      "coordination_cutoff": 4.6,
      "coordination_number": 11.998980725882339,
      "coordination_relative_standard_error": 3.484524445333651e-05,
      "finite_size_shell_fraction": 1.39041065795458,
      "frame_count": 360,
      "number_density": 0.021,
      "rdf_first_peak_radius": 4.075,
      "rdf_first_peak_value": 7.757117511006622,
      "repetitions": 2,
      "system": "small_cell"
    },
    {
      "atom_count": 256,
      "cell_length": 23.014783306591518,
      "coordination_block_standard_error": 5.82301331877037e-05,
      "coordination_cutoff": 4.6,
      "coordination_number": 11.99880712337814,
      "coordination_relative_standard_error": 4.852993517518065e-06,
      "finite_size_shell_fraction": 0.69520532897729,
      "frame_count": 360,
      "number_density": 0.021,
      "rdf_first_peak_radius": 4.075,
      "rdf_first_peak_value": 7.666294263335618,
      "repetitions": 4,
      "system": "large_cell"
    }
  ],
  "vacf": {
    "correlation_time_input": 12.0,
    "first_zero_lag": 68,
    "lag1_autocorrelation": 0.9209906119041723,
    "max_lag": 90,
    "normalized_integral": 12.036489987867178,
    "system": "large_cell"
  }
}
