{
  "argon_trajectory": {
    "atom_count": 108,
    "coordination_block_standard_error": 0.030055183447317606,
    "coordination_cutoff": 1.45,
    "coordination_number": 11.655481602089955,
    "coordination_relative_standard_error": 0.002578630765624338,
    "coordination_replica_max": 11.698365216194265,
    "coordination_replica_min": 11.600600018185911,
    "coordination_replica_standard_error": 0.02829313477003499,
    "frame_count": 551,
    "gpu_blocking_reason": "target device requests CUDA/GPU, but generated artifact runtime was jax:cpu;devices:cpu",
    "max_rdf_replica_std": 0.05092733709807738,
    "max_vacf_replica_std": 0.019083293100295495,
    "mean_rdf_replica_std": 0.01050357350467306,
    "mean_vacf_replica_std": 0.00501188264309433,
    "number_density": 0.85,
    "production_gpu_ready": false,
    "rdf_first_peak_radius": 1.095,
    "rdf_first_peak_radius_replica_std": 0.017320508075688787,
    "rdf_first_peak_value": 3.021144703396483,
    "rdf_first_peak_value_replica_std": 0.018813132994856912,
    "runtime_device": "jax:cpu;devices:cpu",
    "target_device": "cuda_or_cpu_fallback",
    "target_requests_gpu": true,
    "temperature": 0.7,
    "uncertainty_block_count": 4,
    "uncertainty_replica_count": 3,
    "vacf_first_zero_lag": 4,
    "vacf_integral_replica_max": 0.020984735725791293,
    "vacf_integral_replica_min": -0.016547857491124418,
    "vacf_integral_replica_standard_error": 0.01205097253796811,
    "vacf_lag1_autocorrelation": 0.7997626737115738,
    "vacf_normalized_integral": 0.018046003263717525
  },
  "config_sha256": "4dae2edac859bdc8af1b6bb86997b0d5a2e5729cc806c170f4a2067f6c2b0f9e",
  "displacement_sigma": 0.1,
  "number_density": 0.021,
  "post": "07",
  "profile": "full",
  "rdf_bin_width": 0.05,
  "rdf_max_radius": 8.0,
  "sample_every": 1,
  "seed": 2026071407,
  "systems": [
    {
      "atom_count": 32,
      "cell_length": 11.507391653295759,
      "coordination_block_standard_error": 0.00041810741658424326,
      "coordination_cutoff": 4.6,
      "coordination_number": 11.998980725882339,
      "coordination_relative_standard_error": 3.484524445333651e-05,
      "finite_size_shell_fraction": 1.39041065795458,
      "frame_count": 360,
      "number_density": 0.021,
      "rdf_first_peak_radius": 4.075,
      "rdf_first_peak_value": 7.757117511006622,
      "repetitions": 2,
      "system": "small_cell"
    },
    {
      "atom_count": 256,
      "cell_length": 23.014783306591518,
      "coordination_block_standard_error": 5.82301331877037e-05,
      "coordination_cutoff": 4.6,
      "coordination_number": 11.99880712337814,
      "coordination_relative_standard_error": 4.852993517518065e-06,
      "finite_size_shell_fraction": 0.69520532897729,
      "frame_count": 360,
      "number_density": 0.021,
      "rdf_first_peak_radius": 4.075,
      "rdf_first_peak_value": 7.666294263335618,
      "repetitions": 4,
      "system": "large_cell"
    }
  ],
  "vacf": {
    "correlation_time_input": 12.0,
    "first_zero_lag": 68,
    "lag1_autocorrelation": 0.9209906119041723,
    "max_lag": 90,
    "normalized_integral": 12.036489987867178,
    "system": "large_cell"
  }
}
