{
  "atom_count": 500,
  "center_of_mass_speed": 9.35109305913735e-19,
  "chemical_formula": "Ar500",
  "config_sha256": "97f10e793ad6e7993963660d5886b2b34251f12f53bcba4e5bcb9f629fbc54e3",
  "instantaneous_temperature_k": 90.89870854463463,
  "kinetic_energy_ev": 5.8747814906665905,
  "number_density": 0.021300000000000034,
  "post": "01",
  "profile": "full",
  "seed": 2026071401,
  "target_temperature_k": 94.4,
  "volume": 23474.178403755832
}
